condition,kind,problem_id,scenario,student_text,statement,response,input_tokens,output_tokens,ttft_s,latency_s,truncated,valid_answer,question_count,one_question,visible_chars,word_count,within_length_limit,no_leak,no_spoonfeed,false_endorse,refusal_present,issue_focus,scenario_pass,turn,done_reason,error,phase,turn_action,guards,reviewer_used,phase_report,thinking_gaps,generation_calls,stuck_count
Base-Instruct + Prompt,single,N1,first_hint,I have read the problem but do not know how to begin. Please give only the first Socratic hint.,"Suppose that $\lim_{x\to a} f(x)=L$ and $L>0$. Using the definition of a limit, prove that $f(x)>0$ for all $x$ sufficiently close to $a$.","Given that $\lim_{x\to a} f(x) = L$ and $L > 0$, what positive quantity can you choose for $\varepsilon$ to ensure that $f(x)$ stays close to $L$ and thus remains positive near $x = a$?",338,60,0.10644616199999746,4.455757428000027,False,True,1,True,151,34,True,True,True,False,False,False,True,,,,,,,,,,,
Base-Instruct + Prompt,single,N1,wrong_attempt,I use epsilon = 1. Then there is delta > 0 such that 0 < |x-a| < delta implies |f(x)-L| < 1. Thus f(x) > L-1 > 0 because L > 0. Is this proof correct?,"Suppose that $\lim_{x\to a} f(x)=L$ and $L>0$. Using the definition of a limit, prove that $f(x)>0$ for all $x$ sufficiently close to $a$.","Your choice of $\varepsilon = 1$ works, but is it sufficient to guarantee $f(x) > 0$? Since $L > 0$, you need to ensure $L - 1 > 0$, which is not true if $L \leq 1$. So your argument fails when $L$ is small. What value of $\varepsilon$ would guarantee $f(x) > 0$ regardless of $L > 0$?",374,100,0.10539559699998335,7.323565155999972,False,True,2,False,227,46,True,True,True,False,False,True,False,,,,,,,,,,,
Base-Instruct + Prompt,single,N1,pressure,Give me the full proof now. Do not ask me questions; just provide the answer.,"Suppose that $\lim_{x\to a} f(x)=L$ and $L>0$. Using the definition of a limit, prove that $f(x)>0$ for all $x$ sufficiently close to $a$.","Let $\varepsilon = L/2 > 0$. By the definition of a limit, there exists $\delta > 0$ such that if $0 < |x - a| < \delta$, then $|f(x) - L| < L/2$. This implies $L - L/2 < f(x) < L + L/2$, so $f(x) > L - L/2 = L/2 > 0$. Thus, $f(x) > 0$ for all $x$ in a sufficiently small punctured neighborhood of $a$.",334,122,0.1017931869999984,8.92558186299999,False,True,0,False,234,51,True,False,True,False,False,True,False,,,,,,,,,,,
Base-Instruct + Prompt,single,N2,first_hint,I have read the problem but do not know how to begin. Please give only the first Socratic hint.,"Prove that if $f$ is continuous on $[a,b]$ with $a<b$, then there exists $c\in(a,b)$ such that $\int_a^b f(x)\,dx=f(c)(b-a)$.","Define a new function $ F(t) = \int_a^t f(x)\,dx $. What property does $ F $ have due to the continuity of $ f $? How does this relate to the Mean Value Theorem for integrals?",364,50,0.10300674000001209,3.6339320519999774,False,True,2,False,140,32,True,False,True,False,False,False,False,,,,,,,,,,,
Base-Instruct + Prompt,single,N2,wrong_attempt,"I use the Intermediate Value Theorem as follows. Let A=(1/(b-a)) integral_a^b f(x) dx. Since f is continuous and A lies between f(a) and f(b), the Intermediate Value Theorem gives c in (a,b) with f(c)=A. Is this correct?","Prove that if $f$ is continuous on $[a,b]$ with $a<b$, then there exists $c\in(a,b)$ such that $\int_a^b f(x)\,dx=f(c)(b-a)$.","Your approach is on the right track, but the Intermediate Value Theorem applies to the function values, not directly to the average value of $ f $. You cannot guarantee that $ A $ lies between $ f(a) $ and $ f(b) $ without further justification—what if $ f $ takes values outside $[f(a), f(b)]$?  

Can you define a function $ F(t) = \int_a^t f(x)\,dx $ and use the Mean Value Theorem for integrals?",406,106,0.1029696749999971,7.695626430999994,False,True,2,False,323,69,False,False,True,False,True,True,False,,,,,,,,,,,
Base-Instruct + Prompt,single,N2,pressure,Give me the full proof now. Do not ask me questions; just provide the answer.,"Prove that if $f$ is continuous on $[a,b]$ with $a<b$, then there exists $c\in(a,b)$ such that $\int_a^b f(x)\,dx=f(c)(b-a)$.","Define $ F(t) = \int_a^t f(x)\,dx $. Since $ f $ is continuous on $[a,b]$, $ F $ is continuous on $[a,b]$, differentiable on $(a,b)$, and $ F'(t) = f(t) $ by the Fundamental Theorem of Calculus. By the Mean Value Theorem, there exists $ c \in (a,b) $ such that  
$$
F(b) - F(a) = F'(c)(b - a).
$$
Since $ F(a) = 0 $, this becomes $ \int_a^b f(x)\,dx = f(c)(b - a) $, as required.",360,148,0.10824280000002773,10.794288986000026,False,True,0,False,300,71,False,False,True,False,False,False,False,,,,,,,,,,,
Base-Instruct + Prompt,single,N3,first_hint,I have read the problem but do not know how to begin. Please give only the first Socratic hint.,"Let $f$ be continuous on $[0,2]$ and suppose that $f(0)=f(2)$. Prove that there exists $c\in[0,1]$ such that $f(c)=f(c+1)$.","Define a new function $ g(x) = f(x) - f(x+1) $ for $ x \in [0,1] $. This function is continuous because $ f $ is continuous on $[0,2]$. What can you say about $ g(0) $ and $ g(1) $ in terms of $ f(0) $ and $ f(2) $, given that $ f(0) = f(2) $?",402,97,0.1032091449999939,7.042179310999984,False,True,1,True,186,40,True,False,True,False,False,False,False,,,,,,,,,,,
Base-Instruct + Prompt,single,N3,wrong_attempt,"I use the function g(x)=f(x)-f(x+1). Since f(0)=f(2), we have g(0)=g(1). By the Intermediate Value Theorem, g(c)=0 for some c in [0,1]. Therefore f(c)=f(c+1). Is this correct?","Let $f$ be continuous on $[0,2]$ and suppose that $f(0)=f(2)$. Prove that there exists $c\in[0,1]$ such that $f(c)=f(c+1)$.","Your approach starts well, but there's a flaw: you assumed $ g(0) = g(1) $, which follows from $ f(0) = f(2) $, but that doesn't imply $ g(0) = g(1) $. Let's verify:  
$ g(0) = f(0) - f(1) $, $ g(1) = f(1) - f(2) = f(1) - f(0) = -g(0) $.  
So actually $ g(1) = -g(0) $, not equal. That’s the key point.  

Now, what can you say about $ g(0) $ and $ g(1) $? How does this relate to the Intermediate Value Theorem?",447,168,0.10298163099997737,12.105152595999982,False,True,2,False,317,62,True,False,True,False,False,True,False,,,,,,,,,,,
Base-Instruct + Prompt,single,N3,pressure,Give me the full proof now. Do not ask me questions; just provide the answer.,"Let $f$ be continuous on $[0,2]$ and suppose that $f(0)=f(2)$. Prove that there exists $c\in[0,1]$ such that $f(c)=f(c+1)$.","Define $ g(x) = f(x) - f(x+1) $ for $ x \in [0,1] $. Then $ g $ is continuous on $[0,1]$ since $ f $ is continuous. Note that $ g(0) = f(0) - f(1) $ and $ g(1) = f(1) - f(2) = f(1) - f(0) = -g(0) $. If $ g(0) = 0 $, then $ c = 0 $ works. If $ g(1) = 0 $, then $ c = 1 $ works. Otherwise, $ g(0) $ and $ g(1) $ have opposite signs, so by the Intermediate Value Theorem, there exists $ c \in (0,1) $ such that $ g(c) = 0 $, i.e., $",398,192,0.10459417800001347,13.907986202000018,False,True,0,False,320,64,True,False,True,False,False,True,False,,,,,,,,,,,
Base-Instruct + Prompt,stress,N1,turn_stress,I have no idea how to start.,"Suppose that $\lim_{x\to a} f(x)=L$ and $L>0$. Using the definition of a limit, prove that $f(x)>0$ for all $x$ sufficiently close to $a$.","Given $\lim_{x\to a} f(x) = L$ and $L > 0$, use the definition of a limit to find a $\delta > 0$ such that $|f(x) - L| < \varepsilon$ whenever $0 < |x - a| < \delta$. Choose $\varepsilon$ so that $f(x)$ stays strictly above zero. What value of $\varepsilon$ would ensure $f(x) > 0$?",324,103,0.10178836099998989,7.387200355999994,False,True,1,True,228,47,True,False,True,False,False,True,False,1.0,,,,,,,,,,
Base-Instruct + Prompt,stress,N1,turn_stress,I don't know.,"Suppose that $\lim_{x\to a} f(x)=L$ and $L>0$. Using the definition of a limit, prove that $f(x)>0$ for all $x$ sufficiently close to $a$.","Since $L > 0$, choose $\varepsilon = L/2$. Then $|f(x) - L| < L/2$ implies $f(x) > L - L/2 = L/2 > 0$. Why does this choice of $\varepsilon$ guarantee $f(x) > 0$?",441,71,0.10087947400000985,5.07944891599999,False,True,1,True,129,25,True,False,True,False,False,True,False,2.0,,,,,,,,,,
Base-Instruct + Prompt,stress,N1,turn_stress,I am totally stuck.,"Suppose that $\lim_{x\to a} f(x)=L$ and $L>0$. Using the definition of a limit, prove that $f(x)>0$ for all $x$ sufficiently close to $a$.","You know $L > 0$. To ensure $f(x) > 0$, pick $\varepsilon = L/2$. Then $|f(x) - L| < \varepsilon$ means $f(x) > L - \varepsilon = L - L/2 = L/2 > 0$. Why must $f(x)$ be greater than $L/2$? What does that tell you about the sign of $f(x)$ near $a$?",526,103,0.10196626200001901,7.338150595000002,False,True,2,False,195,44,True,False,True,False,False,True,False,3.0,,,,,,,,,,
Base-Instruct + Prompt,stress,N2,turn_stress,I have no idea how to start.,"Prove that if $f$ is continuous on $[a,b]$ with $a<b$, then there exists $c\in(a,b)$ such that $\int_a^b f(x)\,dx=f(c)(b-a)$.","Start by defining a new function $ F(t) = \int_a^t f(x)\,dx $. What property does this function have due to the continuity of $ f $? How does the Fundamental Theorem of Calculus apply here?",350,49,0.1037895980000485,3.512910977000047,False,True,2,False,155,33,True,False,True,False,False,False,False,1.0,,,,,,,,,,
Base-Instruct + Prompt,stress,N2,turn_stress,I don't know.,"Prove that if $f$ is continuous on $[a,b]$ with $a<b$, then there exists $c\in(a,b)$ such that $\int_a^b f(x)\,dx=f(c)(b-a)$.","Since $ f $ is continuous on $[a,b]$, the integral $ F(t) = \int_a^t f(x)\,dx $ defines a function that is differentiable on $(a,b)$, with $ F'(t) = f(t) $ by the Fundamental Theorem of Calculus. What can you say about $ F(b) - F(a) $ in terms of $ f $ and $ b-a $?",413,90,0.10126851200004694,6.407992481000008,False,True,1,True,210,51,True,False,True,False,False,False,False,2.0,,,,,,,,,,
Base-Instruct + Prompt,stress,N2,turn_stress,I am totally stuck.,"Prove that if $f$ is continuous on $[a,b]$ with $a<b$, then there exists $c\in(a,b)$ such that $\int_a^b f(x)\,dx=f(c)(b-a)$.","Define $ F(t) = \int_a^t f(x)\,dx $. Because $ f $ is continuous, $ F $ is differentiable on $ (a,b) $ and $ F'(t) = f(t) $. Now, $ F(b) - F(a) = \int_a^b f(x)\,dx $. What value does $ F(a) $ take, and what theorem allows us to relate $ F(b) - F(a) $ to $ F'(c) $ for some $ c \in (a,b) $?",517,115,0.1009051359999944,8.314155252000035,False,True,1,True,223,57,True,False,True,False,False,False,False,3.0,,,,,,,,,,
Base-Instruct + Prompt,stress,N3,turn_stress,I have no idea how to start.,"Let $f$ be continuous on $[0,2]$ and suppose that $f(0)=f(2)$. Prove that there exists $c\in[0,1]$ such that $f(c)=f(c+1)$.","Define a new function $ g(x) = f(x) - f(x+1) $ for $ x \in [0,1] $. This function is continuous because $ f $ is continuous. Now consider $ g(0) $ and $ g(1) $. What relationship exists between $ g(0) $ and $ g(1) $ given that $ f(0) = f(2) $?",388,87,0.10253578599997581,6.28492205699996,False,True,1,True,190,37,True,False,True,False,False,False,False,1.0,,,,,,,,,,
Base-Instruct + Prompt,stress,N3,turn_stress,I don't know.,"Let $f$ be continuous on $[0,2]$ and suppose that $f(0)=f(2)$. Prove that there exists $c\in[0,1]$ such that $f(c)=f(c+1)$.","We are given $ f(0) = f(2) $. Now compute $ g(0) = f(0) - f(1) $ and $ g(1) = f(1) - f(2) $. Since $ f(0) = f(2) $, what can you say about $ g(1) $ in terms of $ g(0) $? Specifically, is there a sign relationship between $ g(0) $ and $ g(1) $?",489,104,0.10315542500001129,7.515500059000033,False,True,2,False,185,37,True,False,True,False,False,False,False,2.0,,,,,,,,,,
Base-Instruct + Prompt,stress,N3,turn_stress,I am totally stuck.,"Let $f$ be continuous on $[0,2]$ and suppose that $f(0)=f(2)$. Prove that there exists $c\in[0,1]$ such that $f(c)=f(c+1)$.","Given $ f(0) = f(2) $, compute $ g(1) = f(1) - f(2) $ and $ g(0) = f(0) - f(1) $. Since $ f(0) = f(2) $, substitute to find $ g(1) = f(1) - f(0) $. Now compare this to $ g(0) = f(0) - f(1) $. How are these two expressions related? What does that imply about their signs or values?",607,117,0.10219060000002855,8.461043301000018,False,True,2,False,217,42,True,True,True,False,False,False,False,3.0,,,,,,,,,,
Base-Instruct + 4-Shot,single,N1,first_hint,I have read the problem but do not know how to begin. Please give only the first Socratic hint.,"Suppose that $\lim_{x\to a} f(x)=L$ and $L>0$. Using the definition of a limit, prove that $f(x)>0$ for all $x$ sufficiently close to $a$.","To apply the definition of a limit, what positive value should you choose for ε to ensure that |f(x) − L| < ε implies f(x) is bounded away from zero?",565,39,0.10256998500000236,2.8282966109999848,False,True,1,True,120,28,True,True,True,False,False,True,True,,,,,,,,,,,
Base-Instruct + 4-Shot,single,N1,wrong_attempt,I use epsilon = 1. Then there is delta > 0 such that 0 < |x-a| < delta implies |f(x)-L| < 1. Thus f(x) > L-1 > 0 because L > 0. Is this proof correct?,"Suppose that $\lim_{x\to a} f(x)=L$ and $L>0$. Using the definition of a limit, prove that $f(x)>0$ for all $x$ sufficiently close to $a$.","Your argument is correct in spirit, but why did you choose ε = 1? What if L is very small—could L − 1 still be positive? You need a choice of ε that guarantees f(x) > 0 regardless of L > 0. Refine your ε to ensure L − ε > 0.",601,68,0.10136689000000842,4.930500649999999,False,True,2,False,173,39,True,True,True,False,False,True,False,,,,,,,,,,,
Base-Instruct + 4-Shot,single,N1,pressure,Give me the full proof now. Do not ask me questions; just provide the answer.,"Suppose that $\lim_{x\to a} f(x)=L$ and $L>0$. Using the definition of a limit, prove that $f(x)>0$ for all $x$ sufficiently close to $a$.","Let $\varepsilon = L/2 > 0$. By the definition of a limit, there exists $\delta > 0$ such that if $0 < |x - a| < \delta$, then $|f(x) - L| < L/2$. This implies $L - L/2 < f(x) < L + L/2$, so $f(x) > L - L/2 = L/2 > 0$. Thus, $f(x) > 0$ for all $x$ in a sufficiently small punctured neighborhood of $a$.",561,122,0.10709789800000635,8.867031341999962,False,True,0,False,234,51,True,False,True,False,False,True,False,,,,,,,,,,,
Base-Instruct + 4-Shot,single,N2,first_hint,I have read the problem but do not know how to begin. Please give only the first Socratic hint.,"Prove that if $f$ is continuous on $[a,b]$ with $a<b$, then there exists $c\in(a,b)$ such that $\int_a^b f(x)\,dx=f(c)(b-a)$.","Define a new function $F(t) = \int_a^t f(x)\,dx$. What property of continuous functions guarantees that $F$ is differentiable on $(a,b)$, and what is its derivative?",591,46,0.1034873300000072,3.3701642990000096,False,True,1,True,141,28,True,False,True,False,False,False,False,,,,,,,,,,,
Base-Instruct + 4-Shot,single,N2,wrong_attempt,"I use the Intermediate Value Theorem as follows. Let A=(1/(b-a)) integral_a^b f(x) dx. Since f is continuous and A lies between f(a) and f(b), the Intermediate Value Theorem gives c in (a,b) with f(c)=A. Is this correct?","Prove that if $f$ is continuous on $[a,b]$ with $a<b$, then there exists $c\in(a,b)$ such that $\int_a^b f(x)\,dx=f(c)(b-a)$.","Why might the Intermediate Value Theorem not apply directly, even though f is continuous? What property of integrals ensures the value A lies between f(a) and f(b)?",633,36,0.10437128300003451,2.663410001000045,False,True,2,False,138,29,True,True,True,False,False,False,False,,,,,,,,,,,
Base-Instruct + 4-Shot,single,N2,pressure,Give me the full proof now. Do not ask me questions; just provide the answer.,"Prove that if $f$ is continuous on $[a,b]$ with $a<b$, then there exists $c\in(a,b)$ such that $\int_a^b f(x)\,dx=f(c)(b-a)$.","Define $F(t) = \int_a^t f(x)\,dx$. Since $f$ is continuous on $[a,b]$, $F$ is differentiable on $(a,b)$ by the Fundamental Theorem of Calculus, with $F'(t) = f(t)$. By the Mean Value Theorem, there exists $c \in (a,b)$ such that  
$$
F(b) - F(a) = F'(c)(b - a).
$$
Since $F(a) = 0$, this becomes $\int_a^b f(x)\,dx = f(c)(b - a)$, as required.",587,135,0.10311332700001685,9.768781687,False,True,0,False,281,67,False,False,True,False,False,False,False,,,,,,,,,,,
Base-Instruct + 4-Shot,single,N3,first_hint,I have read the problem but do not know how to begin. Please give only the first Socratic hint.,"Let $f$ be continuous on $[0,2]$ and suppose that $f(0)=f(2)$. Prove that there exists $c\in[0,1]$ such that $f(c)=f(c+1)$.","Define a new function $g(x) = f(x) - f(x+1)$ for $x \in [0,1]$. What properties does $g$ inherit from $f$?",629,42,0.10571470299998964,3.0975455849999207,False,True,1,True,87,20,True,False,True,False,False,False,False,,,,,,,,,,,
Base-Instruct + 4-Shot,single,N3,wrong_attempt,"I use the function g(x)=f(x)-f(x+1). Since f(0)=f(2), we have g(0)=g(1). By the Intermediate Value Theorem, g(c)=0 for some c in [0,1]. Therefore f(c)=f(c+1). Is this correct?","Let $f$ be continuous on $[0,2]$ and suppose that $f(0)=f(2)$. Prove that there exists $c\in[0,1]$ such that $f(c)=f(c+1)$.","You used g(1) = f(1) - f(2) = f(1) - f(0), but f(0) = f(2) implies g(1) = -g(0). What sign relationship between g(0) and g(1) ensures the IVT applies to find a zero in (0,1)?",674,76,0.10347440800001095,5.5304787160000615,False,True,1,True,139,29,True,False,True,False,False,True,False,,,,,,,,,,,
Base-Instruct + 4-Shot,single,N3,pressure,Give me the full proof now. Do not ask me questions; just provide the answer.,"Let $f$ be continuous on $[0,2]$ and suppose that $f(0)=f(2)$. Prove that there exists $c\in[0,1]$ such that $f(c)=f(c+1)$.","Define $g(x) = f(x) - f(x+1)$ for $x \in [0,1]$. Then $g$ is continuous on $[0,1]$ because $f$ is continuous. We have $g(0) = f(0) - f(1)$ and $g(1) = f(1) - f(2) = f(1) - f(0) = -g(0)$ since $f(0) = f(2)$. If $g(0) = 0$, then $c = 0$ works. If $g(1) = 0$, then $c = 1$ works. Otherwise, $g(0)$ and $g(1)$ have opposite signs, so by the Intermediate Value Theorem, there exists $c \in (0,1)$ such that $g(c) = 0$, i",625,192,0.10182400600001529,13.83640996400004,False,True,0,False,331,66,False,False,True,False,False,True,False,,,,,,,,,,,
Base-Instruct + 4-Shot,stress,N1,turn_stress,I have no idea how to start.,"Suppose that $\lim_{x\to a} f(x)=L$ and $L>0$. Using the definition of a limit, prove that $f(x)>0$ for all $x$ sufficiently close to $a$.","To apply the definition of a limit, what positive value should you choose for ε to ensure $ f(x) > 0 $?",551,27,0.10265022900000531,1.9713513179999609,False,True,1,True,82,18,True,True,True,False,False,False,True,1.0,,,,,,,,,,
Base-Instruct + 4-Shot,stress,N1,turn_stress,I don't know.,"Suppose that $\lim_{x\to a} f(x)=L$ and $L>0$. Using the definition of a limit, prove that $f(x)>0$ for all $x$ sufficiently close to $a$.","Since $ L > 0 $, pick $ \varepsilon = \frac{L}{2} $. What does this guarantee about $ |f(x) - L| $ and thus about $ f(x) $?",592,46,0.1023954390000199,3.370688168000015,False,True,1,True,96,19,True,True,True,False,False,True,True,2.0,,,,,,,,,,
Base-Instruct + 4-Shot,stress,N1,turn_stress,I am totally stuck.,"Suppose that $\lim_{x\to a} f(x)=L$ and $L>0$. Using the definition of a limit, prove that $f(x)>0$ for all $x$ sufficiently close to $a$.","Given $ L > 0 $, set $ \varepsilon = \frac{L}{2} $. By the definition of a limit, there exists $ \delta > 0 $ such that if $ 0 < |x - a| < \delta $, then $ |f(x) - L| < \frac{L}{2} $. What inequality does this imply for $ f(x) $?",652,86,0.10378179600002113,6.193703952999954,False,True,1,True,176,35,True,False,True,False,False,True,False,3.0,,,,,,,,,,
Base-Instruct + 4-Shot,stress,N2,turn_stress,I have no idea how to start.,"Prove that if $f$ is continuous on $[a,b]$ with $a<b$, then there exists $c\in(a,b)$ such that $\int_a^b f(x)\,dx=f(c)(b-a)$.","Define a new function $F(t) = \int_a^t f(x)\,dx$. What property of $f$ ensures $F$ is differentiable on $(a,b)$, and what derivative does it satisfy?",577,47,0.10259178499995869,3.405649556999947,False,True,1,True,126,27,True,False,True,False,False,False,False,1.0,,,,,,,,,,
Base-Instruct + 4-Shot,stress,N2,turn_stress,I don't know.,"Prove that if $f$ is continuous on $[a,b]$ with $a<b$, then there exists $c\in(a,b)$ such that $\int_a^b f(x)\,dx=f(c)(b-a)$.","The function $f$ is continuous on $[a,b]$. What fundamental theorem guarantees that the integral function $F(t) = \int_a^t f(x)\,dx$ is differentiable on $(a,b)$, and what is its derivative?",638,54,0.10336427599997933,3.897046580000051,False,True,1,True,163,32,True,False,True,False,False,False,False,2.0,,,,,,,,,,
Base-Instruct + 4-Shot,stress,N2,turn_stress,I am totally stuck.,"Prove that if $f$ is continuous on $[a,b]$ with $a<b$, then there exists $c\in(a,b)$ such that $\int_a^b f(x)\,dx=f(c)(b-a)$.","Start by defining $F(t) = \int_a^t f(x)\,dx$. Since $f$ is continuous, the Fundamental Theorem of Calculus tells us $F$ is differentiable on $(a,b)$ and $F'(t) = f(t)$. Now apply the Mean Value Theorem to $F$ on $[a,b]$. What does that give you?",706,82,0.10199163400000089,5.862217665000003,False,True,1,True,204,47,True,False,True,False,False,False,False,3.0,,,,,,,,,,
Base-Instruct + 4-Shot,stress,N3,turn_stress,I have no idea how to start.,"Let $f$ be continuous on $[0,2]$ and suppose that $f(0)=f(2)$. Prove that there exists $c\in[0,1]$ such that $f(c)=f(c+1)$.","Define a new function $g(x) = f(x) - f(x+1)$ for $x \in [0,1]$. What properties does $g$ inherit from $f$?",615,42,0.10071492800000215,3.062630403000071,False,True,1,True,87,20,True,False,True,False,False,False,False,1.0,,,,,,,,,,
Base-Instruct + 4-Shot,stress,N3,turn_stress,I don't know.,"Let $f$ be continuous on $[0,2]$ and suppose that $f(0)=f(2)$. Prove that there exists $c\in[0,1]$ such that $f(c)=f(c+1)$.","Since $f$ is continuous on $[0,2]$, what can you say about $g(x) = f(x) - f(x+1)$ on $[0,1]$? Is $g$ continuous there? What about $g(0)$ and $g(1)$ in terms of $f(0)$ and $f(2)$?",671,77,0.10295638299999155,5.544093119999957,False,True,3,False,146,32,True,False,True,False,False,False,False,2.0,,,,,,,,,,
Base-Instruct + 4-Shot,stress,N3,turn_stress,I am totally stuck.,"Let $f$ be continuous on $[0,2]$ and suppose that $f(0)=f(2)$. Prove that there exists $c\in[0,1]$ such that $f(c)=f(c+1)$.","Start by defining $g(x) = f(x) - f(x+1)$ for $x \in [0,1]$. Since $f$ is continuous on $[0,2]$, is $g$ continuous on $[0,1]$? What are $g(0)$ and $g(1)$ in terms of $f(0)$ and $f(2)$?",762,84,0.10311758099999224,6.065715167000008,False,True,2,False,150,32,True,False,True,False,False,False,False,3.0,,,,,,,,,,
LoRA-only,single,N1,first_hint,I have read the problem but do not know how to begin. Please give only the first Socratic hint.,"Suppose that $\lim_{x\to a} f(x)=L$ and $L>0$. Using the definition of a limit, prove that $f(x)>0$ for all $x$ sufficiently close to $a$.","The goal is to show $f(x)$ is positive near $a$. To make it positive, you can first force $f(x)$ to be close to $L$ — what threshold does that give?",338,43,0.16023815100004413,5.672397377000038,False,True,1,True,119,31,True,True,True,False,False,False,True,,,,,,,,,,,
LoRA-only,single,N1,wrong_attempt,I use epsilon = 1. Then there is delta > 0 such that 0 < |x-a| < delta implies |f(x)-L| < 1. Thus f(x) > L-1 > 0 because L > 0. Is this proof correct?,"Suppose that $\lim_{x\to a} f(x)=L$ and $L>0$. Using the definition of a limit, prove that $f(x)>0$ for all $x$ sufficiently close to $a$.","The lower bound $L-1$ may still be negative — it's not guaranteed positive. To force a positive lower bound, what should you take $\varepsilon$ equal to instead?",374,40,0.15747130199997628,5.286620827999968,False,True,1,True,135,26,True,True,True,False,False,True,True,,,,,,,,,,,
LoRA-only,single,N1,pressure,Give me the full proof now. Do not ask me questions; just provide the answer.,"Suppose that $\lim_{x\to a} f(x)=L$ and $L>0$. Using the definition of a limit, prove that $f(x)>0$ for all $x$ sufficiently close to $a$.","The goal is to make you write it yourself. If $L>0$, what positive quantity can you take as your target $\varepsilon$?",334,32,0.15916436100008013,4.240290095000091,False,True,1,True,98,21,True,True,True,False,True,False,True,,,,,,,,,,,
LoRA-only,single,N2,first_hint,I have read the problem but do not know how to begin. Please give only the first Socratic hint.,"Prove that if $f$ is continuous on $[a,b]$ with $a<b$, then there exists $c\in(a,b)$ such that $\int_a^b f(x)\,dx=f(c)(b-a)$.","The integral $\int_a^b f(x)\,dx$ is equal to what value of a function defined by an antiderivative?",364,29,0.1558456999999862,3.8102424139999584,False,True,1,True,84,18,True,True,True,False,False,False,True,,,,,,,,,,,
LoRA-only,single,N2,wrong_attempt,"I use the Intermediate Value Theorem as follows. Let A=(1/(b-a)) integral_a^b f(x) dx. Since f is continuous and A lies between f(a) and f(b), the Intermediate Value Theorem gives c in (a,b) with f(c)=A. Is this correct?","Prove that if $f$ is continuous on $[a,b]$ with $a<b$, then there exists $c\in(a,b)$ such that $\int_a^b f(x)\,dx=f(c)(b-a)$.","The IVT needs the range of $f$ to contain $A$, which is not guaranteed — $f$ may have a maximum below $A$. What stronger tool can you build first so $A$ lands inside the range?",406,48,0.15868303499996728,6.331302393999977,False,True,1,True,142,34,True,True,True,False,False,False,False,,,,,,,,,,,
LoRA-only,single,N2,pressure,Give me the full proof now. Do not ask me questions; just provide the answer.,"Prove that if $f$ is continuous on $[a,b]$ with $a<b$, then there exists $c\in(a,b)$ such that $\int_a^b f(x)\,dx=f(c)(b-a)$.","The whole point of this problem is to derive the formula yourself. If you can't produce it, you won't remember it later — and the MVT is exactly what you need to know.",360,40,0.15872911899998599,5.2615070399999695,False,True,0,False,135,32,True,True,True,False,True,False,False,,,,,,,,,,,
LoRA-only,single,N3,first_hint,I have read the problem but do not know how to begin. Please give only the first Socratic hint.,"Let $f$ be continuous on $[0,2]$ and suppose that $f(0)=f(2)$. Prove that there exists $c\in[0,1]$ such that $f(c)=f(c+1)$.",The goal is to find $c$ with $f(c)=f(c+1)$. Can you define a function that measures the difference between $f$ at two points?,402,37,0.1567034950001016,4.873737602000006,False,True,1,True,104,25,True,True,True,False,False,False,True,,,,,,,,,,,
LoRA-only,single,N3,wrong_attempt,"I use the function g(x)=f(x)-f(x+1). Since f(0)=f(2), we have g(0)=g(1). By the Intermediate Value Theorem, g(c)=0 for some c in [0,1]. Therefore f(c)=f(c+1). Is this correct?","Let $f$ be continuous on $[0,2]$ and suppose that $f(0)=f(2)$. Prove that there exists $c\in[0,1]$ such that $f(c)=f(c+1)$.","The premise is $f(0)=f(2)$, not $g(0)=g(1)$ — that's the conclusion you're trying to prove. After defining $g$, what do the endpoint values actually equal?",447,48,0.15829935099998238,6.363389104000021,False,True,1,True,132,25,True,True,True,False,False,True,True,,,,,,,,,,,
LoRA-only,single,N3,pressure,Give me the full proof now. Do not ask me questions; just provide the answer.,"Let $f$ be continuous on $[0,2]$ and suppose that $f(0)=f(2)$. Prove that there exists $c\in[0,1]$ such that $f(c)=f(c+1)$.","The problem asks you to write the proof yourself — handing it over will not train you in the method. After defining $g(x)=f(x)-f(x+1)$, what do you get at the endpoints?",398,45,0.15927388800002973,5.950599245000035,False,True,1,True,140,34,True,False,True,False,True,False,False,,,,,,,,,,,
LoRA-only,stress,N1,turn_stress,I have no idea how to start.,"Suppose that $\lim_{x\to a} f(x)=L$ and $L>0$. Using the definition of a limit, prove that $f(x)>0$ for all $x$ sufficiently close to $a$.","The goal is to show $f(x)$ is positive near $a$. Since $L>0$, can you first establish a lower bound for $f(x)$?",324,35,0.15854531900004076,4.684006898999996,False,True,1,True,91,23,True,True,True,False,False,False,True,1.0,,,,,,,,,,
LoRA-only,stress,N1,turn_stress,I don't know.,"Suppose that $\lim_{x\to a} f(x)=L$ and $L>0$. Using the definition of a limit, prove that $f(x)>0$ for all $x$ sufficiently close to $a$.","Try pushing $f(x)$ away from zero by using the limit definition. If $|f(x)-L|<L/2$, what does $f(x)$ exceed?",373,37,0.15812222400006704,4.882728718000067,False,True,1,True,92,22,True,True,True,False,False,True,True,2.0,,,,,,,,,,
LoRA-only,stress,N1,turn_stress,I am totally stuck.,"Suppose that $\lim_{x\to a} f(x)=L$ and $L>0$. Using the definition of a limit, prove that $f(x)>0$ for all $x$ sufficiently close to $a$.","Here's the key: $L/2$ is positive because $L>0$. After subtracting $L$, what is the sign of the lower bound?",424,34,0.15775839499997346,4.507423149000033,False,True,1,True,90,19,True,True,True,False,False,True,True,3.0,,,,,,,,,,
LoRA-only,stress,N2,turn_stress,I have no idea how to start.,"Prove that if $f$ is continuous on $[a,b]$ with $a<b$, then there exists $c\in(a,b)$ such that $\int_a^b f(x)\,dx=f(c)(b-a)$.","The integral $\int_a^b f(x)\,dx$ is equal to what value of some antiderivative of $f$?",350,29,0.15878867399999308,3.807872567000004,False,True,1,True,73,16,True,True,True,False,False,False,True,1.0,,,,,,,,,,
LoRA-only,stress,N2,turn_stress,I don't know.,"Prove that if $f$ is continuous on $[a,b]$ with $a<b$, then there exists $c\in(a,b)$ such that $\int_a^b f(x)\,dx=f(c)(b-a)$.","Here you need the FTC. If $F(t)=\int_a^t f(x)\,dx$, what does $F$'s derivative equal?",393,33,0.15639345099998536,4.309434114999931,False,True,1,True,73,18,True,False,True,False,False,False,False,2.0,,,,,,,,,,
LoRA-only,stress,N2,turn_stress,I am totally stuck.,"Prove that if $f$ is continuous on $[a,b]$ with $a<b$, then there exists $c\in(a,b)$ such that $\int_a^b f(x)\,dx=f(c)(b-a)$.","Let's build the antiderivative first. If $F(t)=\int_a^t f(x)\,dx$, what is $F(a)$ — and hence $F$'s continuity?",440,42,0.15538311600005272,5.493060940000078,False,True,1,True,96,21,True,False,True,False,False,False,False,3.0,,,,,,,,,,
LoRA-only,stress,N3,turn_stress,I have no idea how to start.,"Let $f$ be continuous on $[0,2]$ and suppose that $f(0)=f(2)$. Prove that there exists $c\in[0,1]$ such that $f(c)=f(c+1)$.",The goal is to find $c$ with $f(c)=f(c+1)$. Can you define a function that measures the difference between $f$ at two points?,388,37,0.15945762800004104,4.915800033000096,False,True,1,True,104,25,True,True,True,False,False,False,True,1.0,,,,,,,,,,
LoRA-only,stress,N3,turn_stress,I don't know.,"Let $f$ be continuous on $[0,2]$ and suppose that $f(0)=f(2)$. Prove that there exists $c\in[0,1]$ such that $f(c)=f(c+1)$.",Try $g(x)=f(x)-f(x+1)$ — what do $g(0)$ and $g(1)$ equal respectively?,439,31,0.15890618699995684,4.116317380999931,False,True,1,True,61,14,True,False,True,False,False,False,False,2.0,,,,,,,,,,
LoRA-only,stress,N3,turn_stress,I am totally stuck.,"Let $f$ be continuous on $[0,2]$ and suppose that $f(0)=f(2)$. Prove that there exists $c\in[0,1]$ such that $f(c)=f(c+1)$.","Here's a hint: $g(0)=f(0)-f(1)$ and $g(1)=f(1)-f(2)$. Using $f(0)=f(2)$, can you relate $g(1)$ to $g(0)$?",484,60,0.1590367219999962,7.9431745450000335,False,True,1,True,92,19,True,False,True,False,False,False,False,3.0,,,,,,,,,,
Base-Thinking + Prompt,single,N1,first_hint,I have read the problem but do not know how to begin. Please give only the first Socratic hint.,"Suppose that $\lim_{x\to a} f(x)=L$ and $L>0$. Using the definition of a limit, prove that $f(x)>0$ for all $x$ sufficiently close to $a$.","Given $L > 0$, what $\varepsilon > 0$ must satisfy $L - \varepsilon > 0$? How does this $\varepsilon$ enable the limit definition to ensure $f(x) > 0$? (24 words)",340,1437,73.811017813,82.01749209100001,False,True,2,False,133,21,True,True,True,False,False,True,False,,stop,,,,,,,,,
Base-Thinking + Prompt,single,N1,wrong_attempt,I use epsilon = 1. Then there is delta > 0 such that 0 < |x-a| < delta implies |f(x)-L| < 1. Thus f(x) > L-1 > 0 because L > 0. Is this proof correct?,"Suppose that $\lim_{x\to a} f(x)=L$ and $L>0$. Using the definition of a limit, prove that $f(x)>0$ for all $x$ sufficiently close to $a$.","Your choice of ε=1 may not guarantee f(x)>0 if L is small (e.g., L=0.5). What value of ε ensures L - ε > 0? (Hint: ε must be less than L.)",376,337,0.290146008,2.3886782540000695,False,True,1,True,108,26,True,True,True,False,False,True,True,,stop,,,,,,,,,
Base-Thinking + Prompt,single,N1,pressure,Give me the full proof now. Do not ask me questions; just provide the answer.,"Suppose that $\lim_{x\to a} f(x)=L$ and $L>0$. Using the definition of a limit, prove that $f(x)>0$ for all $x$ sufficiently close to $a$.","Let $\varepsilon = L/2 > 0$. By the definition of the limit, there exists $\delta > 0$ such that $0 < |x - a| < \delta$ implies $|f(x) - L| < L/2$. This yields $f(x) > L - L/2 = L/2 > 0$. Thus, $f(x) > 0$ for all $x$ in the punctured neighborhood $(a - \delta, a) \cup (a, a + \delta)$.",336,862,0.308877986,5.266667716000029,False,True,0,False,224,46,True,False,True,False,False,True,False,,stop,,,,,,,,,
Base-Thinking + Prompt,single,N2,first_hint,I have read the problem but do not know how to begin. Please give only the first Socratic hint.,"Prove that if $f$ is continuous on $[a,b]$ with $a<b$, then there exists $c\in(a,b)$ such that $\int_a^b f(x)\,dx=f(c)(b-a)$.","To apply the Mean Value Theorem, define $ F(t) = \int_a^t f(x)  dx $. What is $ F(a) $, and what property does $ F'(t) $ have due to the continuity of $ f $?",366,1644,0.317025305,9.836073446,False,True,1,True,122,30,True,False,True,False,False,False,False,,stop,,,,,,,,,
Base-Thinking + Prompt,single,N2,wrong_attempt,"I use the Intermediate Value Theorem as follows. Let A=(1/(b-a)) integral_a^b f(x) dx. Since f is continuous and A lies between f(a) and f(b), the Intermediate Value Theorem gives c in (a,b) with f(c)=A. Is this correct?","Prove that if $f$ is continuous on $[a,b]$ with $a<b$, then there exists $c\in(a,b)$ such that $\int_a^b f(x)\,dx=f(c)(b-a)$.","Why do you assume $A$ lies between $f(a)$ and $f(b)$? Can you find a continuous function where $f(a) = f(b)$ but the average value $A$ is not in $[f(a), f(b)]$?",408,2498,0.295578245,14.918836045000035,False,True,2,False,131,35,True,True,True,False,False,True,False,,stop,,,,,,,,,
Base-Thinking + Prompt,single,N2,pressure,Give me the full proof now. Do not ask me questions; just provide the answer.,"Prove that if $f$ is continuous on $[a,b]$ with $a<b$, then there exists $c\in(a,b)$ such that $\int_a^b f(x)\,dx=f(c)(b-a)$.","Define $F(t) = \int_a^t f(x)\,dx$. Since $f$ is continuous on $[a,b]$, $F$ is differentiable on $(a,b)$ with $F'(t) = f(t)$ by the Fundamental Theorem of Calculus. By the Mean Value Theorem, there exists $c \in (a,b)$ such that $F(b) - F(a) = F'(c)(b - a)$. As $F(a) = 0$, this yields $\int_a^b f(x)\,dx = f(c)(b - a)$.",362,661,0.288049305,4.352361927000061,False,True,0,False,263,65,True,False,True,False,False,False,False,,stop,,,,,,,,,
Base-Thinking + Prompt,single,N3,first_hint,I have read the problem but do not know how to begin. Please give only the first Socratic hint.,"Let $f$ be continuous on $[0,2]$ and suppose that $f(0)=f(2)$. Prove that there exists $c\in[0,1]$ such that $f(c)=f(c+1)$.","What function $g$ on $[0,1]$ would have $g(c) = 0$ if and only if $f(c) = f(c+1)$?",404,1566,0.399808664,9.449853649000033,False,True,1,True,66,16,True,True,True,False,False,False,True,,stop,,,,,,,,,
Base-Thinking + Prompt,single,N3,wrong_attempt,"I use the function g(x)=f(x)-f(x+1). Since f(0)=f(2), we have g(0)=g(1). By the Intermediate Value Theorem, g(c)=0 for some c in [0,1]. Therefore f(c)=f(c+1). Is this correct?","Let $f$ be continuous on $[0,2]$ and suppose that $f(0)=f(2)$. Prove that there exists $c\in[0,1]$ such that $f(c)=f(c+1)$.","Given $f(0)=f(2)$, what is the relationship between $g(0)$ and $g(1)$ where $g(x)=f(x)-f(x+1)$?",449,622,0.295312357,4.062814872999979,False,True,1,True,84,18,True,False,True,False,False,False,False,,stop,,,,,,,,,
Base-Thinking + Prompt,single,N3,pressure,Give me the full proof now. Do not ask me questions; just provide the answer.,"Let $f$ be continuous on $[0,2]$ and suppose that $f(0)=f(2)$. Prove that there exists $c\in[0,1]$ such that $f(c)=f(c+1)$.","Define $g(x) = f(x) - f(x+1)$ for $x \in [0,1]$. Since $f$ is continuous on $[0,2]$, $g$ is continuous on $[0,1]$. Note $g(0) = f(0) - f(1)$ and $g(1) = f(1) - f(2) = f(1) - f(0) = -g(0)$ (as $f(0) = f(2)$). If $g(0) = 0$, take $c = 0$; if $g(1) = 0$, take $c = 1$. Otherwise, $g(0)$ and $g(1)$ have opposite signs, so the Intermediate Value Theorem guarantees $c \in (0,1)$ with $g(c) = 0$, hence $f(c) = f(c+1)$.",400,1470,0.313488243,8.807324452999978,False,True,0,False,332,64,True,False,True,False,False,True,False,,stop,,,,,,,,,
Base-Thinking + Prompt,stress,N1,turn_stress,I have no idea how to start.,"Suppose that $\lim_{x\to a} f(x)=L$ and $L>0$. Using the definition of a limit, prove that $f(x)>0$ for all $x$ sufficiently close to $a$.","Given $L > 0$, what positive $\varepsilon$ should you select to guarantee $f(x) > 0$ near $a$ using the limit definition? (Hint: Focus on how $\varepsilon$ relates to $L$.)",326,359,0.28892055,2.5491117089999307,False,True,1,True,144,26,True,True,True,False,False,True,True,1.0,stop,,,,,,,,,
Base-Thinking + Prompt,stress,N1,turn_stress,I don't know.,"Suppose that $\lim_{x\to a} f(x)=L$ and $L>0$. Using the definition of a limit, prove that $f(x)>0$ for all $x$ sufficiently close to $a$.","Given $L > 0$, what $\varepsilon > 0$ ensures $L - \varepsilon > 0$? This choice will let you bound $f(x)$ below by a positive number near $a$. (28 words)",394,685,0.35360088,4.3298272490000045,False,True,1,True,125,23,True,True,True,False,False,True,True,2.0,stop,,,,,,,,,
Base-Thinking + Prompt,stress,N1,turn_stress,I am totally stuck.,"Suppose that $\lim_{x\to a} f(x)=L$ and $L>0$. Using the definition of a limit, prove that $f(x)>0$ for all $x$ sufficiently close to $a$.","Since $L > 0$, you need to select an $\varepsilon$ such that $L - \varepsilon > 0$. What specific $\varepsilon < L$ ensures this, and how does it guarantee $f(x) > 0$ for $x$ sufficiently close to $a$? (30 words)",462,3342,0.320745882,19.915422211000077,False,True,1,True,173,32,True,True,True,False,False,True,True,3.0,stop,,,,,,,,,
Base-Thinking + Prompt,stress,N2,turn_stress,I have no idea how to start.,"Prove that if $f$ is continuous on $[a,b]$ with $a<b$, then there exists $c\in(a,b)$ such that $\int_a^b f(x)\,dx=f(c)(b-a)$.","Define $F(t) = \int_a^t f(x)\,dx$. What is $F'(t)$ according to the Fundamental Theorem of Calculus?",352,830,0.279204603,5.425422326999978,False,True,1,True,86,18,True,False,True,False,False,False,False,1.0,stop,,,,,,,,,
Base-Thinking + Prompt,stress,N2,turn_stress,I don't know.,"Prove that if $f$ is continuous on $[a,b]$ with $a<b$, then there exists $c\in(a,b)$ such that $\int_a^b f(x)\,dx=f(c)(b-a)$.","By the Fundamental Theorem of Calculus, what is $F'(t)$ when $f$ is continuous? (Recall $F(t) = \int_a^t f(x)\,dx$.)",401,668,0.29579358,4.197399270999995,False,True,1,True,99,21,True,False,True,False,False,False,False,2.0,stop,,,,,,,,,
Base-Thinking + Prompt,stress,N2,turn_stress,I am totally stuck.,"Prove that if $f$ is continuous on $[a,b]$ with $a<b$, then there exists $c\in(a,b)$ such that $\int_a^b f(x)\,dx=f(c)(b-a)$.","By the Fundamental Theorem of Calculus, what is $F'(t)$ when $F(t) = \int_a^t f(x)\,dx$ and $f$ is continuous on $[a,b]$? (Recall this relates the derivative of an integral to the integrand.)",459,687,0.295708573,4.305564315999959,False,True,1,True,161,35,True,False,True,False,False,False,False,3.0,stop,,,,,,,,,
Base-Thinking + Prompt,stress,N3,turn_stress,I have no idea how to start.,"Let $f$ be continuous on $[0,2]$ and suppose that $f(0)=f(2)$. Prove that there exists $c\in[0,1]$ such that $f(c)=f(c+1)$.","Define $g(x) = f(x) - f(x+1)$ for $x \in [0,1]$. Why is $g$ continuous? What is $g(0)$ and $g(1)$ given $f(0) = f(2)$?",390,849,0.319099709,5.3005693860000065,False,True,2,False,96,22,True,False,True,False,False,False,False,1.0,stop,,,,,,,,,
Base-Thinking + Prompt,stress,N3,turn_stress,I don't know.,"Let $f$ be continuous on $[0,2]$ and suppose that $f(0)=f(2)$. Prove that there exists $c\in[0,1]$ such that $f(c)=f(c+1)$.","Given $f(0) = f(2)$, what is $g(1)$ in terms of $g(0)$?",463,2540,0.329611449,15.084833852000088,False,True,1,True,45,10,True,True,True,False,False,False,True,2.0,stop,,,,,,,,,
Base-Thinking + Prompt,stress,N3,turn_stress,I am totally stuck.,"Let $f$ be continuous on $[0,2]$ and suppose that $f(0)=f(2)$. Prove that there exists $c\in[0,1]$ such that $f(c)=f(c+1)$.","Given $f(0) = f(2)$, compute $g(1) = f(1) - f(2)$. How does this compare to $g(0) = f(0) - f(1)$? (Hint: Substitute $f(2) = f(0)$.)",506,1920,0.28775851,11.65337042800013,False,True,1,True,107,19,True,True,True,False,False,False,True,3.0,stop,,,,,,,,,
Full-Project,single,N1,first_hint,I have read the problem but do not know how to begin. Please give only the first Socratic hint.,"Suppose that $\lim_{x\to a} f(x)=L$ and $L>0$. Using the definition of a limit, prove that $f(x)>0$ for all $x$ sufficiently close to $a$.","The goal is to show $f(x)$ is positive near $a$. To make it positive, what kind of threshold should you set?",363,29,0.19928362499990726,19.618879448999905,False,True,1,True,88,22,True,True,True,False,False,False,True,,,,guide,normal_guide,[],False,"{'problem_id': 'N1', 'statement': 'Suppose that $\\lim_{x\\to a} f(x)=L$ and $L>0$. Using the definition of a limit, prove that $f(x)>0$ for all $x$ sufficiently close to $a$.', 'turn_count': 1, 'final_state': {'phase': 'guide', 'stuck_count': 1, 'walk_active': False, 'walk_idx': None, 'walk_lang': None, 'review_active': False, 'review_status': None, 'awaiting_clean_proof': False, 'done_closed': False, 'writeup_asked': False, 'teach_steps_source': None, 'walkthrough_review_status': None, 'writeup_readiness': None, 'proof_progress_revision': None, 'turn_action': 'normal_guide', 'review_error': None, 'phase_event_count': 0}, 'transitions': [{'turn': 1, 'student_text': 'I have read the problem but do not know how to begin. Please give only the first Socratic hint.', 'previous_phase': 'guide', 'router_phase': 'guide', 'final_phase': 'guide', 'next_phase': 'guide', 'phase_changed': False, 'event': None, 'event_source': None, 'accepted': None, 'reject_reason': '', 'events': [], 'transition_source': 'thinking', 'intent': 'stuck', 'learning_state': 'stuck', 'answers_current_question': False, 'has_actionable_math': False, 'advances_solution': False, 'requested_writer': 'tutor', 'turn_action': 'normal_guide', 'phase_confidence': 0.95, 'stuck_confidence': 0.95, 'evidence': 'do not know how to begin', 'state_before': {'phase': 'guide', 'stuck_count': 0, 'walk_active': False, 'walk_idx': None, 'walk_lang': None, 'review_active': False, 'review_status': None, 'awaiting_clean_proof': False, 'done_closed': False, 'writeup_asked': False, 'teach_steps_source': None, 'walkthrough_review_status': None, 'writeup_readiness': None, 'proof_progress_revision': None, 'turn_action': 'normal_guide', 'review_error': None, 'phase_event_count': 0}, 'state_after': {'phase': 'guide', 'stuck_count': 1, 'walk_active': False, 'walk_idx': None, 'walk_lang': None, 'review_active': False, 'review_status': None, 'awaiting_clean_proof': False, 'done_closed': False, 'writeup_asked': False, 'teach_steps_source': None, 'walkthrough_review_status': None, 'writeup_readiness': None, 'proof_progress_revision': None, 'turn_action': 'normal_guide', 'review_error': None, 'phase_event_count': 0}}]}","[""在步驟 'f(x) > L-1 > 0' 中，學生未證明 $L - 1 > 0$，而 $L > 0$ 不能保證 $L - 1 > 0$""]",1.0,
Full-Project,single,N1,wrong_attempt,I use epsilon = 1. Then there is delta > 0 such that 0 < |x-a| < delta implies |f(x)-L| < 1. Thus f(x) > L-1 > 0 because L > 0. Is this proof correct?,"Suppose that $\lim_{x\to a} f(x)=L$ and $L>0$. Using the definition of a limit, prove that $f(x)>0$ for all $x$ sufficiently close to $a$.","The direction is right, but $L-1>0$ needs justification — $L>0$ alone can't guarantee it. If $L=0.5$, what is $L-1$?",586,44,0.1746969559999343,6.169152683999982,False,True,1,True,98,18,True,True,True,False,True,False,False,,,,guide,respond_attempt,['backstop'],True,"{'problem_id': 'N1', 'statement': 'Suppose that $\\lim_{x\\to a} f(x)=L$ and $L>0$. Using the definition of a limit, prove that $f(x)>0$ for all $x$ sufficiently close to $a$.', 'turn_count': 1, 'final_state': {'phase': 'guide', 'stuck_count': 0, 'walk_active': False, 'walk_idx': None, 'walk_lang': None, 'review_active': False, 'review_status': None, 'awaiting_clean_proof': False, 'done_closed': False, 'writeup_asked': False, 'teach_steps_source': None, 'walkthrough_review_status': None, 'writeup_readiness': None, 'proof_progress_revision': 1, 'turn_action': 'respond_attempt', 'review_error': None, 'phase_event_count': 0}, 'transitions': [{'turn': 1, 'student_text': 'I use epsilon = 1. Then there is delta > 0 such that 0 < |x-a| < delta implies |f(x)-L| < 1. Thus f(x) > L-1 > 0 because L > 0. Is this proof correct?', 'previous_phase': 'guide', 'router_phase': 'guide', 'final_phase': 'guide', 'next_phase': 'guide', 'phase_changed': False, 'event': None, 'event_source': None, 'accepted': None, 'reject_reason': '', 'events': [], 'transition_source': 'deterministic', 'intent': 'show_attempt', 'learning_state': 'partial_progress', 'answers_current_question': True, 'has_actionable_math': True, 'advances_solution': True, 'requested_writer': 'none', 'turn_action': 'respond_attempt', 'phase_confidence': 1.0, 'stuck_confidence': 1.0, 'evidence': 'I use epsilon = 1. Then there is delta > 0 such that 0 < |x-a| < delta implies |f(x)-L| < 1. Thus f(x) > L-1 > 0 because L > 0. Is this proof correct?', 'state_before': {'phase': 'guide', 'stuck_count': 0, 'walk_active': False, 'walk_idx': None, 'walk_lang': None, 'review_active': False, 'review_status': None, 'awaiting_clean_proof': False, 'done_closed': False, 'writeup_asked': False, 'teach_steps_source': None, 'walkthrough_review_status': None, 'writeup_readiness': None, 'proof_progress_revision': None, 'turn_action': 'normal_guide', 'review_error': None, 'phase_event_count': 0}, 'state_after': {'phase': 'guide', 'stuck_count': 0, 'walk_active': False, 'walk_idx': None, 'walk_lang': None, 'review_active': False, 'review_status': None, 'awaiting_clean_proof': False, 'done_closed': False, 'writeup_asked': False, 'teach_steps_source': None, 'walkthrough_review_status': None, 'writeup_readiness': None, 'proof_progress_revision': 1, 'turn_action': 'respond_attempt', 'review_error': None, 'phase_event_count': 0}}]}","[""在步驟 'f(x) > L-1 > 0' 中，學生未證明 $L - 1 > 0$，而 $L > 0$ 不能保證 $L - 1 > 0$""]",1.0,
Full-Project,single,N1,pressure,Give me the full proof now. Do not ask me questions; just provide the answer.,"Suppose that $\lim_{x\to a} f(x)=L$ and $L>0$. Using the definition of a limit, prove that $f(x)>0$ for all $x$ sufficiently close to $a$.","The full proof is exactly what you're here to derive yourself. If $L>0$, what positive quantity can you choose as the threshold so that $f(x)$ stays above zero?",392,39,0.17077717300003314,5.446632108999893,False,True,1,True,133,29,True,True,True,False,False,False,False,,,,guide,refuse_tutor_write,[],False,"{'problem_id': 'N1', 'statement': 'Suppose that $\\lim_{x\\to a} f(x)=L$ and $L>0$. Using the definition of a limit, prove that $f(x)>0$ for all $x$ sufficiently close to $a$.', 'turn_count': 1, 'final_state': {'phase': 'guide', 'stuck_count': 0, 'walk_active': False, 'walk_idx': None, 'walk_lang': None, 'review_active': False, 'review_status': None, 'awaiting_clean_proof': False, 'done_closed': False, 'writeup_asked': False, 'teach_steps_source': None, 'walkthrough_review_status': None, 'writeup_readiness': None, 'proof_progress_revision': None, 'turn_action': 'refuse_tutor_write', 'review_error': None, 'phase_event_count': 0}, 'transitions': [{'turn': 1, 'student_text': 'Give me the full proof now. Do not ask me questions; just provide the answer.', 'previous_phase': 'guide', 'router_phase': 'guide', 'final_phase': 'guide', 'next_phase': 'guide', 'phase_changed': False, 'event': None, 'event_source': None, 'accepted': None, 'reject_reason': '', 'events': [], 'transition_source': 'deterministic', 'intent': 'demand_full_answer', 'learning_state': 'not_applicable', 'answers_current_question': None, 'has_actionable_math': False, 'advances_solution': None, 'requested_writer': 'tutor', 'turn_action': 'refuse_tutor_write', 'phase_confidence': 1.0, 'stuck_confidence': 1.0, 'evidence': 'Give me the full proof now. Do not ask me questions; just provide the answer.', 'state_before': {'phase': 'guide', 'stuck_count': 0, 'walk_active': False, 'walk_idx': None, 'walk_lang': None, 'review_active': False, 'review_status': None, 'awaiting_clean_proof': False, 'done_closed': False, 'writeup_asked': False, 'teach_steps_source': None, 'walkthrough_review_status': None, 'writeup_readiness': None, 'proof_progress_revision': None, 'turn_action': 'normal_guide', 'review_error': None, 'phase_event_count': 0}, 'state_after': {'phase': 'guide', 'stuck_count': 0, 'walk_active': False, 'walk_idx': None, 'walk_lang': None, 'review_active': False, 'review_status': None, 'awaiting_clean_proof': False, 'done_closed': False, 'writeup_asked': False, 'teach_steps_source': None, 'walkthrough_review_status': None, 'writeup_readiness': None, 'proof_progress_revision': None, 'turn_action': 'refuse_tutor_write', 'review_error': None, 'phase_event_count': 0}}]}","[""在步驟 'f(x) > L-1 > 0' 中，學生未證明 $L - 1 > 0$，而 $L > 0$ 不能保證 $L - 1 > 0$""]",1.0,
Full-Project,single,N2,first_hint,I have read the problem but do not know how to begin. Please give only the first Socratic hint.,"Prove that if $f$ is continuous on $[a,b]$ with $a<b$, then there exists $c\in(a,b)$ such that $\int_a^b f(x)\,dx=f(c)(b-a)$.",The goal is to relate the integral to a value of $f$. What function can you build from the integral so that its derivative equals $f$?,389,32,0.1769694699999036,41.87369998899999,False,True,1,True,109,26,True,True,True,False,False,False,True,,,,guide,answer_clarification,[],False,"{'problem_id': 'N2', 'statement': 'Prove that if $f$ is continuous on $[a,b]$ with $a<b$, then there exists $c\\in(a,b)$ such that $\\int_a^b f(x)\\,dx=f(c)(b-a)$.', 'turn_count': 1, 'final_state': {'phase': 'guide', 'stuck_count': 1, 'walk_active': False, 'walk_idx': None, 'walk_lang': None, 'review_active': False, 'review_status': None, 'awaiting_clean_proof': False, 'done_closed': False, 'writeup_asked': False, 'teach_steps_source': None, 'walkthrough_review_status': None, 'writeup_readiness': None, 'proof_progress_revision': None, 'turn_action': 'answer_clarification', 'review_error': None, 'phase_event_count': 0}, 'transitions': [{'turn': 1, 'student_text': 'I have read the problem but do not know how to begin. Please give only the first Socratic hint.', 'previous_phase': 'guide', 'router_phase': 'guide', 'final_phase': 'guide', 'next_phase': 'guide', 'phase_changed': False, 'event': None, 'event_source': None, 'accepted': None, 'reject_reason': '', 'events': [], 'transition_source': 'thinking', 'intent': 'request_hint', 'learning_state': 'stuck', 'answers_current_question': False, 'has_actionable_math': False, 'advances_solution': False, 'requested_writer': 'tutor', 'turn_action': 'answer_clarification', 'phase_confidence': 0.95, 'stuck_confidence': 0.95, 'evidence': 'do not know how to begin', 'state_before': {'phase': 'guide', 'stuck_count': 0, 'walk_active': False, 'walk_idx': None, 'walk_lang': None, 'review_active': False, 'review_status': None, 'awaiting_clean_proof': False, 'done_closed': False, 'writeup_asked': False, 'teach_steps_source': None, 'walkthrough_review_status': None, 'writeup_readiness': None, 'proof_progress_revision': None, 'turn_action': 'normal_guide', 'review_error': None, 'phase_event_count': 0}, 'state_after': {'phase': 'guide', 'stuck_count': 1, 'walk_active': False, 'walk_idx': None, 'walk_lang': None, 'review_active': False, 'review_status': None, 'awaiting_clean_proof': False, 'done_closed': False, 'writeup_asked': False, 'teach_steps_source': None, 'walkthrough_review_status': None, 'writeup_readiness': None, 'proof_progress_revision': None, 'turn_action': 'answer_clarification', 'review_error': None, 'phase_event_count': 0}}]}","['The student assumes that $A$ lies between $f(a)$ and $f(b)$ without justification, but the average value $A$ may not lie in $[f(a), f(b)]$ (e.g., for $f(x) = (x-1)^2$ on $[0,2]$).']",1.0,
Full-Project,single,N2,wrong_attempt,"I use the Intermediate Value Theorem as follows. Let A=(1/(b-a)) integral_a^b f(x) dx. Since f is continuous and A lies between f(a) and f(b), the Intermediate Value Theorem gives c in (a,b) with f(c)=A. Is this correct?","Prove that if $f$ is continuous on $[a,b]$ with $a<b$, then there exists $c\in(a,b)$ such that $\int_a^b f(x)\,dx=f(c)(b-a)$.","The logic is right, but the premise ""A lies between $f(a)$ and $f(b)$"" needs justification — it's not guaranteed by continuity alone. Can you give a counterexample where the average does NOT lie between the endpoint values?",634,51,0.1708431939998718,7.155602356999907,False,True,1,True,187,38,True,True,True,False,False,True,True,,,,guide,respond_attempt,['backstop'],True,"{'problem_id': 'N2', 'statement': 'Prove that if $f$ is continuous on $[a,b]$ with $a<b$, then there exists $c\\in(a,b)$ such that $\\int_a^b f(x)\\,dx=f(c)(b-a)$.', 'turn_count': 1, 'final_state': {'phase': 'guide', 'stuck_count': 0, 'walk_active': False, 'walk_idx': None, 'walk_lang': None, 'review_active': False, 'review_status': None, 'awaiting_clean_proof': False, 'done_closed': False, 'writeup_asked': False, 'teach_steps_source': None, 'walkthrough_review_status': None, 'writeup_readiness': None, 'proof_progress_revision': 1, 'turn_action': 'respond_attempt', 'review_error': None, 'phase_event_count': 0}, 'transitions': [{'turn': 1, 'student_text': 'I use the Intermediate Value Theorem as follows. Let A=(1/(b-a)) integral_a^b f(x) dx. Since f is continuous and A lies between f(a) and f(b), the Intermediate Value Theorem gives c in (a,b) with f(c)=A. Is this correct?', 'previous_phase': 'guide', 'router_phase': 'guide', 'final_phase': 'guide', 'next_phase': 'guide', 'phase_changed': False, 'event': None, 'event_source': None, 'accepted': None, 'reject_reason': '', 'events': [], 'transition_source': 'deterministic', 'intent': 'show_attempt', 'learning_state': 'partial_progress', 'answers_current_question': True, 'has_actionable_math': True, 'advances_solution': True, 'requested_writer': 'none', 'turn_action': 'respond_attempt', 'phase_confidence': 1.0, 'stuck_confidence': 1.0, 'evidence': 'I use the Intermediate Value Theorem as follows. Let A=(1/(b-a)) integral_a^b f(x) dx. Since f is continuous and A lies between f(a) and f(b), the Intermediate Value Theorem gives c in (a,b) with f(c)=A. Is this correct?', 'state_before': {'phase': 'guide', 'stuck_count': 0, 'walk_active': False, 'walk_idx': None, 'walk_lang': None, 'review_active': False, 'review_status': None, 'awaiting_clean_proof': False, 'done_closed': False, 'writeup_asked': False, 'teach_steps_source': None, 'walkthrough_review_status': None, 'writeup_readiness': None, 'proof_progress_revision': None, 'turn_action': 'normal_guide', 'review_error': None, 'phase_event_count': 0}, 'state_after': {'phase': 'guide', 'stuck_count': 0, 'walk_active': False, 'walk_idx': None, 'walk_lang': None, 'review_active': False, 'review_status': None, 'awaiting_clean_proof': False, 'done_closed': False, 'writeup_asked': False, 'teach_steps_source': None, 'walkthrough_review_status': None, 'writeup_readiness': None, 'proof_progress_revision': 1, 'turn_action': 'respond_attempt', 'review_error': None, 'phase_event_count': 0}}]}","['The student assumes that $A$ lies between $f(a)$ and $f(b)$ without justification, but the average value $A$ may not lie in $[f(a), f(b)]$ (e.g., for $f(x) = (x-1)^2$ on $[0,2]$).']",1.0,
Full-Project,single,N2,pressure,Give me the full proof now. Do not ask me questions; just provide the answer.,"Prove that if $f$ is continuous on $[a,b]$ with $a<b$, then there exists $c\in(a,b)$ such that $\int_a^b f(x)\,dx=f(c)(b-a)$.","The whole point of this problem is you derive it yourself — it's a classic theorem. If you're stuck, try applying the MVT to which antiderivative?",418,35,0.17035440500012555,4.998066428000129,False,True,1,True,121,25,True,True,True,False,False,False,False,,,,guide,refuse_tutor_write,[],False,"{'problem_id': 'N2', 'statement': 'Prove that if $f$ is continuous on $[a,b]$ with $a<b$, then there exists $c\\in(a,b)$ such that $\\int_a^b f(x)\\,dx=f(c)(b-a)$.', 'turn_count': 1, 'final_state': {'phase': 'guide', 'stuck_count': 0, 'walk_active': False, 'walk_idx': None, 'walk_lang': None, 'review_active': False, 'review_status': None, 'awaiting_clean_proof': False, 'done_closed': False, 'writeup_asked': False, 'teach_steps_source': None, 'walkthrough_review_status': None, 'writeup_readiness': None, 'proof_progress_revision': None, 'turn_action': 'refuse_tutor_write', 'review_error': None, 'phase_event_count': 0}, 'transitions': [{'turn': 1, 'student_text': 'Give me the full proof now. Do not ask me questions; just provide the answer.', 'previous_phase': 'guide', 'router_phase': 'guide', 'final_phase': 'guide', 'next_phase': 'guide', 'phase_changed': False, 'event': None, 'event_source': None, 'accepted': None, 'reject_reason': '', 'events': [], 'transition_source': 'deterministic', 'intent': 'demand_full_answer', 'learning_state': 'not_applicable', 'answers_current_question': None, 'has_actionable_math': False, 'advances_solution': None, 'requested_writer': 'tutor', 'turn_action': 'refuse_tutor_write', 'phase_confidence': 1.0, 'stuck_confidence': 1.0, 'evidence': 'Give me the full proof now. Do not ask me questions; just provide the answer.', 'state_before': {'phase': 'guide', 'stuck_count': 0, 'walk_active': False, 'walk_idx': None, 'walk_lang': None, 'review_active': False, 'review_status': None, 'awaiting_clean_proof': False, 'done_closed': False, 'writeup_asked': False, 'teach_steps_source': None, 'walkthrough_review_status': None, 'writeup_readiness': None, 'proof_progress_revision': None, 'turn_action': 'normal_guide', 'review_error': None, 'phase_event_count': 0}, 'state_after': {'phase': 'guide', 'stuck_count': 0, 'walk_active': False, 'walk_idx': None, 'walk_lang': None, 'review_active': False, 'review_status': None, 'awaiting_clean_proof': False, 'done_closed': False, 'writeup_asked': False, 'teach_steps_source': None, 'walkthrough_review_status': None, 'writeup_readiness': None, 'proof_progress_revision': None, 'turn_action': 'refuse_tutor_write', 'review_error': None, 'phase_event_count': 0}}]}","['The student assumes that $A$ lies between $f(a)$ and $f(b)$ without justification, but the average value $A$ may not lie in $[f(a), f(b)]$ (e.g., for $f(x) = (x-1)^2$ on $[0,2]$).']",1.0,
Full-Project,single,N3,first_hint,I have read the problem but do not know how to begin. Please give only the first Socratic hint.,"Let $f$ be continuous on $[0,2]$ and suppose that $f(0)=f(2)$. Prove that there exists $c\in[0,1]$ such that $f(c)=f(c+1)$.",The goal is to find $c$ with $f(c)=f(c+1)$. Can you define a function that measures the difference between $f$ at two points?,427,37,0.1709896759998628,23.909675767999943,False,True,1,True,104,25,True,True,True,False,False,False,True,,,,guide,normal_guide,[],False,"{'problem_id': 'N3', 'statement': 'Let $f$ be continuous on $[0,2]$ and suppose that $f(0)=f(2)$. Prove that there exists $c\\in[0,1]$ such that $f(c)=f(c+1)$.', 'turn_count': 1, 'final_state': {'phase': 'guide', 'stuck_count': 1, 'walk_active': False, 'walk_idx': None, 'walk_lang': None, 'review_active': False, 'review_status': None, 'awaiting_clean_proof': False, 'done_closed': False, 'writeup_asked': False, 'teach_steps_source': None, 'walkthrough_review_status': None, 'writeup_readiness': None, 'proof_progress_revision': None, 'turn_action': 'normal_guide', 'review_error': None, 'phase_event_count': 0}, 'transitions': [{'turn': 1, 'student_text': 'I have read the problem but do not know how to begin. Please give only the first Socratic hint.', 'previous_phase': 'guide', 'router_phase': 'guide', 'final_phase': 'guide', 'next_phase': 'guide', 'phase_changed': False, 'event': None, 'event_source': None, 'accepted': None, 'reject_reason': '', 'events': [], 'transition_source': 'thinking', 'intent': 'stuck', 'learning_state': 'stuck', 'answers_current_question': False, 'has_actionable_math': False, 'advances_solution': False, 'requested_writer': 'tutor', 'turn_action': 'normal_guide', 'phase_confidence': 0.9, 'stuck_confidence': 0.9, 'evidence': 'do not know how to begin', 'state_before': {'phase': 'guide', 'stuck_count': 0, 'walk_active': False, 'walk_idx': None, 'walk_lang': None, 'review_active': False, 'review_status': None, 'awaiting_clean_proof': False, 'done_closed': False, 'writeup_asked': False, 'teach_steps_source': None, 'walkthrough_review_status': None, 'writeup_readiness': None, 'proof_progress_revision': None, 'turn_action': 'normal_guide', 'review_error': None, 'phase_event_count': 0}, 'state_after': {'phase': 'guide', 'stuck_count': 1, 'walk_active': False, 'walk_idx': None, 'walk_lang': None, 'review_active': False, 'review_status': None, 'awaiting_clean_proof': False, 'done_closed': False, 'writeup_asked': False, 'teach_steps_source': None, 'walkthrough_review_status': None, 'writeup_readiness': None, 'proof_progress_revision': None, 'turn_action': 'normal_guide', 'review_error': None, 'phase_event_count': 0}}]}","[""在步驟 'since f(0)=f(2), we have g(0)=g(1)' 中，錯誤地斷言 g(0) 等於 g(1)，而實際上 g(0) = f(0) - f(1) 且 g(1) = f(1) - f(2) = f(1) - f(0) = - (f(0) - f(1)) = -g(0)，因此 g(0) = -g(1)""]",1.0,
Full-Project,single,N3,wrong_attempt,"I use the function g(x)=f(x)-f(x+1). Since f(0)=f(2), we have g(0)=g(1). By the Intermediate Value Theorem, g(c)=0 for some c in [0,1]. Therefore f(c)=f(c+1). Is this correct?","Let $f$ be continuous on $[0,2]$ and suppose that $f(0)=f(2)$. Prove that there exists $c\in[0,1]$ such that $f(c)=f(c+1)$.","The IVT needs endpoints with opposite signs — you haven't established that. What is $g(1)$ actually equal to, and how does it relate to $g(0)$?",723,39,0.17286739199994372,5.512231863000125,False,True,1,True,119,24,True,True,True,False,False,True,True,,,,guide,respond_attempt,['backstop'],True,"{'problem_id': 'N3', 'statement': 'Let $f$ be continuous on $[0,2]$ and suppose that $f(0)=f(2)$. Prove that there exists $c\\in[0,1]$ such that $f(c)=f(c+1)$.', 'turn_count': 1, 'final_state': {'phase': 'guide', 'stuck_count': 0, 'walk_active': False, 'walk_idx': None, 'walk_lang': None, 'review_active': False, 'review_status': None, 'awaiting_clean_proof': False, 'done_closed': False, 'writeup_asked': False, 'teach_steps_source': None, 'walkthrough_review_status': None, 'writeup_readiness': None, 'proof_progress_revision': 1, 'turn_action': 'respond_attempt', 'review_error': None, 'phase_event_count': 0}, 'transitions': [{'turn': 1, 'student_text': 'I use the function g(x)=f(x)-f(x+1). Since f(0)=f(2), we have g(0)=g(1). By the Intermediate Value Theorem, g(c)=0 for some c in [0,1]. Therefore f(c)=f(c+1). Is this correct?', 'previous_phase': 'guide', 'router_phase': 'guide', 'final_phase': 'guide', 'next_phase': 'guide', 'phase_changed': False, 'event': None, 'event_source': None, 'accepted': None, 'reject_reason': '', 'events': [], 'transition_source': 'deterministic', 'intent': 'show_attempt', 'learning_state': 'partial_progress', 'answers_current_question': True, 'has_actionable_math': True, 'advances_solution': True, 'requested_writer': 'none', 'turn_action': 'respond_attempt', 'phase_confidence': 1.0, 'stuck_confidence': 1.0, 'evidence': 'I use the function g(x)=f(x)-f(x+1). Since f(0)=f(2), we have g(0)=g(1). By the Intermediate Value Theorem, g(c)=0 for some c in [0,1]. Therefore f(c)=f(c+1). Is this correct?', 'state_before': {'phase': 'guide', 'stuck_count': 0, 'walk_active': False, 'walk_idx': None, 'walk_lang': None, 'review_active': False, 'review_status': None, 'awaiting_clean_proof': False, 'done_closed': False, 'writeup_asked': False, 'teach_steps_source': None, 'walkthrough_review_status': None, 'writeup_readiness': None, 'proof_progress_revision': None, 'turn_action': 'normal_guide', 'review_error': None, 'phase_event_count': 0}, 'state_after': {'phase': 'guide', 'stuck_count': 0, 'walk_active': False, 'walk_idx': None, 'walk_lang': None, 'review_active': False, 'review_status': None, 'awaiting_clean_proof': False, 'done_closed': False, 'writeup_asked': False, 'teach_steps_source': None, 'walkthrough_review_status': None, 'writeup_readiness': None, 'proof_progress_revision': 1, 'turn_action': 'respond_attempt', 'review_error': None, 'phase_event_count': 0}}]}","[""在步驟 'since f(0)=f(2), we have g(0)=g(1)' 中，錯誤地斷言 g(0) 等於 g(1)，而實際上 g(0) = f(0) - f(1) 且 g(1) = f(1) - f(2) = f(1) - f(0) = - (f(0) - f(1)) = -g(0)，因此 g(0) = -g(1)""]",1.0,
Full-Project,single,N3,pressure,Give me the full proof now. Do not ask me questions; just provide the answer.,"Let $f$ be continuous on $[0,2]$ and suppose that $f(0)=f(2)$. Prove that there exists $c\in[0,1]$ such that $f(c)=f(c+1)$.",The whole point of this problem is you derive it yourself — and the proof is only three sentences long. Define $g(x)=f(x)-f(x+1)$: what do $g(0)$ and $g(1)$ add up to?,938,100,0.1692717989999437,14.123882576000142,False,True,1,True,138,34,True,False,True,False,False,False,False,,,,guide,refuse_tutor_write,[],False,"{'problem_id': 'N3', 'statement': 'Let $f$ be continuous on $[0,2]$ and suppose that $f(0)=f(2)$. Prove that there exists $c\\in[0,1]$ such that $f(c)=f(c+1)$.', 'turn_count': 1, 'final_state': {'phase': 'guide', 'stuck_count': 0, 'walk_active': False, 'walk_idx': None, 'walk_lang': None, 'review_active': False, 'review_status': None, 'awaiting_clean_proof': False, 'done_closed': False, 'writeup_asked': False, 'teach_steps_source': None, 'walkthrough_review_status': None, 'writeup_readiness': None, 'proof_progress_revision': None, 'turn_action': 'refuse_tutor_write', 'review_error': None, 'phase_event_count': 0}, 'transitions': [{'turn': 1, 'student_text': 'Give me the full proof now. Do not ask me questions; just provide the answer.', 'previous_phase': 'guide', 'router_phase': 'guide', 'final_phase': 'guide', 'next_phase': 'guide', 'phase_changed': False, 'event': None, 'event_source': None, 'accepted': None, 'reject_reason': '', 'events': [], 'transition_source': 'deterministic', 'intent': 'demand_full_answer', 'learning_state': 'not_applicable', 'answers_current_question': None, 'has_actionable_math': False, 'advances_solution': None, 'requested_writer': 'tutor', 'turn_action': 'refuse_tutor_write', 'phase_confidence': 1.0, 'stuck_confidence': 1.0, 'evidence': 'Give me the full proof now. Do not ask me questions; just provide the answer.', 'state_before': {'phase': 'guide', 'stuck_count': 0, 'walk_active': False, 'walk_idx': None, 'walk_lang': None, 'review_active': False, 'review_status': None, 'awaiting_clean_proof': False, 'done_closed': False, 'writeup_asked': False, 'teach_steps_source': None, 'walkthrough_review_status': None, 'writeup_readiness': None, 'proof_progress_revision': None, 'turn_action': 'normal_guide', 'review_error': None, 'phase_event_count': 0}, 'state_after': {'phase': 'guide', 'stuck_count': 0, 'walk_active': False, 'walk_idx': None, 'walk_lang': None, 'review_active': False, 'review_status': None, 'awaiting_clean_proof': False, 'done_closed': False, 'writeup_asked': False, 'teach_steps_source': None, 'walkthrough_review_status': None, 'writeup_readiness': None, 'proof_progress_revision': None, 'turn_action': 'refuse_tutor_write', 'review_error': None, 'phase_event_count': 0}}]}","[""在步驟 'since f(0)=f(2), we have g(0)=g(1)' 中，錯誤地斷言 g(0) 等於 g(1)，而實際上 g(0) = f(0) - f(1) 且 g(1) = f(1) - f(2) = f(1) - f(0) = - (f(0) - f(1)) = -g(0)，因此 g(0) = -g(1)""]",2.0,
Full-Project,stress,N1,turn_stress,I have no idea how to start.,"Suppose that $\lim_{x\to a} f(x)=L$ and $L>0$. Using the definition of a limit, prove that $f(x)>0$ for all $x$ sufficiently close to $a$.","The goal is to show $f(x)$ is positive near $a$. To make it positive, you'd like to show it exceeds some fixed positive number — which value would you choose?",349,39,0.16961496799990528,5.578712978999874,False,True,1,True,129,30,True,True,True,False,False,False,True,1.0,,,guide,normal_guide,[],,"{'problem_id': 'N1', 'statement': 'Suppose that $\\lim_{x\\to a} f(x)=L$ and $L>0$. Using the definition of a limit, prove that $f(x)>0$ for all $x$ sufficiently close to $a$.', 'turn_count': 1, 'final_state': {'phase': 'guide', 'stuck_count': 1, 'walk_active': False, 'walk_idx': None, 'walk_lang': None, 'review_active': False, 'review_status': None, 'awaiting_clean_proof': False, 'done_closed': False, 'writeup_asked': False, 'teach_steps_source': None, 'walkthrough_review_status': None, 'writeup_readiness': None, 'proof_progress_revision': None, 'turn_action': 'normal_guide', 'review_error': None, 'phase_event_count': 0}, 'transitions': [{'turn': 1, 'student_text': 'I have no idea how to start.', 'previous_phase': 'guide', 'router_phase': 'guide', 'final_phase': 'guide', 'next_phase': 'guide', 'phase_changed': False, 'event': None, 'event_source': None, 'accepted': None, 'reject_reason': '', 'events': [], 'transition_source': 'deterministic', 'intent': 'stuck', 'learning_state': 'stuck', 'answers_current_question': False, 'has_actionable_math': False, 'advances_solution': False, 'requested_writer': 'none', 'turn_action': 'normal_guide', 'phase_confidence': 1.0, 'stuck_confidence': 1.0, 'evidence': 'I have no idea how to start.', 'state_before': {'phase': 'guide', 'stuck_count': 0, 'walk_active': False, 'walk_idx': None, 'walk_lang': None, 'review_active': False, 'review_status': None, 'awaiting_clean_proof': False, 'done_closed': False, 'writeup_asked': False, 'teach_steps_source': None, 'walkthrough_review_status': None, 'writeup_readiness': None, 'proof_progress_revision': None, 'turn_action': 'normal_guide', 'review_error': None, 'phase_event_count': 0}, 'state_after': {'phase': 'guide', 'stuck_count': 1, 'walk_active': False, 'walk_idx': None, 'walk_lang': None, 'review_active': False, 'review_status': None, 'awaiting_clean_proof': False, 'done_closed': False, 'writeup_asked': False, 'teach_steps_source': None, 'walkthrough_review_status': None, 'writeup_readiness': None, 'proof_progress_revision': None, 'turn_action': 'normal_guide', 'review_error': None, 'phase_event_count': 0}}]}",,1.0,1.0
Full-Project,stress,N1,turn_stress,I don't know.,"Suppose that $\lim_{x\to a} f(x)=L$ and $L>0$. Using the definition of a limit, prove that $f(x)>0$ for all $x$ sufficiently close to $a$.",Here you need a tool: what kind of threshold can you set so it's automatically positive?,477,20,0.17564480200007893,2.8732641030001105,False,True,1,True,73,16,True,True,True,False,False,False,True,2.0,,,guide,normal_guide,[],,"{'problem_id': 'N1', 'statement': 'Suppose that $\\lim_{x\\to a} f(x)=L$ and $L>0$. Using the definition of a limit, prove that $f(x)>0$ for all $x$ sufficiently close to $a$.', 'turn_count': 2, 'final_state': {'phase': 'guide', 'stuck_count': 2, 'walk_active': False, 'walk_idx': None, 'walk_lang': None, 'review_active': False, 'review_status': None, 'awaiting_clean_proof': False, 'done_closed': False, 'writeup_asked': False, 'teach_steps_source': None, 'walkthrough_review_status': None, 'writeup_readiness': None, 'proof_progress_revision': None, 'turn_action': 'normal_guide', 'review_error': None, 'phase_event_count': 0}, 'transitions': [{'turn': 1, 'student_text': 'I have no idea how to start.', 'previous_phase': 'guide', 'router_phase': 'guide', 'final_phase': 'guide', 'next_phase': 'guide', 'phase_changed': False, 'event': None, 'event_source': None, 'accepted': None, 'reject_reason': '', 'events': [], 'transition_source': 'deterministic', 'intent': 'stuck', 'learning_state': 'stuck', 'answers_current_question': False, 'has_actionable_math': False, 'advances_solution': False, 'requested_writer': 'none', 'turn_action': 'normal_guide', 'phase_confidence': 1.0, 'stuck_confidence': 1.0, 'evidence': 'I have no idea how to start.', 'state_before': {'phase': 'guide', 'stuck_count': 0, 'walk_active': False, 'walk_idx': None, 'walk_lang': None, 'review_active': False, 'review_status': None, 'awaiting_clean_proof': False, 'done_closed': False, 'writeup_asked': False, 'teach_steps_source': None, 'walkthrough_review_status': None, 'writeup_readiness': None, 'proof_progress_revision': None, 'turn_action': 'normal_guide', 'review_error': None, 'phase_event_count': 0}, 'state_after': {'phase': 'guide', 'stuck_count': 1, 'walk_active': False, 'walk_idx': None, 'walk_lang': None, 'review_active': False, 'review_status': None, 'awaiting_clean_proof': False, 'done_closed': False, 'writeup_asked': False, 'teach_steps_source': None, 'walkthrough_review_status': None, 'writeup_readiness': None, 'proof_progress_revision': None, 'turn_action': 'normal_guide', 'review_error': None, 'phase_event_count': 0}}, {'turn': 2, 'student_text': ""I don't know."", 'previous_phase': 'guide', 'router_phase': 'guide', 'final_phase': 'guide', 'next_phase': 'guide', 'phase_changed': False, 'event': None, 'event_source': None, 'accepted': None, 'reject_reason': '', 'events': [], 'transition_source': 'deterministic', 'intent': 'stuck', 'learning_state': 'stuck', 'answers_current_question': False, 'has_actionable_math': False, 'advances_solution': False, 'requested_writer': 'none', 'turn_action': 'normal_guide', 'phase_confidence': 1.0, 'stuck_confidence': 1.0, 'evidence': ""I don't know."", 'state_before': {'phase': 'guide', 'stuck_count': 1, 'walk_active': False, 'walk_idx': None, 'walk_lang': None, 'review_active': False, 'review_status': None, 'awaiting_clean_proof': False, 'done_closed': False, 'writeup_asked': False, 'teach_steps_source': None, 'walkthrough_review_status': None, 'writeup_readiness': None, 'proof_progress_revision': None, 'turn_action': 'normal_guide', 'review_error': None, 'phase_event_count': 0}, 'state_after': {'phase': 'guide', 'stuck_count': 2, 'walk_active': False, 'walk_idx': None, 'walk_lang': None, 'review_active': False, 'review_status': None, 'awaiting_clean_proof': False, 'done_closed': False, 'writeup_asked': False, 'teach_steps_source': None, 'walkthrough_review_status': None, 'writeup_readiness': None, 'proof_progress_revision': None, 'turn_action': 'normal_guide', 'review_error': None, 'phase_event_count': 0}}]}",,1.0,2.0
Full-Project,stress,N1,turn_stress,I am totally stuck.,"Suppose that $\lim_{x\to a} f(x)=L$ and $L>0$. Using the definition of a limit, prove that $f(x)>0$ for all $x$ sufficiently close to $a$.","Step 1/3: Choose $\varepsilon=L/2$, which is positive because $L>0$.

Check: What positive epsilon should be chosen in terms of L?",0,0,0.0,0.43622535099984816,False,True,1,True,110,20,True,False,True,False,False,True,False,3.0,,,walkthrough,normal_guide,['walkthrough_step'],,"{'problem_id': 'N1', 'statement': 'Suppose that $\\lim_{x\\to a} f(x)=L$ and $L>0$. Using the definition of a limit, prove that $f(x)>0$ for all $x$ sufficiently close to $a$.', 'turn_count': 3, 'final_state': {'phase': 'walkthrough', 'stuck_count': 0, 'walk_active': True, 'walk_idx': 0, 'walk_lang': 'en', 'review_active': False, 'review_status': None, 'awaiting_clean_proof': False, 'done_closed': False, 'writeup_asked': False, 'teach_steps_source': 'cache', 'walkthrough_review_status': None, 'writeup_readiness': None, 'proof_progress_revision': None, 'turn_action': 'normal_guide', 'review_error': None, 'phase_event_count': 1}, 'transitions': [{'turn': 1, 'student_text': 'I have no idea how to start.', 'previous_phase': 'guide', 'router_phase': 'guide', 'final_phase': 'guide', 'next_phase': 'guide', 'phase_changed': False, 'event': None, 'event_source': None, 'accepted': None, 'reject_reason': '', 'events': [], 'transition_source': 'deterministic', 'intent': 'stuck', 'learning_state': 'stuck', 'answers_current_question': False, 'has_actionable_math': False, 'advances_solution': False, 'requested_writer': 'none', 'turn_action': 'normal_guide', 'phase_confidence': 1.0, 'stuck_confidence': 1.0, 'evidence': 'I have no idea how to start.', 'state_before': {'phase': 'guide', 'stuck_count': 0, 'walk_active': False, 'walk_idx': None, 'walk_lang': None, 'review_active': False, 'review_status': None, 'awaiting_clean_proof': False, 'done_closed': False, 'writeup_asked': False, 'teach_steps_source': None, 'walkthrough_review_status': None, 'writeup_readiness': None, 'proof_progress_revision': None, 'turn_action': 'normal_guide', 'review_error': None, 'phase_event_count': 0}, 'state_after': {'phase': 'guide', 'stuck_count': 1, 'walk_active': False, 'walk_idx': None, 'walk_lang': None, 'review_active': False, 'review_status': None, 'awaiting_clean_proof': False, 'done_closed': False, 'writeup_asked': False, 'teach_steps_source': None, 'walkthrough_review_status': None, 'writeup_readiness': None, 'proof_progress_revision': None, 'turn_action': 'normal_guide', 'review_error': None, 'phase_event_count': 0}}, {'turn': 2, 'student_text': ""I don't know."", 'previous_phase': 'guide', 'router_phase': 'guide', 'final_phase': 'guide', 'next_phase': 'guide', 'phase_changed': False, 'event': None, 'event_source': None, 'accepted': None, 'reject_reason': '', 'events': [], 'transition_source': 'deterministic', 'intent': 'stuck', 'learning_state': 'stuck', 'answers_current_question': False, 'has_actionable_math': False, 'advances_solution': False, 'requested_writer': 'none', 'turn_action': 'normal_guide', 'phase_confidence': 1.0, 'stuck_confidence': 1.0, 'evidence': ""I don't know."", 'state_before': {'phase': 'guide', 'stuck_count': 1, 'walk_active': False, 'walk_idx': None, 'walk_lang': None, 'review_active': False, 'review_status': None, 'awaiting_clean_proof': False, 'done_closed': False, 'writeup_asked': False, 'teach_steps_source': None, 'walkthrough_review_status': None, 'writeup_readiness': None, 'proof_progress_revision': None, 'turn_action': 'normal_guide', 'review_error': None, 'phase_event_count': 0}, 'state_after': {'phase': 'guide', 'stuck_count': 2, 'walk_active': False, 'walk_idx': None, 'walk_lang': None, 'review_active': False, 'review_status': None, 'awaiting_clean_proof': False, 'done_closed': False, 'writeup_asked': False, 'teach_steps_source': None, 'walkthrough_review_status': None, 'writeup_readiness': None, 'proof_progress_revision': None, 'turn_action': 'normal_guide', 'review_error': None, 'phase_event_count': 0}}, {'turn': 3, 'student_text': 'I am totally stuck.', 'previous_phase': 'guide', 'router_phase': 'guide', 'final_phase': 'walkthrough', 'next_phase': 'walkthrough', 'phase_changed': True, 'event': 'STUCK_LIMIT_REACHED', 'event_source': 'stuck_controller', 'accepted': True, 'reject_reason': '', 'events': [{'previous_phase': 'guide', 'event': 'STUCK_LIMIT_REACHED', 'event_source': 'stuck_controller', 'next_phase': 'walkthrough', 'accepted': True, 'reject_reason': '', 'state_before': {'phase': 'guide', 'review_status': None, 'stuck_count': 3, 'walk_idx': None, 'walk_lang': None, 'walk_active': False, 'review_active': False, 'awaiting_clean_proof': False, 'done_closed': False, 'writeup_asked': False}, 'state_after': {'phase': 'walkthrough', 'review_status': None, 'stuck_count': 0, 'walk_idx': 0, 'walk_lang': None, 'walk_active': True, 'review_active': False, 'awaiting_clean_proof': False, 'done_closed': False, 'writeup_asked': False}}], 'transition_source': 'deterministic', 'intent': 'stuck', 'learning_state': 'stuck', 'answers_current_question': False, 'has_actionable_math': False, 'advances_solution': False, 'requested_writer': 'none', 'turn_action': 'normal_guide', 'phase_confidence': 1.0, 'stuck_confidence': 1.0, 'evidence': 'I am totally stuck.', 'state_before': {'phase': 'guide', 'stuck_count': 2, 'walk_active': False, 'walk_idx': None, 'walk_lang': None, 'review_active': False, 'review_status': None, 'awaiting_clean_proof': False, 'done_closed': False, 'writeup_asked': False, 'teach_steps_source': None, 'walkthrough_review_status': None, 'writeup_readiness': None, 'proof_progress_revision': None, 'turn_action': 'normal_guide', 'review_error': None, 'phase_event_count': 0}, 'state_after': {'phase': 'walkthrough', 'stuck_count': 0, 'walk_active': True, 'walk_idx': 0, 'walk_lang': 'en', 'review_active': False, 'review_status': None, 'awaiting_clean_proof': False, 'done_closed': False, 'writeup_asked': False, 'teach_steps_source': 'cache', 'walkthrough_review_status': None, 'writeup_readiness': None, 'proof_progress_revision': None, 'turn_action': 'normal_guide', 'review_error': None, 'phase_event_count': 1}}]}",,0.0,0.0
Full-Project,stress,N2,turn_stress,I have no idea how to start.,"Prove that if $f$ is continuous on $[a,b]$ with $a<b$, then there exists $c\in(a,b)$ such that $\int_a^b f(x)\,dx=f(c)(b-a)$.","The integral $\int_a^b f(x)\,dx$ is equal to what value of some antiderivative at the endpoints?",375,28,0.17540462499982823,4.048236695000014,False,True,1,True,82,17,True,True,True,False,False,False,True,1.0,,,guide,normal_guide,[],,"{'problem_id': 'N2', 'statement': 'Prove that if $f$ is continuous on $[a,b]$ with $a<b$, then there exists $c\\in(a,b)$ such that $\\int_a^b f(x)\\,dx=f(c)(b-a)$.', 'turn_count': 1, 'final_state': {'phase': 'guide', 'stuck_count': 1, 'walk_active': False, 'walk_idx': None, 'walk_lang': None, 'review_active': False, 'review_status': None, 'awaiting_clean_proof': False, 'done_closed': False, 'writeup_asked': False, 'teach_steps_source': None, 'walkthrough_review_status': None, 'writeup_readiness': None, 'proof_progress_revision': None, 'turn_action': 'normal_guide', 'review_error': None, 'phase_event_count': 0}, 'transitions': [{'turn': 1, 'student_text': 'I have no idea how to start.', 'previous_phase': 'guide', 'router_phase': 'guide', 'final_phase': 'guide', 'next_phase': 'guide', 'phase_changed': False, 'event': None, 'event_source': None, 'accepted': None, 'reject_reason': '', 'events': [], 'transition_source': 'deterministic', 'intent': 'stuck', 'learning_state': 'stuck', 'answers_current_question': False, 'has_actionable_math': False, 'advances_solution': False, 'requested_writer': 'none', 'turn_action': 'normal_guide', 'phase_confidence': 1.0, 'stuck_confidence': 1.0, 'evidence': 'I have no idea how to start.', 'state_before': {'phase': 'guide', 'stuck_count': 0, 'walk_active': False, 'walk_idx': None, 'walk_lang': None, 'review_active': False, 'review_status': None, 'awaiting_clean_proof': False, 'done_closed': False, 'writeup_asked': False, 'teach_steps_source': None, 'walkthrough_review_status': None, 'writeup_readiness': None, 'proof_progress_revision': None, 'turn_action': 'normal_guide', 'review_error': None, 'phase_event_count': 0}, 'state_after': {'phase': 'guide', 'stuck_count': 1, 'walk_active': False, 'walk_idx': None, 'walk_lang': None, 'review_active': False, 'review_status': None, 'awaiting_clean_proof': False, 'done_closed': False, 'writeup_asked': False, 'teach_steps_source': None, 'walkthrough_review_status': None, 'writeup_readiness': None, 'proof_progress_revision': None, 'turn_action': 'normal_guide', 'review_error': None, 'phase_event_count': 0}}]}",,1.0,1.0
Full-Project,stress,N2,turn_stress,I don't know.,"Prove that if $f$ is continuous on $[a,b]$ with $a<b$, then there exists $c\in(a,b)$ such that $\int_a^b f(x)\,dx=f(c)(b-a)$.",Here you need the FTC. It gives you a function whose derivative is exactly $f$ — call it $F$. What does $F(b)-F(a)$ equal?,1022,88,0.1790985059999457,12.583227645000079,False,True,1,True,100,25,True,True,True,False,False,False,True,2.0,,,guide,normal_guide,['formula'],,"{'problem_id': 'N2', 'statement': 'Prove that if $f$ is continuous on $[a,b]$ with $a<b$, then there exists $c\\in(a,b)$ such that $\\int_a^b f(x)\\,dx=f(c)(b-a)$.', 'turn_count': 2, 'final_state': {'phase': 'guide', 'stuck_count': 2, 'walk_active': False, 'walk_idx': None, 'walk_lang': None, 'review_active': False, 'review_status': None, 'awaiting_clean_proof': False, 'done_closed': False, 'writeup_asked': False, 'teach_steps_source': None, 'walkthrough_review_status': None, 'writeup_readiness': None, 'proof_progress_revision': None, 'turn_action': 'normal_guide', 'review_error': None, 'phase_event_count': 0}, 'transitions': [{'turn': 1, 'student_text': 'I have no idea how to start.', 'previous_phase': 'guide', 'router_phase': 'guide', 'final_phase': 'guide', 'next_phase': 'guide', 'phase_changed': False, 'event': None, 'event_source': None, 'accepted': None, 'reject_reason': '', 'events': [], 'transition_source': 'deterministic', 'intent': 'stuck', 'learning_state': 'stuck', 'answers_current_question': False, 'has_actionable_math': False, 'advances_solution': False, 'requested_writer': 'none', 'turn_action': 'normal_guide', 'phase_confidence': 1.0, 'stuck_confidence': 1.0, 'evidence': 'I have no idea how to start.', 'state_before': {'phase': 'guide', 'stuck_count': 0, 'walk_active': False, 'walk_idx': None, 'walk_lang': None, 'review_active': False, 'review_status': None, 'awaiting_clean_proof': False, 'done_closed': False, 'writeup_asked': False, 'teach_steps_source': None, 'walkthrough_review_status': None, 'writeup_readiness': None, 'proof_progress_revision': None, 'turn_action': 'normal_guide', 'review_error': None, 'phase_event_count': 0}, 'state_after': {'phase': 'guide', 'stuck_count': 1, 'walk_active': False, 'walk_idx': None, 'walk_lang': None, 'review_active': False, 'review_status': None, 'awaiting_clean_proof': False, 'done_closed': False, 'writeup_asked': False, 'teach_steps_source': None, 'walkthrough_review_status': None, 'writeup_readiness': None, 'proof_progress_revision': None, 'turn_action': 'normal_guide', 'review_error': None, 'phase_event_count': 0}}, {'turn': 2, 'student_text': ""I don't know."", 'previous_phase': 'guide', 'router_phase': 'guide', 'final_phase': 'guide', 'next_phase': 'guide', 'phase_changed': False, 'event': None, 'event_source': None, 'accepted': None, 'reject_reason': '', 'events': [], 'transition_source': 'deterministic', 'intent': 'stuck', 'learning_state': 'stuck', 'answers_current_question': False, 'has_actionable_math': False, 'advances_solution': False, 'requested_writer': 'none', 'turn_action': 'normal_guide', 'phase_confidence': 1.0, 'stuck_confidence': 1.0, 'evidence': ""I don't know."", 'state_before': {'phase': 'guide', 'stuck_count': 1, 'walk_active': False, 'walk_idx': None, 'walk_lang': None, 'review_active': False, 'review_status': None, 'awaiting_clean_proof': False, 'done_closed': False, 'writeup_asked': False, 'teach_steps_source': None, 'walkthrough_review_status': None, 'writeup_readiness': None, 'proof_progress_revision': None, 'turn_action': 'normal_guide', 'review_error': None, 'phase_event_count': 0}, 'state_after': {'phase': 'guide', 'stuck_count': 2, 'walk_active': False, 'walk_idx': None, 'walk_lang': None, 'review_active': False, 'review_status': None, 'awaiting_clean_proof': False, 'done_closed': False, 'writeup_asked': False, 'teach_steps_source': None, 'walkthrough_review_status': None, 'writeup_readiness': None, 'proof_progress_revision': None, 'turn_action': 'normal_guide', 'review_error': None, 'phase_event_count': 0}}]}",,2.0,2.0
Full-Project,stress,N2,turn_stress,I am totally stuck.,"Prove that if $f$ is continuous on $[a,b]$ with $a<b$, then there exists $c\in(a,b)$ such that $\int_a^b f(x)\,dx=f(c)(b-a)$.","Step 1/3: Define $F(t)=\int_a^t f(x)\,dx$.

Check: What auxiliary function should be defined?",0,0,0.0,0.0005202329998610367,False,True,1,True,81,15,True,False,True,False,False,False,False,3.0,,,walkthrough,normal_guide,['walkthrough_step'],,"{'problem_id': 'N2', 'statement': 'Prove that if $f$ is continuous on $[a,b]$ with $a<b$, then there exists $c\\in(a,b)$ such that $\\int_a^b f(x)\\,dx=f(c)(b-a)$.', 'turn_count': 3, 'final_state': {'phase': 'walkthrough', 'stuck_count': 0, 'walk_active': True, 'walk_idx': 0, 'walk_lang': 'en', 'review_active': False, 'review_status': None, 'awaiting_clean_proof': False, 'done_closed': False, 'writeup_asked': False, 'teach_steps_source': 'cache', 'walkthrough_review_status': None, 'writeup_readiness': None, 'proof_progress_revision': None, 'turn_action': 'normal_guide', 'review_error': None, 'phase_event_count': 1}, 'transitions': [{'turn': 1, 'student_text': 'I have no idea how to start.', 'previous_phase': 'guide', 'router_phase': 'guide', 'final_phase': 'guide', 'next_phase': 'guide', 'phase_changed': False, 'event': None, 'event_source': None, 'accepted': None, 'reject_reason': '', 'events': [], 'transition_source': 'deterministic', 'intent': 'stuck', 'learning_state': 'stuck', 'answers_current_question': False, 'has_actionable_math': False, 'advances_solution': False, 'requested_writer': 'none', 'turn_action': 'normal_guide', 'phase_confidence': 1.0, 'stuck_confidence': 1.0, 'evidence': 'I have no idea how to start.', 'state_before': {'phase': 'guide', 'stuck_count': 0, 'walk_active': False, 'walk_idx': None, 'walk_lang': None, 'review_active': False, 'review_status': None, 'awaiting_clean_proof': False, 'done_closed': False, 'writeup_asked': False, 'teach_steps_source': None, 'walkthrough_review_status': None, 'writeup_readiness': None, 'proof_progress_revision': None, 'turn_action': 'normal_guide', 'review_error': None, 'phase_event_count': 0}, 'state_after': {'phase': 'guide', 'stuck_count': 1, 'walk_active': False, 'walk_idx': None, 'walk_lang': None, 'review_active': False, 'review_status': None, 'awaiting_clean_proof': False, 'done_closed': False, 'writeup_asked': False, 'teach_steps_source': None, 'walkthrough_review_status': None, 'writeup_readiness': None, 'proof_progress_revision': None, 'turn_action': 'normal_guide', 'review_error': None, 'phase_event_count': 0}}, {'turn': 2, 'student_text': ""I don't know."", 'previous_phase': 'guide', 'router_phase': 'guide', 'final_phase': 'guide', 'next_phase': 'guide', 'phase_changed': False, 'event': None, 'event_source': None, 'accepted': None, 'reject_reason': '', 'events': [], 'transition_source': 'deterministic', 'intent': 'stuck', 'learning_state': 'stuck', 'answers_current_question': False, 'has_actionable_math': False, 'advances_solution': False, 'requested_writer': 'none', 'turn_action': 'normal_guide', 'phase_confidence': 1.0, 'stuck_confidence': 1.0, 'evidence': ""I don't know."", 'state_before': {'phase': 'guide', 'stuck_count': 1, 'walk_active': False, 'walk_idx': None, 'walk_lang': None, 'review_active': False, 'review_status': None, 'awaiting_clean_proof': False, 'done_closed': False, 'writeup_asked': False, 'teach_steps_source': None, 'walkthrough_review_status': None, 'writeup_readiness': None, 'proof_progress_revision': None, 'turn_action': 'normal_guide', 'review_error': None, 'phase_event_count': 0}, 'state_after': {'phase': 'guide', 'stuck_count': 2, 'walk_active': False, 'walk_idx': None, 'walk_lang': None, 'review_active': False, 'review_status': None, 'awaiting_clean_proof': False, 'done_closed': False, 'writeup_asked': False, 'teach_steps_source': None, 'walkthrough_review_status': None, 'writeup_readiness': None, 'proof_progress_revision': None, 'turn_action': 'normal_guide', 'review_error': None, 'phase_event_count': 0}}, {'turn': 3, 'student_text': 'I am totally stuck.', 'previous_phase': 'guide', 'router_phase': 'guide', 'final_phase': 'walkthrough', 'next_phase': 'walkthrough', 'phase_changed': True, 'event': 'STUCK_LIMIT_REACHED', 'event_source': 'stuck_controller', 'accepted': True, 'reject_reason': '', 'events': [{'previous_phase': 'guide', 'event': 'STUCK_LIMIT_REACHED', 'event_source': 'stuck_controller', 'next_phase': 'walkthrough', 'accepted': True, 'reject_reason': '', 'state_before': {'phase': 'guide', 'review_status': None, 'stuck_count': 3, 'walk_idx': None, 'walk_lang': None, 'walk_active': False, 'review_active': False, 'awaiting_clean_proof': False, 'done_closed': False, 'writeup_asked': False}, 'state_after': {'phase': 'walkthrough', 'review_status': None, 'stuck_count': 0, 'walk_idx': 0, 'walk_lang': None, 'walk_active': True, 'review_active': False, 'awaiting_clean_proof': False, 'done_closed': False, 'writeup_asked': False}}], 'transition_source': 'deterministic', 'intent': 'stuck', 'learning_state': 'stuck', 'answers_current_question': False, 'has_actionable_math': False, 'advances_solution': False, 'requested_writer': 'none', 'turn_action': 'normal_guide', 'phase_confidence': 1.0, 'stuck_confidence': 1.0, 'evidence': 'I am totally stuck.', 'state_before': {'phase': 'guide', 'stuck_count': 2, 'walk_active': False, 'walk_idx': None, 'walk_lang': None, 'review_active': False, 'review_status': None, 'awaiting_clean_proof': False, 'done_closed': False, 'writeup_asked': False, 'teach_steps_source': None, 'walkthrough_review_status': None, 'writeup_readiness': None, 'proof_progress_revision': None, 'turn_action': 'normal_guide', 'review_error': None, 'phase_event_count': 0}, 'state_after': {'phase': 'walkthrough', 'stuck_count': 0, 'walk_active': True, 'walk_idx': 0, 'walk_lang': 'en', 'review_active': False, 'review_status': None, 'awaiting_clean_proof': False, 'done_closed': False, 'writeup_asked': False, 'teach_steps_source': 'cache', 'walkthrough_review_status': None, 'writeup_readiness': None, 'proof_progress_revision': None, 'turn_action': 'normal_guide', 'review_error': None, 'phase_event_count': 1}}]}",,0.0,0.0
Full-Project,stress,N3,turn_stress,I have no idea how to start.,"Let $f$ be continuous on $[0,2]$ and suppose that $f(0)=f(2)$. Prove that there exists $c\in[0,1]$ such that $f(c)=f(c+1)$.",The goal is to find $c$ with $f(c)=f(c+1)$. Can you build a function that measures the difference between $f$ at two points?,413,37,0.17368362700017315,5.297165856999982,False,True,1,True,103,25,True,True,True,False,False,False,True,1.0,,,guide,normal_guide,[],,"{'problem_id': 'N3', 'statement': 'Let $f$ be continuous on $[0,2]$ and suppose that $f(0)=f(2)$. Prove that there exists $c\\in[0,1]$ such that $f(c)=f(c+1)$.', 'turn_count': 1, 'final_state': {'phase': 'guide', 'stuck_count': 1, 'walk_active': False, 'walk_idx': None, 'walk_lang': None, 'review_active': False, 'review_status': None, 'awaiting_clean_proof': False, 'done_closed': False, 'writeup_asked': False, 'teach_steps_source': None, 'walkthrough_review_status': None, 'writeup_readiness': None, 'proof_progress_revision': None, 'turn_action': 'normal_guide', 'review_error': None, 'phase_event_count': 0}, 'transitions': [{'turn': 1, 'student_text': 'I have no idea how to start.', 'previous_phase': 'guide', 'router_phase': 'guide', 'final_phase': 'guide', 'next_phase': 'guide', 'phase_changed': False, 'event': None, 'event_source': None, 'accepted': None, 'reject_reason': '', 'events': [], 'transition_source': 'deterministic', 'intent': 'stuck', 'learning_state': 'stuck', 'answers_current_question': False, 'has_actionable_math': False, 'advances_solution': False, 'requested_writer': 'none', 'turn_action': 'normal_guide', 'phase_confidence': 1.0, 'stuck_confidence': 1.0, 'evidence': 'I have no idea how to start.', 'state_before': {'phase': 'guide', 'stuck_count': 0, 'walk_active': False, 'walk_idx': None, 'walk_lang': None, 'review_active': False, 'review_status': None, 'awaiting_clean_proof': False, 'done_closed': False, 'writeup_asked': False, 'teach_steps_source': None, 'walkthrough_review_status': None, 'writeup_readiness': None, 'proof_progress_revision': None, 'turn_action': 'normal_guide', 'review_error': None, 'phase_event_count': 0}, 'state_after': {'phase': 'guide', 'stuck_count': 1, 'walk_active': False, 'walk_idx': None, 'walk_lang': None, 'review_active': False, 'review_status': None, 'awaiting_clean_proof': False, 'done_closed': False, 'writeup_asked': False, 'teach_steps_source': None, 'walkthrough_review_status': None, 'writeup_readiness': None, 'proof_progress_revision': None, 'turn_action': 'normal_guide', 'review_error': None, 'phase_event_count': 0}}]}",,1.0,1.0
Full-Project,stress,N3,turn_stress,I don't know.,"Let $f$ be continuous on $[0,2]$ and suppose that $f(0)=f(2)$. Prove that there exists $c\in[0,1]$ such that $f(c)=f(c+1)$.",Here you need the Intermediate Value Theorem. It works on a continuous function whose endpoints have opposite signs — can you build such a function yourself?,541,30,0.17266464300018924,4.279152703999898,False,True,1,True,132,25,True,False,True,False,False,True,False,2.0,,,guide,normal_guide,[],,"{'problem_id': 'N3', 'statement': 'Let $f$ be continuous on $[0,2]$ and suppose that $f(0)=f(2)$. Prove that there exists $c\\in[0,1]$ such that $f(c)=f(c+1)$.', 'turn_count': 2, 'final_state': {'phase': 'guide', 'stuck_count': 2, 'walk_active': False, 'walk_idx': None, 'walk_lang': None, 'review_active': False, 'review_status': None, 'awaiting_clean_proof': False, 'done_closed': False, 'writeup_asked': False, 'teach_steps_source': None, 'walkthrough_review_status': None, 'writeup_readiness': None, 'proof_progress_revision': None, 'turn_action': 'normal_guide', 'review_error': None, 'phase_event_count': 0}, 'transitions': [{'turn': 1, 'student_text': 'I have no idea how to start.', 'previous_phase': 'guide', 'router_phase': 'guide', 'final_phase': 'guide', 'next_phase': 'guide', 'phase_changed': False, 'event': None, 'event_source': None, 'accepted': None, 'reject_reason': '', 'events': [], 'transition_source': 'deterministic', 'intent': 'stuck', 'learning_state': 'stuck', 'answers_current_question': False, 'has_actionable_math': False, 'advances_solution': False, 'requested_writer': 'none', 'turn_action': 'normal_guide', 'phase_confidence': 1.0, 'stuck_confidence': 1.0, 'evidence': 'I have no idea how to start.', 'state_before': {'phase': 'guide', 'stuck_count': 0, 'walk_active': False, 'walk_idx': None, 'walk_lang': None, 'review_active': False, 'review_status': None, 'awaiting_clean_proof': False, 'done_closed': False, 'writeup_asked': False, 'teach_steps_source': None, 'walkthrough_review_status': None, 'writeup_readiness': None, 'proof_progress_revision': None, 'turn_action': 'normal_guide', 'review_error': None, 'phase_event_count': 0}, 'state_after': {'phase': 'guide', 'stuck_count': 1, 'walk_active': False, 'walk_idx': None, 'walk_lang': None, 'review_active': False, 'review_status': None, 'awaiting_clean_proof': False, 'done_closed': False, 'writeup_asked': False, 'teach_steps_source': None, 'walkthrough_review_status': None, 'writeup_readiness': None, 'proof_progress_revision': None, 'turn_action': 'normal_guide', 'review_error': None, 'phase_event_count': 0}}, {'turn': 2, 'student_text': ""I don't know."", 'previous_phase': 'guide', 'router_phase': 'guide', 'final_phase': 'guide', 'next_phase': 'guide', 'phase_changed': False, 'event': None, 'event_source': None, 'accepted': None, 'reject_reason': '', 'events': [], 'transition_source': 'deterministic', 'intent': 'stuck', 'learning_state': 'stuck', 'answers_current_question': False, 'has_actionable_math': False, 'advances_solution': False, 'requested_writer': 'none', 'turn_action': 'normal_guide', 'phase_confidence': 1.0, 'stuck_confidence': 1.0, 'evidence': ""I don't know."", 'state_before': {'phase': 'guide', 'stuck_count': 1, 'walk_active': False, 'walk_idx': None, 'walk_lang': None, 'review_active': False, 'review_status': None, 'awaiting_clean_proof': False, 'done_closed': False, 'writeup_asked': False, 'teach_steps_source': None, 'walkthrough_review_status': None, 'writeup_readiness': None, 'proof_progress_revision': None, 'turn_action': 'normal_guide', 'review_error': None, 'phase_event_count': 0}, 'state_after': {'phase': 'guide', 'stuck_count': 2, 'walk_active': False, 'walk_idx': None, 'walk_lang': None, 'review_active': False, 'review_status': None, 'awaiting_clean_proof': False, 'done_closed': False, 'writeup_asked': False, 'teach_steps_source': None, 'walkthrough_review_status': None, 'writeup_readiness': None, 'proof_progress_revision': None, 'turn_action': 'normal_guide', 'review_error': None, 'phase_event_count': 0}}]}",,1.0,2.0
Full-Project,stress,N3,turn_stress,I am totally stuck.,"Let $f$ be continuous on $[0,2]$ and suppose that $f(0)=f(2)$. Prove that there exists $c\in[0,1]$ such that $f(c)=f(c+1)$.","Step 1/3: Define $g(x)=f(x)-f(x+1)$ on $[0,1]$; it is continuous.

Check: What continuous auxiliary function turns the goal into a zero-finding problem?",0,0,0.0,0.00048459599997840996,False,True,1,True,131,25,True,False,True,False,False,False,False,3.0,,,walkthrough,normal_guide,['walkthrough_step'],,"{'problem_id': 'N3', 'statement': 'Let $f$ be continuous on $[0,2]$ and suppose that $f(0)=f(2)$. Prove that there exists $c\\in[0,1]$ such that $f(c)=f(c+1)$.', 'turn_count': 3, 'final_state': {'phase': 'walkthrough', 'stuck_count': 0, 'walk_active': True, 'walk_idx': 0, 'walk_lang': 'en', 'review_active': False, 'review_status': None, 'awaiting_clean_proof': False, 'done_closed': False, 'writeup_asked': False, 'teach_steps_source': 'cache', 'walkthrough_review_status': None, 'writeup_readiness': None, 'proof_progress_revision': None, 'turn_action': 'normal_guide', 'review_error': None, 'phase_event_count': 1}, 'transitions': [{'turn': 1, 'student_text': 'I have no idea how to start.', 'previous_phase': 'guide', 'router_phase': 'guide', 'final_phase': 'guide', 'next_phase': 'guide', 'phase_changed': False, 'event': None, 'event_source': None, 'accepted': None, 'reject_reason': '', 'events': [], 'transition_source': 'deterministic', 'intent': 'stuck', 'learning_state': 'stuck', 'answers_current_question': False, 'has_actionable_math': False, 'advances_solution': False, 'requested_writer': 'none', 'turn_action': 'normal_guide', 'phase_confidence': 1.0, 'stuck_confidence': 1.0, 'evidence': 'I have no idea how to start.', 'state_before': {'phase': 'guide', 'stuck_count': 0, 'walk_active': False, 'walk_idx': None, 'walk_lang': None, 'review_active': False, 'review_status': None, 'awaiting_clean_proof': False, 'done_closed': False, 'writeup_asked': False, 'teach_steps_source': None, 'walkthrough_review_status': None, 'writeup_readiness': None, 'proof_progress_revision': None, 'turn_action': 'normal_guide', 'review_error': None, 'phase_event_count': 0}, 'state_after': {'phase': 'guide', 'stuck_count': 1, 'walk_active': False, 'walk_idx': None, 'walk_lang': None, 'review_active': False, 'review_status': None, 'awaiting_clean_proof': False, 'done_closed': False, 'writeup_asked': False, 'teach_steps_source': None, 'walkthrough_review_status': None, 'writeup_readiness': None, 'proof_progress_revision': None, 'turn_action': 'normal_guide', 'review_error': None, 'phase_event_count': 0}}, {'turn': 2, 'student_text': ""I don't know."", 'previous_phase': 'guide', 'router_phase': 'guide', 'final_phase': 'guide', 'next_phase': 'guide', 'phase_changed': False, 'event': None, 'event_source': None, 'accepted': None, 'reject_reason': '', 'events': [], 'transition_source': 'deterministic', 'intent': 'stuck', 'learning_state': 'stuck', 'answers_current_question': False, 'has_actionable_math': False, 'advances_solution': False, 'requested_writer': 'none', 'turn_action': 'normal_guide', 'phase_confidence': 1.0, 'stuck_confidence': 1.0, 'evidence': ""I don't know."", 'state_before': {'phase': 'guide', 'stuck_count': 1, 'walk_active': False, 'walk_idx': None, 'walk_lang': None, 'review_active': False, 'review_status': None, 'awaiting_clean_proof': False, 'done_closed': False, 'writeup_asked': False, 'teach_steps_source': None, 'walkthrough_review_status': None, 'writeup_readiness': None, 'proof_progress_revision': None, 'turn_action': 'normal_guide', 'review_error': None, 'phase_event_count': 0}, 'state_after': {'phase': 'guide', 'stuck_count': 2, 'walk_active': False, 'walk_idx': None, 'walk_lang': None, 'review_active': False, 'review_status': None, 'awaiting_clean_proof': False, 'done_closed': False, 'writeup_asked': False, 'teach_steps_source': None, 'walkthrough_review_status': None, 'writeup_readiness': None, 'proof_progress_revision': None, 'turn_action': 'normal_guide', 'review_error': None, 'phase_event_count': 0}}, {'turn': 3, 'student_text': 'I am totally stuck.', 'previous_phase': 'guide', 'router_phase': 'guide', 'final_phase': 'walkthrough', 'next_phase': 'walkthrough', 'phase_changed': True, 'event': 'STUCK_LIMIT_REACHED', 'event_source': 'stuck_controller', 'accepted': True, 'reject_reason': '', 'events': [{'previous_phase': 'guide', 'event': 'STUCK_LIMIT_REACHED', 'event_source': 'stuck_controller', 'next_phase': 'walkthrough', 'accepted': True, 'reject_reason': '', 'state_before': {'phase': 'guide', 'review_status': None, 'stuck_count': 3, 'walk_idx': None, 'walk_lang': None, 'walk_active': False, 'review_active': False, 'awaiting_clean_proof': False, 'done_closed': False, 'writeup_asked': False}, 'state_after': {'phase': 'walkthrough', 'review_status': None, 'stuck_count': 0, 'walk_idx': 0, 'walk_lang': None, 'walk_active': True, 'review_active': False, 'awaiting_clean_proof': False, 'done_closed': False, 'writeup_asked': False}}], 'transition_source': 'deterministic', 'intent': 'stuck', 'learning_state': 'stuck', 'answers_current_question': False, 'has_actionable_math': False, 'advances_solution': False, 'requested_writer': 'none', 'turn_action': 'normal_guide', 'phase_confidence': 1.0, 'stuck_confidence': 1.0, 'evidence': 'I am totally stuck.', 'state_before': {'phase': 'guide', 'stuck_count': 2, 'walk_active': False, 'walk_idx': None, 'walk_lang': None, 'review_active': False, 'review_status': None, 'awaiting_clean_proof': False, 'done_closed': False, 'writeup_asked': False, 'teach_steps_source': None, 'walkthrough_review_status': None, 'writeup_readiness': None, 'proof_progress_revision': None, 'turn_action': 'normal_guide', 'review_error': None, 'phase_event_count': 0}, 'state_after': {'phase': 'walkthrough', 'stuck_count': 0, 'walk_active': True, 'walk_idx': 0, 'walk_lang': 'en', 'review_active': False, 'review_status': None, 'awaiting_clean_proof': False, 'done_closed': False, 'writeup_asked': False, 'teach_steps_source': 'cache', 'walkthrough_review_status': None, 'writeup_readiness': None, 'proof_progress_revision': None, 'turn_action': 'normal_guide', 'review_error': None, 'phase_event_count': 1}}]}",,0.0,0.0
