condition,problem_id,topic,gold_issue,gaps,parse_success,gold_signature_hit,issue_hit,operational_success,response,raw_response,input_tokens,output_tokens,ttft_s,latency_s,truncated,done_reason,attempts,thinking_text,error,manual_override,manual_override_reason,audited_root_issue_found,audited_false_issue_added,audited_semantic_accuracy,audited_operational_success,audit_method,audit_note
Base-Instruct reviewer,N1,epsilon-delta limit / positivity,"L>0 does not imply L-1>0; epsilon must be tied to L, e.g. L/2.","['The choice of ε = 1 is insufficient to guarantee f(x) > 0; it depends on L, and the argument fails when L is very small (e.g., L = 0.1), since L−1 < 0. The proof must use ε = L/2 to ensure that f(x) >']",True,True,True,True,"[""The choice of ε = 1 is insufficient to guarantee f(x) > 0; it depends on L, and the argument fails when L is very small (e.g., L = 0.1), since L−1 < 0. The proof must use ε = L/2 to ensure that f(x) > L − L/2 = L/2 > 0, which is strictly positive. The student's choice of ε = 1 does not work in general and misses the necessity of choosing ε based on L to bound away from zero.""]","[""The choice of ε = 1 is insufficient to guarantee f(x) > 0; it depends on L, and the argument fails when L is very small (e.g., L = 0.1), since L−1 < 0. The proof must use ε = L/2 to ensure that f(x) > L − L/2 = L/2 > 0, which is strictly positive. The student's choice of ε = 1 does not work in general and misses the necessity of choosing ε based on L to bound away from zero.""]<|im_end|>",645,117,0.1015958539999246,8.352459887999999,False,stop,,,,,,True,False,True,True,single_analyst_semantic_adjudication,Root issue is present and the required structured output parses.
Base-Instruct reviewer,N2,integral mean value theorem,"The average value need not lie between the endpoint values f(a), f(b); one must use global min/max carefully or apply MVT to an integral antiderivative.","['The student incorrectly applies the Intermediate Value Theorem to conclude that there exists $c \\in (a,b)$ with $f(c) = \\frac{1}{b-a} \\int_a^b f(x)\\,dx$, without justifying that the average value of $', 'The student fails to establish that the value $A = \\frac{1}{b-a} \\int_a^b f(x)\\,dx$ equals $f(c)$ for some $c \\in (a,b)$ via a proper application of the Mean Value Theorem for integrals, which require']",True,False,False,False,"[""The student incorrectly applies the Intermediate Value Theorem to conclude that there exists $c \in (a,b)$ with $f(c) = \frac{1}{b-a} \int_a^b f(x)\,dx$, without justifying that the average value of $f$ lies between $f(a)$ and $f(b)$, which is not necessarily true for all continuous functions; the correct argument relies on the Mean Value Theorem for integrals, not the Intermediate Value Theorem."", ""The student fails to establish that the value $A = \frac{1}{b-a} \int_a^b f(x)\,dx$ equals $f(c)$ for some $c \in (a,b)$ via a proper application of the Mean Value Theorem for integrals, which requires a different argument based on the continuity of $f$ and the Fundamental Theorem of Calculus, not the Intermediate Value Theorem.""]","[""The student incorrectly applies the Intermediate Value Theorem to conclude that there exists $c \in (a,b)$ with $f(c) = \frac{1}{b-a} \int_a^b f(x)\,dx$, without justifying that the average value of $f$ lies between $f(a)$ and $f(b)$, which is not necessarily true for all continuous functions; the correct argument relies on the Mean Value Theorem for integrals, not the Intermediate Value Theorem."", ""The student fails to establish that the value $A = \frac{1}{b-a} \int_a^b f(x)\,dx$ equals $f(c)$ for some $c \in (a,b)$ via a proper application of the Mean Value Theorem for integrals, which requires a different argument based on the continuity of $f$ and the Fundamental Theorem of Calculus, not the Intermediate Value Theorem.""]<|im_end|>",677,192,0.0993170739999413,13.521890671999929,False,stop,,,,,,True,False,True,True,single_analyst_semantic_adjudication,Root issue is present and the required structured output parses.
Base-Instruct reviewer,N3,intermediate value theorem / shifted values,"The correct relation is g(1)=-g(0), not g(0)=g(1); equality of endpoint values alone would not force a zero.","[""Step: 'we have g(0)=g(1)' is incorrect. From f(0)=f(2), it follows that g(0)=f(0)-f(1), g(1)=f(1)-f(2)=f(1)-f(0)=-g(0), so g(1) = -g(0), not equal to g(0) unless g(0)=0. This assertion is false in gen"", ""Step: 'By the Intermediate Value Theorem, g(c)=0 for some c in [0,1]' lacks justification — the student assumes g(0)=g(1) implies opposite signs or zero, but this is not true. Even if g(0)=g(1), it do""]",True,True,True,True,"[
  ""Step: 'we have g(0)=g(1)' is incorrect. From f(0)=f(2), it follows that g(0)=f(0)-f(1), g(1)=f(1)-f(2)=f(1)-f(0)=-g(0), so g(1) = -g(0), not equal to g(0) unless g(0)=0. This assertion is false in general and leads to a wrong application of IVT."",
  ""Step: 'By the Intermediate Value Theorem, g(c)=0 for some c in [0,1]' lacks justification — the student assumes g(0)=g(1) implies opposite signs or zero, but this is not true. Even if g(0)=g(1), it does not guarantee a root unless sign change or zero value is established. The condition g(0)=g(1) is not sufficient to apply IVT.""
]","[
  ""Step: 'we have g(0)=g(1)' is incorrect. From f(0)=f(2), it follows that g(0)=f(0)-f(1), g(1)=f(1)-f(2)=f(1)-f(0)=-g(0), so g(1) = -g(0), not equal to g(0) unless g(0)=0. This assertion is false in general and leads to a wrong application of IVT."",
  ""Step: 'By the Intermediate Value Theorem, g(c)=0 for some c in [0,1]' lacks justification — the student assumes g(0)=g(1) implies opposite signs or zero, but this is not true. Even if g(0)=g(1), it does not guarantee a root unless sign change or zero value is established. The condition g(0)=g(1) is not sufficient to apply IVT.""
]<|im_end|>",718,205,0.1023063769999907,14.642813295999986,False,stop,,,,,,True,False,True,True,single_analyst_semantic_adjudication,Root issue is present and the required structured output parses.
Base-Instruct reviewer,R1,epsilon-delta dependency,"Delta may depend only on epsilon, not on the varying x; first bound |x+2| uniformly.","['The student defines delta in terms of |x+2|, which is not fixed and depends on x, violating the requirement that delta must be chosen independently of x to define the limit.', 'The student does not establish a bound on |x+2| for x near 2, such as showing |x+2| < 5 when |x-2| < 1, which is necessary to control the expression |x+2| in the inequality |x^2 - 4| = |x-2||x+2|.', 'The step where |x-2||x+2| < epsilon is claimed without justification of the bound on |x+2|, missing the crucial bounding argument that ensures the inequality holds uniformly near x=2.']",True,True,True,True,"[
  ""The student defines delta in terms of |x+2|, which is not fixed and depends on x, violating the requirement that delta must be chosen independently of x to define the limit."",
  ""The student does not establish a bound on |x+2| for x near 2, such as showing |x+2| < 5 when |x-2| < 1, which is necessary to control the expression |x+2| in the inequality |x^2 - 4| = |x-2||x+2|."",
  ""The step where |x-2||x+2| < epsilon is claimed without justification of the bound on |x+2|, missing the crucial bounding argument that ensures the inequality holds uniformly near x=2.""
]","[
  ""The student defines delta in terms of |x+2|, which is not fixed and depends on x, violating the requirement that delta must be chosen independently of x to define the limit."",
  ""The student does not establish a bound on |x+2| for x near 2, such as showing |x+2| < 5 when |x-2| < 1, which is necessary to control the expression |x+2| in the inequality |x^2 - 4| = |x-2||x+2|."",
  ""The step where |x-2||x+2| < epsilon is claimed without justification of the bound on |x+2|, missing the crucial bounding argument that ensures the inequality holds uniformly near x=2.""
]<|im_end|>",547,165,0.1019161089999443,11.719923682999934,False,stop,,,,,,True,False,True,True,single_analyst_semantic_adjudication,Root issue is present and the required structured output parses.
Base-Instruct reviewer,R2,convergent sequence boundedness,The convergence estimate only bounds the tail; the finitely many terms before N must be bounded separately.,"['The student assumes that |a_n| < |L| + 1 for every n without justifying that the tail behavior extends to all n; the initial terms (n < N) are not addressed, so the bound for the entire sequence is in']",True,True,True,True,"[""The student assumes that |a_n| < |L| + 1 for every n without justifying that the tail behavior extends to all n; the initial terms (n < N) are not addressed, so the bound for the entire sequence is incomplete.""]","[""The student assumes that |a_n| < |L| + 1 for every n without justifying that the tail behavior extends to all n; the initial terms (n < N) are not addressed, so the bound for the entire sequence is incomplete.""]<|im_end|>",543,54,0.0998136020000401,3.828295600000047,False,stop,,,,,,True,False,True,True,single_analyst_semantic_adjudication,Root issue is present and the required structured output parses.
Base-Instruct reviewer,R3,supremum approximation,A supremum need not belong to the set.,"['The student incorrectly assumes that sup S belongs to S, which is not true in general for a nonempty bounded above set S. A supremum need not be an element of S; for example, S = (0,1) has sup S = 1, ']",True,True,True,True,"[""The student incorrectly assumes that sup S belongs to S, which is not true in general for a nonempty bounded above set S. A supremum need not be an element of S; for example, S = (0,1) has sup S = 1, but 1 ∉ S. Therefore, the choice s_n = α for all n is invalid because α may not be in S.""]","[""The student incorrectly assumes that sup S belongs to S, which is not true in general for a nonempty bounded above set S. A supremum need not be an element of S; for example, S = (0,1) has sup S = 1, but 1 ∉ S. Therefore, the choice s_n = α for all n is invalid because α may not be in S.""]<|im_end|>",520,84,0.1034062210000001,5.971978239999999,False,stop,,,,,,True,False,True,True,single_analyst_semantic_adjudication,Root issue is present and the required structured output parses.
Base-Instruct reviewer,R4,differentiability implies continuity,"The difference quotient is undefined at x=a; continuity follows from a limit product, not direct substitution.","['The student incorrectly substitutes x=a into the definition of the derivative, which is not valid because the expression (f(x)-f(a))/(x-a) is undefined at x=a and the limit is only defined as x approa']",True,False,False,False,"[
  ""The student incorrectly substitutes x=a into the definition of the derivative, which is not valid because the expression (f(x)-f(a))/(x-a) is undefined at x=a and the limit is only defined as x approaches a, not at x=a.""
 ]","[
  ""The student incorrectly substitutes x=a into the definition of the derivative, which is not valid because the expression (f(x)-f(a))/(x-a) is undefined at x=a and the limit is only defined as x approaches a, not at x=a.""
 ]<|im_end|>",532,56,0.1003780300000016,4.001547032999952,False,stop,,,,,,True,False,True,True,single_analyst_semantic_adjudication,Root issue is present and the required structured output parses.
Base-Instruct reviewer,R5,uniform continuity,"Heine-Cantor requires a compact domain; (0,1) is not compact.","['The student incorrectly assumes that every continuous function on an interval is uniformly continuous, which is false; the Heine-Cantor theorem requires the domain to be closed and bounded (compact), ']",True,True,True,True,"[""The student incorrectly assumes that every continuous function on an interval is uniformly continuous, which is false; the Heine-Cantor theorem requires the domain to be closed and bounded (compact), whereas (0,1) is open and not compact, so the theorem does not apply.""]","[""The student incorrectly assumes that every continuous function on an interval is uniformly continuous, which is false; the Heine-Cantor theorem requires the domain to be closed and bounded (compact), whereas (0,1) is open and not compact, so the theorem does not apply.""]<|im_end|>",521,58,0.1007684819999212,4.184427258999904,False,stop,,,,,,True,False,True,True,single_analyst_semantic_adjudication,Root issue is present and the required structured output parses.
Base-Instruct reviewer,R6,Mean Value Theorem hypotheses,Continuity alone is insufficient; differentiability on the whole open interval fails at zero.,"['The student incorrectly assumes that the Mean Value Theorem applies without verifying differentiability at 0; the function |x| is not differentiable at x=0, so the hypotheses of MVT are not satisfied.']",True,True,True,True,"[""The student incorrectly assumes that the Mean Value Theorem applies without verifying differentiability at 0; the function |x| is not differentiable at x=0, so the hypotheses of MVT are not satisfied.""]","[""The student incorrectly assumes that the Mean Value Theorem applies without verifying differentiability at 0; the function |x| is not differentiable at x=0, so the hypotheses of MVT are not satisfied.""]<|im_end|>",527,45,0.1027431969999952,3.255931284999974,False,stop,,,,,,True,False,True,True,single_analyst_semantic_adjudication,Root issue is present and the required structured output parses.
Base-Instruct reviewer,R7,limit and integral interchange,Pointwise convergence alone does not justify exchanging limit and integral.,['The student incorrectly assumes that pointwise convergence of continuous functions justifies interchanging limit and integral without any additional conditions such as uniform convergence or dominatio'],True,False,False,False,"[""The student incorrectly assumes that pointwise convergence of continuous functions justifies interchanging limit and integral without any additional conditions such as uniform convergence or domination; this is a mathematical error as shown by the counterexample provided in the reference proof.""]","[""The student incorrectly assumes that pointwise convergence of continuous functions justifies interchanging limit and integral without any additional conditions such as uniform convergence or domination; this is a mathematical error as shown by the counterexample provided in the reference proof.""]<|im_end|>",543,48,0.0998597810000774,3.3474841290000086,False,stop,,,,,,True,False,True,True,single_analyst_semantic_adjudication,Root issue is present and the required structured output parses.
Base-Instruct reviewer,R8,series convergence,Termwise convergence to zero is necessary but not sufficient for convergence of a series.,"[""The student's conclusion is incorrect: a_n tending to zero does not imply that the series sum a_n converges. A counterexample is provided in the reference solution (e.g., a_n = 1/n), where a_n → 0 but""]",True,False,False,False,"[""The student's conclusion is incorrect: a_n tending to zero does not imply that the series sum a_n converges. A counterexample is provided in the reference solution (e.g., a_n = 1/n), where a_n → 0 but ∑a_n diverges. The claim that 'the tails become arbitrarily small' is a common misconception — while it is true for convergent series, it is not sufficient for convergence; the necessary and sufficient condition for convergence is not just lim a_n = 0, but also the Cauchy criterion applied properly with the full series structure. The student fails to address that the tail behavior of a_n → 0 does not guarantee that the partial sums form a Cauchy sequence for the series."" ]","[""The student's conclusion is incorrect: a_n tending to zero does not imply that the series sum a_n converges. A counterexample is provided in the reference solution (e.g., a_n = 1/n), where a_n → 0 but ∑a_n diverges. The claim that 'the tails become arbitrarily small' is a common misconception — while it is true for convergent series, it is not sufficient for convergence; the necessary and sufficient condition for convergence is not just lim a_n = 0, but also the Cauchy criterion applied properly with the full series structure. The student fails to address that the tail behavior of a_n → 0 does not guarantee that the partial sums form a Cauchy sequence for the series."" ]<|im_end|>",503,157,0.1019166820000236,11.44646332900004,False,stop,,,,,,True,False,True,True,single_analyst_semantic_adjudication,Root issue is present and the required structured output parses.
Base-Instruct reviewer,R9,IVT existence versus uniqueness,"IVT gives existence, not uniqueness.","['The student incorrectly claims that IVT guarantees exactly one zero, but the reference solution states that IVT only guarantees at least one zero; uniqueness is not guaranteed without additional condi']",True,True,True,True,"[""The student incorrectly claims that IVT guarantees exactly one zero, but the reference solution states that IVT only guarantees at least one zero; uniqueness is not guaranteed without additional conditions like strict monotonicity.""]","[""The student incorrectly claims that IVT guarantees exactly one zero, but the reference solution states that IVT only guarantees at least one zero; uniqueness is not guaranteed without additional conditions like strict monotonicity.""]<|im_end|>",511,42,0.1001454529999819,3.036483383000018,False,stop,,,,,,True,False,True,True,single_analyst_semantic_adjudication,Root issue is present and the required structured output parses.
LoRA reviewer,N1,epsilon-delta limit / positivity,"L>0 does not imply L-1>0; epsilon must be tied to L, e.g. L/2.",,False,True,True,False,"The core idea is right but the choice of $\varepsilon=1$ is too crude — it may not even make $L-1>0$. To guarantee $f(x)>0$, you must choose $\varepsilon$ so small that $L-\varepsilon$ remains positive. What should $\varepsilon$ be chosen as?","The core idea is right but the choice of $\varepsilon=1$ is too crude — it may not even make $L-1>0$. To guarantee $f(x)>0$, you must choose $\varepsilon$ so small that $L-\varepsilon$ remains positive. What should $\varepsilon$ be chosen as?<|im_end|>",645,73,0.1589058570000361,9.544783655000174,False,stop,,,,,,True,False,True,False,single_analyst_semantic_adjudication,"Root issue is present in prose, but the required structured output does not parse."
LoRA reviewer,N2,integral mean value theorem,"The average value need not lie between the endpoint values f(a), f(b); one must use global min/max carefully or apply MVT to an integral antiderivative.",,False,True,True,False,"The conclusion is right but the tool is wrong: the IVT needs the value to lie between the endpoint values — it doesn't guarantee a point with the average value. Also, the average need not lie between $f(a)$ and $f(b)$; $f$ may be negative. Which theorem should you use instead?","The conclusion is right but the tool is wrong: the IVT needs the value to lie between the endpoint values — it doesn't guarantee a point with the average value. Also, the average need not lie between $f(a)$ and $f(b)$; $f$ may be negative. Which theorem should you use instead?<|im_end|>",677,67,0.1580453720000605,8.860678863999965,False,stop,,,,,,True,True,False,False,single_analyst_semantic_adjudication,"Root issue is present in prose, but the required structured output does not parse."
LoRA reviewer,N3,intermediate value theorem / shifted values,"The correct relation is g(1)=-g(0), not g(0)=g(1); equality of endpoint values alone would not force a zero.",,False,False,False,False,"The step ""since $f(0)=f(2)$, we have $g(0)=g(1)$"" is false — it's not true in general. What does $g(0)$ equal and what does $g(1)$ equal?","The step ""since $f(0)=f(2)$, we have $g(0)=g(1)$"" is false — it's not true in general. What does $g(0)$ equal and what does $g(1)$ equal?<|im_end|>",718,55,0.1551775079999515,7.057601988999977,False,stop,,,,,,True,False,True,False,single_analyst_semantic_adjudication,"Root issue is present in prose, but the required structured output does not parse."
LoRA reviewer,R1,epsilon-delta dependency,"Delta may depend only on epsilon, not on the varying x; first bound |x+2| uniformly.",,False,False,False,False,$\delta$ 不能隨 $x$ 變動，這裡把 $\delta$ 定成含 $x$ 的式子就是違法。教訓：$\delta$ 必須由 $x$ 的範圍與常數估計決定，不能依賴變動的因子。,$\delta$ 不能隨 $x$ 變動，這裡把 $\delta$ 定成含 $x$ 的式子就是違法。教訓：$\delta$ 必須由 $x$ 的範圍與常數估計決定，不能依賴變動的因子。<|im_end|>,547,64,0.1548700119999466,8.388174551999782,False,stop,,,,,,True,False,True,False,single_analyst_semantic_adjudication,"Root issue is present in prose, but the required structured output does not parse."
LoRA reviewer,R2,convergent sequence boundedness,The convergence estimate only bounds the tail; the finitely many terms before N must be bounded separately.,,False,True,True,False,"The conclusion holds only for $n\ge N$, not for every $n$. The finitely many terms $n<N$ are not covered by the tail estimate — you must mention them.","The conclusion holds only for $n\ge N$, not for every $n$. The finitely many terms $n<N$ are not covered by the tail estimate — you must mention them.<|im_end|>",543,41,0.1598556349999853,5.372853836000104,False,stop,,,,,,True,False,True,False,single_analyst_semantic_adjudication,"Root issue is present in prose, but the required structured output does not parse."
LoRA reviewer,R3,supremum approximation,A supremum need not belong to the set.,,False,False,False,False,"$s_n=\alpha$ does converge to $\sup S$, but it's not a sequence in $S$ — it's constant at $\sup S$. The problem asks for a sequence *in* $S$, so $\sup S$ must be an element of $S$. Why is that premise missing?","$s_n=\alpha$ does converge to $\sup S$, but it's not a sequence in $S$ — it's constant at $\sup S$. The problem asks for a sequence *in* $S$, so $\sup S$ must be an element of $S$. Why is that premise missing?<|im_end|>",520,63,0.1560357289999956,8.217790945999923,False,stop,,,,,,True,False,True,False,single_analyst_semantic_adjudication,"Root issue is present in prose, but the required structured output does not parse."
LoRA reviewer,R4,differentiability implies continuity,"The difference quotient is undefined at x=a; continuity follows from a limit product, not direct substitution.",,False,False,False,False,Substitution is not valid at the point itself — the limit is not equal to the value. The identity must be written first for $x\ne a$.,Substitution is not valid at the point itself — the limit is not equal to the value. The identity must be written first for $x\ne a$.<|im_end|>,532,33,0.1563457360000484,4.329369821,False,stop,,,,,,True,False,True,False,single_analyst_semantic_adjudication,"Root issue is present in prose, but the required structured output does not parse."
LoRA reviewer,R5,uniform continuity,"Heine-Cantor requires a compact domain; (0,1) is not compact.",,False,False,False,False,Heine-Cantor 需要「閉區間」而非開區間，故不能套用。教訓：Heine-Cantor 的前提是緊緻性。,Heine-Cantor 需要「閉區間」而非開區間，故不能套用。教訓：Heine-Cantor 的前提是緊緻性。<|im_end|>,521,39,0.1567367650000051,5.047583900000063,False,stop,,,,,,True,False,True,False,single_analyst_semantic_adjudication,"Root issue is present in prose, but the required structured output does not parse."
LoRA reviewer,R6,Mean Value Theorem hypotheses,Continuity alone is insufficient; differentiability on the whole open interval fails at zero.,,False,False,False,False,The student forgot to check differentiability — the MVT needs both continuity AND differentiability on the open interval.,The student forgot to check differentiability — the MVT needs both continuity AND differentiability on the open interval.<|im_end|>,527,23,0.1542739619999338,3.002807162999943,False,stop,,,,,,True,False,True,False,single_analyst_semantic_adjudication,"Root issue is present in prose, but the required structured output does not parse."
LoRA reviewer,R7,limit and integral interchange,Pointwise convergence alone does not justify exchanging limit and integral.,,False,False,False,False,"The conclusion assumes continuity of the integral passes through limits — which theorem is that, and what does it require?","The conclusion assumes continuity of the integral passes through limits — which theorem is that, and what does it require?<|im_end|>",543,23,0.155874231000098,3.018113410000069,False,stop,,,,,,True,False,True,False,single_analyst_semantic_adjudication,"Root issue is present in prose, but the required structured output does not parse."
LoRA reviewer,R8,series convergence,Termwise convergence to zero is necessary but not sufficient for convergence of a series.,,False,False,False,False,"The conclusion is false and the argument is invalid. The counterexample is simply stated: $a_n=1/n\to0$ yet $\sum1/n$ diverges. Why is the student's ""Cauchy"" argument wrong?","The conclusion is false and the argument is invalid. The counterexample is simply stated: $a_n=1/n\to0$ yet $\sum1/n$ diverges. Why is the student's ""Cauchy"" argument wrong?<|im_end|>",503,50,0.1535961629999747,6.503236978999894,False,stop,,,,,,True,False,True,False,single_analyst_semantic_adjudication,"Root issue is present in prose, but the required structured output does not parse."
LoRA reviewer,R9,IVT existence versus uniqueness,"IVT gives existence, not uniqueness.",,False,False,False,False,「exactly one」是多餘的結論，IVT 只保證存在性。教訓：不要把「單調」這個額外假設當成 IVT 自身給的。,「exactly one」是多餘的結論，IVT 只保證存在性。教訓：不要把「單調」這個額外假設當成 IVT 自身給的。<|im_end|>,511,44,0.1537650790000952,5.74671881900008,False,stop,,,,,,True,False,True,False,single_analyst_semantic_adjudication,"Root issue is present in prose, but the required structured output does not parse."
Base-Thinking reviewer,N1,epsilon-delta limit / positivity,"L>0 does not imply L-1>0; epsilon must be tied to L, e.g. L/2.","['The student incorrectly assumes that L - 1 > 0 without justification, as L > 0 does not imply L > 1.']",True,True,True,True,"[""The student incorrectly assumes that L - 1 > 0 without justification, as L > 0 does not imply L > 1.""]","首先，我需要理解題目和學生的草稿。題目是：假設 $\lim_{x\to a} f(x)=L$ 且 $L>0$，用極限的定義證明 $f(x)>0$ 對所有足夠接近 $a$ 的 $x$ 成立。

參考解是：取 $\varepsilon = L/2 > 0$，然後存在 $\delta > 0$ 使得當 $0 < |x-a| < \delta$ 時，$|f(x) - L| < L/2$，因此 $f(x) > L - L/2 = L/2 > 0$。

學生的草稿：學生取 $\varepsilon = 1$，然後存在 $\delta > 0$ 使得當 $0 < |x-a| < \delta$ 時，$|f(x) - L| < 1$。然後說 $f(x) > L - 1 > 0$ 因為 $L > 0$。

我需要嚴格審閱學生的草稿，找出缺漏或錯誤。

關鍵點：學生取 $\varepsilon = 1$，但 $\varepsilon$ 的選擇必須依賴於 $L$，因為 $L > 0$ 但可能很小。例如，如果 $L = 0.1$，那麼取 $\varepsilon = 1$ 可能不夠小，導致 $|f(x) - L| < 1$ 時，$f(x)$ 可能為負。

具體來說：在極限定義中，$\varepsilon$ 是任意正數，但學生固定 $\varepsilon = 1$，這可能太大。參考解中取 $\varepsilon = L/2$ 以確保 $L - \varepsilon > 0$。

學生說：$f(x) > L - 1 > 0$。但 $L - 1$ 可能小於或等於 0。例如，如果 $L = 0.5$，那麼 $L - 1 = -0.5 < 0$，所以 $f(x) > -0.5$ 但不保證 $f(x) > 0$。學生說 $L - 1 > 0$，但這不成立，因為 $L > 0$ 但 $L$ 可能小於 1。

題目中 $L > 0$，但沒有指定大小。學生假設 $L - 1 > 0$，但這只有當 $L > 1$ 時才成立。如果 $L \leq 1$，則 $L - 1 \leq 0$，所以 $f(x) > L - 1$ 不能推出 $f(x) > 0$。

例如，取 $a = 0$，$f(x) = 0.5$（常數函數），則 $\lim_{x\to 0} f(x) = 0.5 > 0$。學生取 $\varepsilon = 1$，則存在 $\delta$ 使得 $|f(x) - 0.5| < 1$，即 $-0.5 < f(x) < 1.5$。但 $f(x) = 0.5 > 0$，這在這個例子中成立。但問題是當 $L$ 很小時。

另一個例子：假設 $L = 0.1$，$f(x) = 0.1$（常數）。學生取 $\varepsilon = 1$，則 $|f(x) - 0.1| < 1$ 意味著 $-0.9 < f(x) < 1.1$。但 $f(x) = 0.1 > 0$，所以這裡 $f(x) > 0$ 仍然成立？不，學生說 $f(x) > L - 1 = 0.1 - 1 = -0.9$，但學生斷言 $L - 1 > 0$，即 $-0.9 > 0$？這明顯錯。

學生說： ""Thus f(x) > L-1 > 0""。這裡有兩個問題：

1. $L - 1 > 0$ 不一定成立，因為 $L > 0$ 但 $L$ 可能小於 1。

2. 即使 $f(x) > L - 1$，也不保證 $f(x) > 0$，因為 $L - 1$ 可能負。

在參考解中，取 $\varepsilon = L/2$ 以確保 $L - \varepsilon = L/2 > 0$。

學生的錯誤在於：沒有驗證 $L - 1 > 0$。學生直接說 $L - 1 > 0$，但這不成立。

另外，學生取 $\varepsilon = 1$ 是固定的，但 $\varepsilon$ 需要依賴於 $L$ 以確保 $L - \varepsilon > 0$。如果 $L$ 很小，$\varepsilon = 1$ 可能太大。

具體問題：

- 學生假設 $L - 1 > 0$，但 $L > 0$ 不保證 $L > 1$。例如，$L = 0.5$，則 $L - 1 = -0.5 < 0$，所以 $f(x) > -0.5$ 但不意味著 $f(x) > 0$。

- 甚至，如果 $L = 0.1$，$f(x)$ 可能接近 0.1，但 $f(x) > 0.1 - 1 = -0.9$，但 $f(x)$ 可能為負？不，在極限定義中，$|f(x) - L| < \varepsilon$ 意味著 $f(x) > L - \varepsilon$，但 $L - \varepsilon$ 可能負，所以 $f(x)$ 可能負。

例如，考慮 $f(x) = 0.1$（常數），但假設 $L = 0.1$，則 $|f(x) - 0.1| < 1$ 時，$f(x) > -0.9$，但 $f(x) = 0.1 > 0$，所以這裡沒問題。但學生的斷言 $L - 1 > 0$ 是錯的。

關鍵是學生說 ""L-1 > 0""，但這不成立。在證明中，學生需要確保 $L - \varepsilon > 0$，但 $\varepsilon = 1$ 可能太大。

另一個角度：在極限定義中，$\varepsilon$ 是任意正數，但學生固定 $\varepsilon = 1$，這可能不夠小。例如，如果 $L = 0.5$，則取 $\varepsilon = 0.6$，則 $|f(x) - 0.5| < 0.6$ 意味著 $f(x) > -0.1$，但 $f(x)$ 可能為負（例如，$f(x) = -0.05$），但 $\lim_{x\to a} f(x) = 0.5$ 意味著 $f(x)$ 不能太遠，但對於 $L = 0.5$，$f(x)$ 會接近 0.5，所以 $f(x) > -0.1$ 但可能正或負？不，在實際中，如果極限是 0.5，$f(x)$ 會在 0.5 附近，所以 $f(x) > 0$ 通常成立，但學生的證明有缺陷。

假設 $f(x) = 0.5$ 對所有 $x$，則 $f(x) > 0$。但學生的證明：$f(x) > L - 1 = 0.5 - 1 = -0.5$，但學生說 $L - 1 > 0$，即 $-0.5 > 0$？這明顯假。

所以，學生的錯誤是：斷言 $L - 1 > 0$，但 $L > 0$ 不保證 $L > 1$。

此外，學生沒有說明 $\varepsilon$ 的選擇必須依賴於 $L$。在參考解中，$\varepsilon = L/2$ 以確保 $L - \varepsilon > 0$。

學生的草稿中，說 ""I use epsilon = 1""，但 1 是常數，不依賴於 $L$，所以當 $L$ 小時，$L - 1$ 可能負。

問題列表：

1. 學生取 $\varepsilon = 1$，但沒有驗證 $L - 1 > 0$。實際上，$L - 1$ 可能小於 0（例如 $L = 0.5$）。

2. 甚至，學生的結論 $f(x) > 0$ 依賴於 $L - 1 > 0$，但這不成立。

在學生的句子：""Thus f(x) > L-1 > 0""，這裡有兩個部分：$f(x) > L-1$ 這部分正確（因為 $|f(x)-L| < 1$ 意味著 $f(x) > L - 1$），但 $L-1 > 0$ 這部分錯誤，因為 $L > 0$ 但 $L$ 可能 $\leq 1$。

所以，缺漏是：沒有說明 $L > 1$ 以確保 $L - 1 > 0$。

另外，學生沒有提到 $\varepsilon$ 需要依賴於 $L$。在極限定義中，$\varepsilon$ 通常取為小於 $L$ 以確保 $L - \varepsilon > 0$。

在教學標準下，這是一個缺漏：學生假設 $L - 1 > 0$ 但沒有證明或說明 $L > 1$。

題目中 $L > 0$，但沒有下界，所以學生的證明不成立。

例如，取 $a = 0$，$f(x) = 0.1$（常數），則 $\lim_{x\to 0} f(x) = 0.1 > 0$。學生取 $\varepsilon = 1$，則存在 $\delta > 0$ 使得 $|f(x) - 0.1| < 1$，即 $-0.9 < f(x) < 1.1$。但 $f(x) = 0.1 > 0$，所以這裡 $f(x) > 0$ 成立。但學生說 $L - 1 = -0.9 > 0$？不，學生說 ""L-1 > 0""，但 $-0.9$ 不大於 0。所以學生的斷言 ""L-1 > 0"" 是錯誤的。

在證明中，學生寫 ""f(x) > L-1 > 0""，但 $L-1 = -0.9$ 不大於 0，所以整個斷言錯誤。

因此，問題是：學生斷言 $L - 1 > 0$，但 $L > 0$ 不保證 $L > 1$。

此外，學生沒有說明 $\varepsilon$ 的選擇必須基於 $L$。在參考解中，$\varepsilon$ 依賴於 $L$。

但根據規則，我需要找出根本問題。

另一個點：學生說 ""Is this proof correct?"" 但問題是找出草稿的缺漏。

規則：每項用一句話精確說明。

可能的問題：

- 在步驟 ""Thus f(x) > L-1 > 0"" 中，學生假設 $L - 1 > 0$，但 $L > 0$ 不足以保證 $L > 1$。例如，當 $L = 0.5$ 時，$L - 1 = -0.5 < 0$。

- 學生固定 $\varepsilon = 1$，但 $\varepsilon$ 需要選擇為小於 $L$ 以確保 $L - \varepsilon > 0$。這裡 $\varepsilon = 1$ 可能大於 $L$（當 $L < 1$ 時）。

在教學上，這是一個缺漏：學生沒有驗證 $L - \varepsilon > 0$，而 $\varepsilon$ 是固定的 1。

具體來說，學生的證明中，結論 $f(x) > 0$ 依賴於 $L - 1 > 0$，但這不成立。

所以，我應該列出：

1. 學生斷言 $L - 1 > 0$，但 $L > 0$ 不保證 $L > 1$，因此 $L - 1$ 可能為負。

2. 甚至，當 $L \leq 1$ 時，$L - 1 \leq 0$，所以 $f(x) > L - 1$ 不能推出 $f(x) > 0$。

但問題是獨立的。

規則：必須列出所有彼此獨立的根本問題。

另一個問題：學生取 $\varepsilon = 1$，但 $\varepsilon$ 應該是任意正數，但學生固定為 1，這可能不夠小。然而，在證明中，學生使用 $\varepsilon = 1$ 來得到 $f(x) > L - 1$，但為了確保 $f(x) > 0$，需要 $L - 1 > 0$，所以核心問題是 $L - 1 > 0$ 不成立。

在參考解中，$\varepsilon = L/2$ 以確保 $L - \varepsilon = L/2 > 0$。

學生的錯誤是沒有選擇 $\varepsilon$ 依賴於 $L$。

但具體來說，學生說 ""I use epsilon = 1""，這不是依賴於 $L$。

在教學標準下，這是一個缺漏：學生沒有說明 $\varepsilon$ 的選擇必須基於 $L$ 以確保 $L - \varepsilon > 0$。

但問題是：學生直接說 $L - 1 > 0$，而這不成立。

我認為主要問題是：學生假設 $L - 1 > 0$ 但沒有證明。

所以，用一句話：在斷言 $f(x) > L - 1 > 0$ 時，學生未證明 $L - 1 > 0$，因為 $L > 0$ 不保證 $L > 1$。

此外，可能有另一個問題：學生說 ""Thus f(x) > L-1 > 0""，但 $f(x) > L - 1$ 是正確的（由 $|f(x) - L| < 1$），但 $L - 1 > 0$ 是錯誤的。

所以，問題是：學生錯誤地斷言 $L - 1 > 0$。

在教學上，這是一個缺漏：學生沒有驗證 $L > 1$。

題目中 $L > 0$，但沒有指定 $L > 1$。

所以，我應該輸出一個 JSON 陣列。

可能的問題：

- ""學生在斷言 $L - 1 > 0$ 時，未說明 $L > 1$ 作為前提，但 $L > 0$ 不足以保證 $L > 1$。""

但規則要求精確一句話。

另一個點：學生的證明中，$f(x) > L - 1$ 這部分正確，但 $L - 1 > 0$ 這部分錯誤，所以整個結論不成立。

在參考解中，$\varepsilon$ 被選擇為 $L/2$ 以確保 $L - \varepsilon > 0$。

學生的 $\varepsilon = 1$ 可能太大。

但具體問題是：學生沒有確保 $L - \varepsilon > 0$。

所以，我認為最直接的問題是：學生假設 $L - 1 > 0$ 但沒有證明。

讓我寫成：

[""學生在結論中斷言 $L - 1 > 0$，但 $L > 0$ 不保證 $L > 1$，因此 $L - 1$ 可能為負。""]

但規則說：每項用一句話精確說明：在哪一步、缺了什麼或錯在哪。

步驟：在 ""Thus f(x) > L-1 > 0"" 這句話中。

缺了什麼：學生未證明 $L - 1 > 0$。

錯在哪：$L - 1$ 可能小於 0。

另外，可能有另一個問題：學生取 $\varepsilon = 1$，但 $\varepsilon$ 應該依賴於 $L$。然而，在這個草稿中，學生直接使用 $\varepsilon = 1$，但沒有說明為什麼這個 $\varepsilon$ 有效。但主要問題是 $L - 1 > 0$。

在教學上，這是一個常見錯誤：學生固定 $\varepsilon$ 為常數，而不考慮 $L$ 的大小。

但根據題目，我認為主要問題是 $L - 1 > 0$ 不成立。

讓我檢查是否有其他問題。

學生說 ""I use epsilon = 1""，但 $\varepsilon$ 在極限定義中是任意正數，學生選擇 1 是可以的，但為了證明 $f(x) > 0$，需要 $L - \varepsilon > 0$，所以 $\varepsilon$ 需要小於 $L$。

但學生沒有選擇 $\varepsilon$ 依賴於 $L$。

然而，在草稿中，學生沒有提到 $L$ 作為 $\varepsilon$ 的選擇依據。

但問題是：學生的結論 $f(x) > 0$ 依賴於 $L - 1 > 0$，而這不成立。

所以，我認為一個問題就夠了。

規則：必須列出所有彼此獨立的根本問題。

可能有兩個：

1. 學生固定 $\varepsilon = 1$，但 $\varepsilon$ 需要選擇為小於 $L$ 以確保 $L - \varepsilon > 0$。這裡 $\varepsilon = 1$ 可能大於 $L$（當 $L < 1$ 時）。

2. 學生斷言 $L - 1 > 0$，但 $L > 0$ 不保證 $L > 1$。

但第二個是第一個的結果。

在教學上，學生的錯誤是沒有確保 $L - \varepsilon > 0$。

具體來說，在步驟 ""Thus f(x) > L-1 > 0"" 中，學生假設 $L - 1 > 0$ 但沒有驗證。

所以，我會寫：

[""學生在斷言 $L - 1 > 0$ 時，未說明 $L > 1$ 作為前提，但 $L > 0$ 不足以保證 $L > 1$。""]

為了更精確。

另一個例子：假設 $L = 0.5$，$f(x) = 0.5$，則 $f(x) > L - 1 = -0.5$，但 $f(x) = 0.5 > 0$，所以這裡 $f(x) > 0$ 成立，但學生的斷言 $L - 1 > 0$ 是假的（$-0.5 > 0$ 假），所以學生的證明在邏輯上錯誤，因為他寫 $L - 1 > 0$ 但實際上不成立。

在證明中，學生說 ""f(x) > L-1 > 0""，這意味著 $f(x) > L-1$ 且 $L-1 > 0$。但 $L-1 > 0$ 是假的，所以整個陳述錯誤。

因此，問題是：學生錯誤地斷言 $L - 1 > 0$。

在教學標準下，這是一個缺漏：學生沒有驗證 $L > 1$。

所以，我認為一個問題就夠了。

但規則說：必須列出所有彼此獨立的根本問題。可能有更多。

學生說 ""I use epsilon = 1""，但 $\varepsilon$ 應該是任意正數，但學生選擇 1 是可以的，但為了這個證明，$\varepsilon$ 需要依賴於 $L$。然而，在草稿中，學生沒有說明為什麼 $\varepsilon = 1$ 有效，但主要問題是 $L - 1 > 0$。

我認為最關鍵的是 $L - 1 > 0$ 不成立。

讓我寫成 JSON 陣列。

用中文？不，規則說：輸出 JSON 字串陣列，但內容用中文？題目是中文，但輸出應該是英文？看規則。

在用戶消息中，是中文，但輸出是 JSON 字串，內容應該是英文？不，規則沒指定語言。

在示例中，沒有給，但既然是教學標準，可能用中文或英文？用戶是中文，但作為 AI，我應該用英文？不，看上下文。

在用戶消息： ""使用者會給你：題目、正確的參考解、學生寫的草稿或嘗試。""

然後 ""只輸出 JSON 字串陣列（如 [""…"",""…""]）""

在中文環境，可能用中文。但為了安全，我應該用英文，因為數學是國際的。

在規則中，沒有指定語言，但既然是嚴格教學，用英文可能更好。

在之前的對話，我用中文，但這裡我應該用英文。

看： ""每項用一句話精確說明""

在 JSON 中，字串用英文。

例如： ""Student incorrectly assumes that L - 1 > 0, but L > 0 does not imply L > 1.""

但要精確。

另一個點：學生說 ""Thus f(x) > L-1 > 0""，但 $f(x) > L - 1$ 是正確的，但 $L - 1 > 0$ 是錯誤的。

所以，問題是：學生未證明 $L - 1 > 0$。

具體： ""In the step where the student claims f(x) > L-1 > 0, the student fails to verify that L - 1 > 0, as L > 0 does not guarantee L > 1.""

為了更簡潔。

規則： ""必須列出所有彼此獨立的根本問題""

可能有兩個問題：

1. The student chose ε = 1 without ensuring that ε < L, which is necessary for L - ε > 0.

2. The student assumed L - 1 > 0 without justification.

但第二個是第一個的結果。

在教學上，學生的錯誤是沒有選擇 ε 依賴於 L。

但學生的草稿中，他直接使用 ε=1，沒有提到 L。

然而，主要問題是 L-1 > 0 不成立。

我認為一個問題就夠了。

讓我決定： [""The student incorrectly assumes that L - 1 > 0, but L > 0 does not imply L > 1.""]

但要更精確。

在參考解中，ε = L/2 以確保 L - ε > 0.

學生的 ε = 1 可能大於 L.

所以，另一個問題： ""The student fixed ε = 1, but ε should be chosen depending on L to ensure L - ε > 0; here ε = 1 may be greater than L when L < 1.""

但這可能太長。

規則： ""每項用一句話精確說明""

我會寫： [""The student claims L - 1 > 0 without verifying that L > 1, but L > 0 does not imply L > 1.""]

為了符合教學標準。

在學生的草稿中，他說 ""Thus f(x) > L-1 > 0""，所以問題在於 L-1 > 0 這部分。

所以，我認為這是主要問題。

此外，學生沒有說明 ε 的選擇是基於 L，但這可能不是直接問題。

我決定輸出一個問題。

JSON 陣列： [""The student assumes L - 1 > 0 but L > 0 does not guarantee L > 1.""]

但要更嚴格。

在教學中，學生需要說明為什麼 ε = 1 有效，但這裡 ε = 1 是固定的，不依賴於 L，所以當 L 小時，它不有效。

但具體來說，對於這個證明，學生的錯誤是 L-1 > 0 不成立。

我認為這是關鍵。

讓我寫成： [""In the step 'f(x) > L-1 > 0', the student fails to establish that L - 1 > 0, as L > 0 does not imply L > 1.""]

是的。

現在，檢查是否有其他問題。

學生說 ""I use epsilon = 1""，但 ε 在極限定義中是任意正數，學生選擇 1 是可以的，但為了這個證明，他需要 ε 使得 L - ε > 0，所以 ε < L。但學生沒有選擇 ε < L。

然而，在草稿中，他沒有提到，但問題是 L-1 > 0 不成立。

我認為一個問題就夠了。

規則： ""完全沒有問題就輸出空陣列""，但這裡有問題。

所以，輸出 [""The student incorrectly assumes that L - 1 > 0 without justification, since L > 0 does not imply L > 1.""]

為了精確。

在中文中？但用戶是中文，但輸出是 JSON 字串，可能用英文。在數學上下文中，通常用英文。

在用戶消息中，題目是中文，但參考解和草稿是英文，所以用英文。

我會用英文。

最終決定： [""The student claims L - 1 > 0 but L > 0 does not guarantee L > 1.""]

但要更完整。

另一個想法：學生說 ""f(x) > L-1 > 0""，但 f(x) > L-1 是正確的，但 L-1 > 0 是錯誤的，所以問題是 L-1 > 0 不成立。

在教學上，學生需要證明 L > 1 來確保。

但題目中 L > 0，但 L 可能小於 1。

所以，我認為這是主要問題。

我會輸出一個元素的陣列。

JSON: [""The student assumes L - 1 > 0 without verifying that L > 1, but L > 0 does not imply L > 1.""]

是的。

為了更嚴格： ""The student fails to establish that L - 1 > 0, as the condition L > 0 is insufficient to ensure L > 1.""

但規則說 ""精確說明""。

我認為這就夠了。

所以，輸出： [""The student incorrectly assumes that L - 1 > 0, but L > 0 does not imply L > 1.""]

在 JSON 陣列中。

現在，確認是否有其他問題。

學生說 ""Thus f(x) > L-1 > 0""，但 f(x) > L-1 這部分正確，但 L-1 > 0 錯誤。

另外，學生沒有提到 ""sufficiently close""，但參考解有，學生的草稿中說 ""Thus f(x) > L-1 > 0""，但沒有指定 x 的範圍，但從上下文，δ 保證了 x 足夠接近，所以可能沒問題。

在草稿中，學生說 ""there is delta > 0 such that 0 < |x-a| < delta implies |f(x)-L| < 1""，所以 x 足夠接近是涵蓋的。

所以，主要問題是 L-1 > 0。

我認為一個問題就夠了。

所以，JSON: [""The student incorrectly assumes that L - 1 > 0 without justification, as L > 0 does not guarantee L > 1.""]

用英文。

為了符合，我會寫成： [""The student claims L - 1 > 0 but L > 0 does not imply L > 1.""]

是的。

在教學中，學生需要說明為什麼 ε = 1 有效，但這裡 ε = 1 是固定的，不依賴於 L，所以當 L < 1 時，它不有效。但學生的錯誤是直接斷言 L-1 > 0。

我認為這是核心。

所以，我會輸出這個。
[""The student incorrectly assumes that L - 1 > 0 without justification, as L > 0 does not imply L > 1.""]",647,6515,0.36161086,39.87422655600017,False,stop,1.0,"首先，我需要理解題目和學生的草稿。題目是：假設 $\lim_{x\to a} f(x)=L$ 且 $L>0$，用極限的定義證明 $f(x)>0$ 對所有足夠接近 $a$ 的 $x$ 成立。

參考解是：取 $\varepsilon = L/2 > 0$，然後存在 $\delta > 0$ 使得當 $0 < |x-a| < \delta$ 時，$|f(x) - L| < L/2$，因此 $f(x) > L - L/2 = L/2 > 0$。

學生的草稿：學生取 $\varepsilon = 1$，然後存在 $\delta > 0$ 使得當 $0 < |x-a| < \delta$ 時，$|f(x) - L| < 1$。然後說 $f(x) > L - 1 > 0$ 因為 $L > 0$。

我需要嚴格審閱學生的草稿，找出缺漏或錯誤。

關鍵點：學生取 $\varepsilon = 1$，但 $\varepsilon$ 的選擇必須依賴於 $L$，因為 $L > 0$ 但可能很小。例如，如果 $L = 0.1$，那麼取 $\varepsilon = 1$ 可能不夠小，導致 $|f(x) - L| < 1$ 時，$f(x)$ 可能為負。

具體來說：在極限定義中，$\varepsilon$ 是任意正數，但學生固定 $\varepsilon = 1$，這可能太大。參考解中取 $\varepsilon = L/2$ 以確保 $L - \varepsilon > 0$。

學生說：$f(x) > L - 1 > 0$。但 $L - 1$ 可能小於或等於 0。例如，如果 $L = 0.5$，那麼 $L - 1 = -0.5 < 0$，所以 $f(x) > -0.5$ 但不保證 $f(x) > 0$。學生說 $L - 1 > 0$，但這不成立，因為 $L > 0$ 但 $L$ 可能小於 1。

題目中 $L > 0$，但沒有指定大小。學生假設 $L - 1 > 0$，但這只有當 $L > 1$ 時才成立。如果 $L \leq 1$，則 $L - 1 \leq 0$，所以 $f(x) > L - 1$ 不能推出 $f(x) > 0$。

例如，取 $a = 0$，$f(x) = 0.5$（常數函數），則 $\lim_{x\to 0} f(x) = 0.5 > 0$。學生取 $\varepsilon = 1$，則存在 $\delta$ 使得 $|f(x) - 0.5| < 1$，即 $-0.5 < f(x) < 1.5$。但 $f(x) = 0.5 > 0$，這在這個例子中成立。但問題是當 $L$ 很小時。

另一個例子：假設 $L = 0.1$，$f(x) = 0.1$（常數）。學生取 $\varepsilon = 1$，則 $|f(x) - 0.1| < 1$ 意味著 $-0.9 < f(x) < 1.1$。但 $f(x) = 0.1 > 0$，所以這裡 $f(x) > 0$ 仍然成立？不，學生說 $f(x) > L - 1 = 0.1 - 1 = -0.9$，但學生斷言 $L - 1 > 0$，即 $-0.9 > 0$？這明顯錯。

學生說： ""Thus f(x) > L-1 > 0""。這裡有兩個問題：

1. $L - 1 > 0$ 不一定成立，因為 $L > 0$ 但 $L$ 可能小於 1。

2. 即使 $f(x) > L - 1$，也不保證 $f(x) > 0$，因為 $L - 1$ 可能負。

在參考解中，取 $\varepsilon = L/2$ 以確保 $L - \varepsilon = L/2 > 0$。

學生的錯誤在於：沒有驗證 $L - 1 > 0$。學生直接說 $L - 1 > 0$，但這不成立。

另外，學生取 $\varepsilon = 1$ 是固定的，但 $\varepsilon$ 需要依賴於 $L$ 以確保 $L - \varepsilon > 0$。如果 $L$ 很小，$\varepsilon = 1$ 可能太大。

具體問題：

- 學生假設 $L - 1 > 0$，但 $L > 0$ 不保證 $L > 1$。例如，$L = 0.5$，則 $L - 1 = -0.5 < 0$，所以 $f(x) > -0.5$ 但不意味著 $f(x) > 0$。

- 甚至，如果 $L = 0.1$，$f(x)$ 可能接近 0.1，但 $f(x) > 0.1 - 1 = -0.9$，但 $f(x)$ 可能為負？不，在極限定義中，$|f(x) - L| < \varepsilon$ 意味著 $f(x) > L - \varepsilon$，但 $L - \varepsilon$ 可能負，所以 $f(x)$ 可能負。

例如，考慮 $f(x) = 0.1$（常數），但假設 $L = 0.1$，則 $|f(x) - 0.1| < 1$ 時，$f(x) > -0.9$，但 $f(x) = 0.1 > 0$，所以這裡沒問題。但學生的斷言 $L - 1 > 0$ 是錯的。

關鍵是學生說 ""L-1 > 0""，但這不成立。在證明中，學生需要確保 $L - \varepsilon > 0$，但 $\varepsilon = 1$ 可能太大。

另一個角度：在極限定義中，$\varepsilon$ 是任意正數，但學生固定 $\varepsilon = 1$，這可能不夠小。例如，如果 $L = 0.5$，則取 $\varepsilon = 0.6$，則 $|f(x) - 0.5| < 0.6$ 意味著 $f(x) > -0.1$，但 $f(x)$ 可能為負（例如，$f(x) = -0.05$），但 $\lim_{x\to a} f(x) = 0.5$ 意味著 $f(x)$ 不能太遠，但對於 $L = 0.5$，$f(x)$ 會接近 0.5，所以 $f(x) > -0.1$ 但可能正或負？不，在實際中，如果極限是 0.5，$f(x)$ 會在 0.5 附近，所以 $f(x) > 0$ 通常成立，但學生的證明有缺陷。

假設 $f(x) = 0.5$ 對所有 $x$，則 $f(x) > 0$。但學生的證明：$f(x) > L - 1 = 0.5 - 1 = -0.5$，但學生說 $L - 1 > 0$，即 $-0.5 > 0$？這明顯假。

所以，學生的錯誤是：斷言 $L - 1 > 0$，但 $L > 0$ 不保證 $L > 1$。

此外，學生沒有說明 $\varepsilon$ 的選擇必須依賴於 $L$。在參考解中，$\varepsilon = L/2$ 以確保 $L - \varepsilon > 0$。

學生的草稿中，說 ""I use epsilon = 1""，但 1 是常數，不依賴於 $L$，所以當 $L$ 小時，$L - 1$ 可能負。

問題列表：

1. 學生取 $\varepsilon = 1$，但沒有驗證 $L - 1 > 0$。實際上，$L - 1$ 可能小於 0（例如 $L = 0.5$）。

2. 甚至，學生的結論 $f(x) > 0$ 依賴於 $L - 1 > 0$，但這不成立。

在學生的句子：""Thus f(x) > L-1 > 0""，這裡有兩個部分：$f(x) > L-1$ 這部分正確（因為 $|f(x)-L| < 1$ 意味著 $f(x) > L - 1$），但 $L-1 > 0$ 這部分錯誤，因為 $L > 0$ 但 $L$ 可能 $\leq 1$。

所以，缺漏是：沒有說明 $L > 1$ 以確保 $L - 1 > 0$。

另外，學生沒有提到 $\varepsilon$ 需要依賴於 $L$。在極限定義中，$\varepsilon$ 通常取為小於 $L$ 以確保 $L - \varepsilon > 0$。

在教學標準下，這是一個缺漏：學生假設 $L - 1 > 0$ 但沒有證明或說明 $L > 1$。

題目中 $L > 0$，但沒有下界，所以學生的證明不成立。

例如，取 $a = 0$，$f(x) = 0.1$（常數），則 $\lim_{x\to 0} f(x) = 0.1 > 0$。學生取 $\varepsilon = 1$，則存在 $\delta > 0$ 使得 $|f(x) - 0.1| < 1$，即 $-0.9 < f(x) < 1.1$。但 $f(x) = 0.1 > 0$，所以這裡 $f(x) > 0$ 成立。但學生說 $L - 1 = -0.9 > 0$？不，學生說 ""L-1 > 0""，但 $-0.9$ 不大於 0。所以學生的斷言 ""L-1 > 0"" 是錯誤的。

在證明中，學生寫 ""f(x) > L-1 > 0""，但 $L-1 = -0.9$ 不大於 0，所以整個斷言錯誤。

因此，問題是：學生斷言 $L - 1 > 0$，但 $L > 0$ 不保證 $L > 1$。

此外，學生沒有說明 $\varepsilon$ 的選擇必須基於 $L$。在參考解中，$\varepsilon$ 依賴於 $L$。

但根據規則，我需要找出根本問題。

另一個點：學生說 ""Is this proof correct?"" 但問題是找出草稿的缺漏。

規則：每項用一句話精確說明。

可能的問題：

- 在步驟 ""Thus f(x) > L-1 > 0"" 中，學生假設 $L - 1 > 0$，但 $L > 0$ 不足以保證 $L > 1$。例如，當 $L = 0.5$ 時，$L - 1 = -0.5 < 0$。

- 學生固定 $\varepsilon = 1$，但 $\varepsilon$ 需要選擇為小於 $L$ 以確保 $L - \varepsilon > 0$。這裡 $\varepsilon = 1$ 可能大於 $L$（當 $L < 1$ 時）。

在教學上，這是一個缺漏：學生沒有驗證 $L - \varepsilon > 0$，而 $\varepsilon$ 是固定的 1。

具體來說，學生的證明中，結論 $f(x) > 0$ 依賴於 $L - 1 > 0$，但這不成立。

所以，我應該列出：

1. 學生斷言 $L - 1 > 0$，但 $L > 0$ 不保證 $L > 1$，因此 $L - 1$ 可能為負。

2. 甚至，當 $L \leq 1$ 時，$L - 1 \leq 0$，所以 $f(x) > L - 1$ 不能推出 $f(x) > 0$。

但問題是獨立的。

規則：必須列出所有彼此獨立的根本問題。

另一個問題：學生取 $\varepsilon = 1$，但 $\varepsilon$ 應該是任意正數，但學生固定為 1，這可能不夠小。然而，在證明中，學生使用 $\varepsilon = 1$ 來得到 $f(x) > L - 1$，但為了確保 $f(x) > 0$，需要 $L - 1 > 0$，所以核心問題是 $L - 1 > 0$ 不成立。

在參考解中，$\varepsilon = L/2$ 以確保 $L - \varepsilon = L/2 > 0$。

學生的錯誤是沒有選擇 $\varepsilon$ 依賴於 $L$。

但具體來說，學生說 ""I use epsilon = 1""，這不是依賴於 $L$。

在教學標準下，這是一個缺漏：學生沒有說明 $\varepsilon$ 的選擇必須基於 $L$ 以確保 $L - \varepsilon > 0$。

但問題是：學生直接說 $L - 1 > 0$，而這不成立。

我認為主要問題是：學生假設 $L - 1 > 0$ 但沒有證明。

所以，用一句話：在斷言 $f(x) > L - 1 > 0$ 時，學生未證明 $L - 1 > 0$，因為 $L > 0$ 不保證 $L > 1$。

此外，可能有另一個問題：學生說 ""Thus f(x) > L-1 > 0""，但 $f(x) > L - 1$ 是正確的（由 $|f(x) - L| < 1$），但 $L - 1 > 0$ 是錯誤的。

所以，問題是：學生錯誤地斷言 $L - 1 > 0$。

在教學上，這是一個缺漏：學生沒有驗證 $L > 1$。

題目中 $L > 0$，但沒有指定 $L > 1$。

所以，我應該輸出一個 JSON 陣列。

可能的問題：

- ""學生在斷言 $L - 1 > 0$ 時，未說明 $L > 1$ 作為前提，但 $L > 0$ 不足以保證 $L > 1$。""

但規則要求精確一句話。

另一個點：學生的證明中，$f(x) > L - 1$ 這部分正確，但 $L - 1 > 0$ 這部分錯誤，所以整個結論不成立。

在參考解中，$\varepsilon$ 被選擇為 $L/2$ 以確保 $L - \varepsilon > 0$。

學生的 $\varepsilon = 1$ 可能太大。

但具體問題是：學生沒有確保 $L - \varepsilon > 0$。

所以，我認為最直接的問題是：學生假設 $L - 1 > 0$ 但沒有證明。

讓我寫成：

[""學生在結論中斷言 $L - 1 > 0$，但 $L > 0$ 不保證 $L > 1$，因此 $L - 1$ 可能為負。""]

但規則說：每項用一句話精確說明：在哪一步、缺了什麼或錯在哪。

步驟：在 ""Thus f(x) > L-1 > 0"" 這句話中。

缺了什麼：學生未證明 $L - 1 > 0$。

錯在哪：$L - 1$ 可能小於 0。

另外，可能有另一個問題：學生取 $\varepsilon = 1$，但 $\varepsilon$ 應該依賴於 $L$。然而，在這個草稿中，學生直接使用 $\varepsilon = 1$，但沒有說明為什麼這個 $\varepsilon$ 有效。但主要問題是 $L - 1 > 0$。

在教學上，這是一個常見錯誤：學生固定 $\varepsilon$ 為常數，而不考慮 $L$ 的大小。

但根據題目，我認為主要問題是 $L - 1 > 0$ 不成立。

讓我檢查是否有其他問題。

學生說 ""I use epsilon = 1""，但 $\varepsilon$ 在極限定義中是任意正數，學生選擇 1 是可以的，但為了證明 $f(x) > 0$，需要 $L - \varepsilon > 0$，所以 $\varepsilon$ 需要小於 $L$。

但學生沒有選擇 $\varepsilon$ 依賴於 $L$。

然而，在草稿中，學生沒有提到 $L$ 作為 $\varepsilon$ 的選擇依據。

但問題是：學生的結論 $f(x) > 0$ 依賴於 $L - 1 > 0$，而這不成立。

所以，我認為一個問題就夠了。

規則：必須列出所有彼此獨立的根本問題。

可能有兩個：

1. 學生固定 $\varepsilon = 1$，但 $\varepsilon$ 需要選擇為小於 $L$ 以確保 $L - \varepsilon > 0$。這裡 $\varepsilon = 1$ 可能大於 $L$（當 $L < 1$ 時）。

2. 學生斷言 $L - 1 > 0$，但 $L > 0$ 不保證 $L > 1$。

但第二個是第一個的結果。

在教學上，學生的錯誤是沒有確保 $L - \varepsilon > 0$。

具體來說，在步驟 ""Thus f(x) > L-1 > 0"" 中，學生假設 $L - 1 > 0$ 但沒有驗證。

所以，我會寫：

[""學生在斷言 $L - 1 > 0$ 時，未說明 $L > 1$ 作為前提，但 $L > 0$ 不足以保證 $L > 1$。""]

為了更精確。

另一個例子：假設 $L = 0.5$，$f(x) = 0.5$，則 $f(x) > L - 1 = -0.5$，但 $f(x) = 0.5 > 0$，所以這裡 $f(x) > 0$ 成立，但學生的斷言 $L - 1 > 0$ 是假的（$-0.5 > 0$ 假），所以學生的證明在邏輯上錯誤，因為他寫 $L - 1 > 0$ 但實際上不成立。

在證明中，學生說 ""f(x) > L-1 > 0""，這意味著 $f(x) > L-1$ 且 $L-1 > 0$。但 $L-1 > 0$ 是假的，所以整個陳述錯誤。

因此，問題是：學生錯誤地斷言 $L - 1 > 0$。

在教學標準下，這是一個缺漏：學生沒有驗證 $L > 1$。

所以，我認為一個問題就夠了。

但規則說：必須列出所有彼此獨立的根本問題。可能有更多。

學生說 ""I use epsilon = 1""，但 $\varepsilon$ 應該是任意正數，但學生選擇 1 是可以的，但為了這個證明，$\varepsilon$ 需要依賴於 $L$。然而，在草稿中，學生沒有說明為什麼 $\varepsilon = 1$ 有效，但主要問題是 $L - 1 > 0$。

我認為最關鍵的是 $L - 1 > 0$ 不成立。

讓我寫成 JSON 陣列。

用中文？不，規則說：輸出 JSON 字串陣列，但內容用中文？題目是中文，但輸出應該是英文？看規則。

在用戶消息中，是中文，但輸出是 JSON 字串，內容應該是英文？不，規則沒指定語言。

在示例中，沒有給，但既然是教學標準，可能用中文或英文？用戶是中文，但作為 AI，我應該用英文？不，看上下文。

在用戶消息： ""使用者會給你：題目、正確的參考解、學生寫的草稿或嘗試。""

然後 ""只輸出 JSON 字串陣列（如 [""…"",""…""]）""

在中文環境，可能用中文。但為了安全，我應該用英文，因為數學是國際的。

在規則中，沒有指定語言，但既然是嚴格教學，用英文可能更好。

在之前的對話，我用中文，但這裡我應該用英文。

看： ""每項用一句話精確說明""

在 JSON 中，字串用英文。

例如： ""Student incorrectly assumes that L - 1 > 0, but L > 0 does not imply L > 1.""

但要精確。

另一個點：學生說 ""Thus f(x) > L-1 > 0""，但 $f(x) > L - 1$ 是正確的，但 $L - 1 > 0$ 是錯誤的。

所以，問題是：學生未證明 $L - 1 > 0$。

具體： ""In the step where the student claims f(x) > L-1 > 0, the student fails to verify that L - 1 > 0, as L > 0 does not guarantee L > 1.""

為了更簡潔。

規則： ""必須列出所有彼此獨立的根本問題""

可能有兩個問題：

1. The student chose ε = 1 without ensuring that ε < L, which is necessary for L - ε > 0.

2. The student assumed L - 1 > 0 without justification.

但第二個是第一個的結果。

在教學上，學生的錯誤是沒有選擇 ε 依賴於 L。

但學生的草稿中，他直接使用 ε=1，沒有提到 L。

然而，主要問題是 L-1 > 0 不成立。

我認為一個問題就夠了。

讓我決定： [""The student incorrectly assumes that L - 1 > 0, but L > 0 does not imply L > 1.""]

但要更精確。

在參考解中，ε = L/2 以確保 L - ε > 0.

學生的 ε = 1 可能大於 L.

所以，另一個問題： ""The student fixed ε = 1, but ε should be chosen depending on L to ensure L - ε > 0; here ε = 1 may be greater than L when L < 1.""

但這可能太長。

規則： ""每項用一句話精確說明""

我會寫： [""The student claims L - 1 > 0 without verifying that L > 1, but L > 0 does not imply L > 1.""]

為了符合教學標準。

在學生的草稿中，他說 ""Thus f(x) > L-1 > 0""，所以問題在於 L-1 > 0 這部分。

所以，我認為這是主要問題。

此外，學生沒有說明 ε 的選擇是基於 L，但這可能不是直接問題。

我決定輸出一個問題。

JSON 陣列： [""The student assumes L - 1 > 0 but L > 0 does not guarantee L > 1.""]

但要更嚴格。

在教學中，學生需要說明為什麼 ε = 1 有效，但這裡 ε = 1 是固定的，不依賴於 L，所以當 L 小時，它不有效。

但具體來說，對於這個證明，學生的錯誤是 L-1 > 0 不成立。

我認為這是關鍵。

讓我寫成： [""In the step 'f(x) > L-1 > 0', the student fails to establish that L - 1 > 0, as L > 0 does not imply L > 1.""]

是的。

現在，檢查是否有其他問題。

學生說 ""I use epsilon = 1""，但 ε 在極限定義中是任意正數，學生選擇 1 是可以的，但為了這個證明，他需要 ε 使得 L - ε > 0，所以 ε < L。但學生沒有選擇 ε < L。

然而，在草稿中，他沒有提到，但問題是 L-1 > 0 不成立。

我認為一個問題就夠了。

規則： ""完全沒有問題就輸出空陣列""，但這裡有問題。

所以，輸出 [""The student incorrectly assumes that L - 1 > 0 without justification, since L > 0 does not imply L > 1.""]

為了精確。

在中文中？但用戶是中文，但輸出是 JSON 字串，可能用英文。在數學上下文中，通常用英文。

在用戶消息中，題目是中文，但參考解和草稿是英文，所以用英文。

我會用英文。

最終決定： [""The student claims L - 1 > 0 but L > 0 does not guarantee L > 1.""]

但要更完整。

另一個想法：學生說 ""f(x) > L-1 > 0""，但 f(x) > L-1 是正確的，但 L-1 > 0 是錯誤的，所以問題是 L-1 > 0 不成立。

在教學上，學生需要證明 L > 1 來確保。

但題目中 L > 0，但 L 可能小於 1。

所以，我認為這是主要問題。

我會輸出一個元素的陣列。

JSON: [""The student assumes L - 1 > 0 without verifying that L > 1, but L > 0 does not imply L > 1.""]

是的。

為了更嚴格： ""The student fails to establish that L - 1 > 0, as the condition L > 0 is insufficient to ensure L > 1.""

但規則說 ""精確說明""。

我認為這就夠了。

所以，輸出： [""The student incorrectly assumes that L - 1 > 0, but L > 0 does not imply L > 1.""]

在 JSON 陣列中。

現在，確認是否有其他問題。

學生說 ""Thus f(x) > L-1 > 0""，但 f(x) > L-1 這部分正確，但 L-1 > 0 錯誤。

另外，學生沒有提到 ""sufficiently close""，但參考解有，學生的草稿中說 ""Thus f(x) > L-1 > 0""，但沒有指定 x 的範圍，但從上下文，δ 保證了 x 足夠接近，所以可能沒問題。

在草稿中，學生說 ""there is delta > 0 such that 0 < |x-a| < delta implies |f(x)-L| < 1""，所以 x 足夠接近是涵蓋的。

所以，主要問題是 L-1 > 0。

我認為一個問題就夠了。

所以，JSON: [""The student incorrectly assumes that L - 1 > 0 without justification, as L > 0 does not guarantee L > 1.""]

用英文。

為了符合，我會寫成： [""The student claims L - 1 > 0 but L > 0 does not imply L > 1.""]

是的。

在教學中，學生需要說明為什麼 ε = 1 有效，但這裡 ε = 1 是固定的，不依賴於 L，所以當 L < 1 時，它不有效。但學生的錯誤是直接斷言 L-1 > 0。

我認為這是核心。

所以，我會輸出這個。",,,,True,False,True,True,single_analyst_semantic_adjudication,Root issue is present and the required structured output parses.
Base-Thinking reviewer,N2,integral mean value theorem,"The average value need not lie between the endpoint values f(a), f(b); one must use global min/max carefully or apply MVT to an integral antiderivative.",['學生在應用中間值定理前，未證明 $A$ 介於 $f(a)$ 和 $f(b)$ 之間'],True,True,True,True,"[""學生在應用中間值定理前，未證明 $A$ 介於 $f(a)$ 和 $f(b)$ 之間""]","首先，我需要理解題目和學生的草稿。題目是證明：如果 $f$ 是在 $[a,b]$ 上連續的，那麼存在 $c \in (a,b)$ 使得 $\int_a^b f(x)\,dx = f(c)(b-a)$。

參考解使用了微分積分基本定理（FTC）和中值定理（MVT）來證明。定義 $F(t) = \int_a^t f(x)\,dx$，然後應用 MVT 到 $F$ 上。

學生的草稿說：他用中間值定理（IVT）來證明。他定義 $A = \frac{1}{b-a} \int_a^b f(x)\,dx$。然後說因為 $f$ 連續且 $A$ 介於 $f(a)$ 和 $f(b)$ 之間，所以 IVT 保證存在 $c \in (a,b)$ 使得 $f(c) = A$。

學生的結論是：$f(c) = A$，所以 $\int_a^b f(x)\,dx = f(c)(b-a)$，這看起來正確，但問題在於他用了 IVT 來斷言 $A$ 介於 $f(a)$ 和 $f(b)$ 之間。

關鍵點：IVT 要求函數在區間上連續，且值在端點之間。但這裡，學生假設 $A$ 介於 $f(a)$ 和 $f(b)$ 之間，這不一定成立。例如，如果 $f$ 是常數函數，那麼 $A = f(a) = f(b)$，這沒問題；但如果 $f$ 不是常數，$A$ 可能不在 $[f(a), f(b)]$ 之間。

實際上，對於連續函數，$\int_a^b f(x)\,dx$ 的平均值（即 $A$）不一定在 $[f(a), f(b)]$ 之間。例如，考慮 $f(x) = x$ 在 $[0,2]$ 上。那麼 $\int_0^2 x\,dx = 2$，所以 $A = \frac{2}{2} = 1$。$f(0) = 0$，$f(2) = 2$，所以 $A=1$ 介於 0 和 2 之間。但另一個例子：$f(x) = -x$ 在 $[0,2]$ 上。$\int_0^2 (-x)\,dx = -2$，所以 $A = \frac{-2}{2} = -1$。$f(0) = 0$，$f(2) = -2$，所以 $A = -1$ 介於 $-2$ 和 $0$ 之間？$-2 < -1 < 0$，是的。

但考慮 $f(x) = x^2$ 在 $[0,1]$ 上。$\int_0^1 x^2\,dx = \frac{1}{3}$，$A = \frac{1}{3}$。$f(0) = 0$，$f(1) = 1$，所以 $0 \leq \frac{1}{3} \leq 1$，成立。

我需要一個反例。假設 $f$ 在 $[a,b]$ 上連續，但 $A$ 不在 $[f(a), f(b)]$ 之間？不，對於連續函數，根據中值定理的積分形式，$A$ 確實在 $[f(a), f(b)]$ 之間？不，那不是真的。

回想：對於連續函數，$\int_a^b f(x)\,dx$ 的平均值（$A$）不一定在 $f(a)$ 和 $f(b)$ 之間。例如，取 $f(x) = \sin(x)$ 在 $[0, \pi]$ 上。$\int_0^\pi \sin(x)\,dx = 2$，所以 $A = \frac{2}{\pi} \approx 0.6366$。$f(0) = 0$，$f(\pi) = 0$，所以 $[f(a), f(b)] = [0,0]$，但 $A \approx 0.6366$ 不在 $[0,0]$ 之間。哦！這裡有問題。

在 $[0, \pi]$ 上，$f(x) = \sin(x)$，$f(0) = 0$，$f(\pi) = 0$，但 $\int_0^\pi \sin(x)\,dx = 2$，所以 $A = \frac{2}{\pi} \approx 0.6366$。由於 $f(a) = f(b) = 0$，區間 $[f(a), f(b)]$ 是單點集 $\{0\}$，但 $A \neq 0$，所以 $A$ 不在 $[f(a), f(b)]$ 之間。

因此，學生的假設 ""A lies between f(a) and f(b)"" 是錯誤的，因為當 $f(a) = f(b)$ 時，$A$ 可能不等於 $f(a)$。

在參考解中，他們使用了 FTC 和 MVT，這是正確的，但學生用了 IVT，這需要 $A$ 介於 $f(a)$ 和 $f(b)$ 之間，但這不總是成立。

所以，學生的草稿中，關鍵錯誤是：他假設 $A$ 介於 $f(a)$ 和 $f(b)$ 之間，但這不一定成立，如上反例所示。

此外，IVT 要求函數在區間上連續，但這裡他說 ""since f is continuous and A lies between f(a) and f(b)""，但 $A$ 介於 $f(a)$ 和 $f(b)$ 之間不是總成立。

在 IVT 的應用中，他需要 $f$ 在 $[a,b]$ 上連續，且 $A$ 在 $[f(a), f(b)]$ 之間（或 $[f(b), f(a)]$ 依賴於哪個大）。但如反例所示，$A$ 可能不在這個區間內。

所以，問題是：學生沒有證明 $A$ 介於 $f(a)$ 和 $f(b)$ 之間；他直接假設了。

另外，在參考解中，他們使用了 MVT 來處理積分，但學生用了 IVT，這不正確，因為 IVT 是關於函數值在區間內取到，但這裡 $A$ 是平均值，不一定在端點值之間。

另一個點：學生說 ""the Intermediate Value Theorem gives c in (a,b) with f(c)=A""。但 IVT 要求 $A$ 在 $f(a)$ 和 $f(b)$ 之間，否則不存在這樣的 $c$。

所以，根本問題是：學生沒有驗證 $A$ 介於 $f(a)$ 和 $f(b)$ 之間。

此外，題目中說 ""遞增／increasing"" 但這裡是連續函數，沒有指定遞增，所以學生的假設可能不成立。

在草稿中，學生寫 ""A lies between f(a) and f(b)""，但這不是總成立，所以這是缺漏。

現在，檢查是否有其他問題。

學生說 ""I use the Intermediate Value Theorem as follows."" 但 IVT 需要函數連續，這有，但條件不滿。

另外，學生的結論是 ""Is this correct?"" 但根據以上，不正確。

所以，我需要找出缺漏。

根據規則：

- 數學錯誤：斷言不成立。這裡，學生斷言 $A$ 介於 $f(a)$ 和 $f(b)$ 之間，但這不成立（反例）。

- 依據缺漏：某一步結論依賴的事實沒有明說。這裡，學生的 IVT 應用依賴於 $A$ 介於 $f(a)$ 和 $f(b)$ 之間，但沒有證明這個。

在草稿中，他說 ""Since f is continuous and A lies between f(a) and f(b)"", 但 ""A lies between"" 他沒有證明，他直接說了。

所以，缺漏是：沒有證明 $A$ 介於 $f(a)$ 和 $f(b)$ 之間。

此外，在反例中，當 $f(a) = f(b)$ 時，$A$ 可能不等於 $f(a)$，所以 $A$ 不在 $[f(a), f(b)]$ 之間。

另一個可能問題：學生說 ""A lies between f(a) and f(b)""，但 ""between"" 可能被解釋為 $f(a) \leq A \leq f(b)$ 或 $f(b) \leq A \leq f(a)$，但通常 ""between"" 意味著在區間內，包括端點。

但在反例中，$f(a) = f(b) = 0$，$A \neq 0$，所以不在區間內。

所以，主要問題是：學生假設 $A$ 介於 $f(a)$ 和 $f(b)$ 之間，但這不是總成立。

現在，是否有其他缺漏？

學生說 ""the Intermediate Value Theorem gives c in (a,b) with f(c)=A""。IVT 要求 $f$ 在 $[a,b]$ 上連續，這有，但條件 $A$ 在 $[f(a), f(b)]$ 之間必須成立，但學生沒有證明這個。

所以，缺漏是：沒有證明 $A$ 介於 $f(a)$ 和 $f(b)$ 之間。

此外，在參考解中，他們使用了 MVT，但學生用了 IVT，這不正確，因為 IVT 不直接給出積分的中值。

但問題是針對草稿的缺漏。

規則說：必須列出所有彼此獨立的根本問題。

這裡，一個根本問題是：學生沒有驗證 $A$ 介於 $f(a)$ 和 $f(b)$ 之間。

另一個可能：學生說 ""A lies between f(a) and f(b)""，但對於某些連續函數，$A$ 可能不在 $[f(a), f(b)]$ 之間，如反例所示。

在反例 $f(x) = \sin(x)$ on $[0,\pi]$，$f(a)=0$, $f(b)=0$, $A = \frac{2}{\pi} \approx 0.6366 \neq 0$，所以 $A$ 不在 $[f(a), f(b)] = [0,0]$ 之間。

所以，是的。

現在，是否有其他問題？

學生說 ""I use the Intermediate Value Theorem""，但 IVT 是針對函數值，而這裡 $A$ 是平均值，但問題在於 $A$ 是否在端點值之間。

另一個點：在 IVT 的應用中，如果 $f$ 不是常數，$A$ 可能不在 $[f(a), f(b)]$ 之間？不，在反例中，$f$ 是常數？不，$\sin(x)$ 不是常數。

在 $[0,\pi]$，$\sin(x)$ 從 0 到 1 再到 0，所以 $f(a)=0$, $f(b)=0$，但 $A > 0$。

所以，學生的假設是錯誤的。

因此，問題是：學生沒有證明 $A$ 介於 $f(a)$ 和 $f(b)$ 之間。

在草稿中，他寫 ""A lies between f(a) and f(b)""，但這不是一個證明，他直接斷言了，而沒有理由。

所以，根據規則：某一步結論依賴的事實沒有明說——這裡，IVT 應用依賴於 $A$ 介於 $f(a)$ 和 $f(b)$ 之間，但沒有明說（沒有證明）。

此外，規則說：即使該事實顯然成立也算缺漏。這裡，顯然不成立，所以必須明說。

所以，我應該輸出：在學生使用 IVT 的步驟中，他假設 $A$ 介於 $f(a)$ 和 $f(b)$ 之間，但這沒有被證明。

具體來說：在哪一步、缺了什麼。

學生的草稿： ""Since f is continuous and A lies between f(a) and f(b), the Intermediate Value Theorem gives c in (a,b) with f(c)=A.""

所以，步驟是：應用 IVT。

缺漏：沒有證明 $A$ 介於 $f(a)$ 和 $f(b)$ 之間。

另一個可能問題：學生說 ""A lies between f(a) and f(b)""，但 ""between"" 可能被誤解。在數學中，""between"" 通常意味著在區間內，但對於不連續的函數，但這裡 $f$ 連續，所以 IVT 需要 $A$ 在 $[f(a), f(b)]$ 之間（如果 $f(a) \leq f(b)$）或 $[f(b), f(a)]$ 之間（如果 $f(b) < f(a)$）。

但學生沒有指定順序。

在反例中，$f(a) = f(b)$，所以區間是單點，但 $A$ 不等於它。

所以，核心問題是：$A$ 未必在 $[f(a), f(b)]$ 之間。

現在，是否有其他缺漏？

學生的結論是 ""Is this correct?"" 但問題是找出草稿的缺漏。

在參考解中，他們使用了 MVT，但學生用了 IVT，這不正確，因為 IVT 不給出積分的中值；中值定理是針對導數的。

但這裡，學生的錯誤是假設 $A$ 介於端點值之間。

另一個點：學生說 ""the Intermediate Value Theorem gives c in (a,b) with f(c)=A""，但 IVT 要求 $f$ 在 $[a,b]$ 上連續，這有，但條件 $A$ 在 $[f(a), f(b)]$ 之間必須成立，否則不存在 $c$。

所以，是的。

現在，我需要以 JSON 陣列輸出。

每項用一句話精確說明。

所以，可能的問題： ""在應用中間值定理的步驟中，學生假設 $A$ 介於 $f(a)$ 和 $f(b)$ 之間，但這沒有被證明，且不總是成立（例如 $f(x)=\sin x$ 在 $[0,\pi]$ 上）。""

但規則說：必須精確，且不設數量上限。

另外，規則：不要輸出其他文字，只輸出 JSON 陣列。

所以，我應該寫成： [""在應用中間值定理時，學生未證明 $A$ 介於 $f(a)$ 和 $f(b)$ 之間，此斷言不成立""]

但要更精確。

看規則： ""在哪一步、缺了什麼或錯在哪。""

這裡，步驟是：應用 IVT。

缺了：證明 $A$ 介於 $f(a)$ 和 $f(b)$ 之間。

另外，學生說 ""A lies between""，但沒有證明。

在草稿中，他寫 ""A lies between f(a) and f(b)""，但這不是一個事實，而是假設。

所以，問題是：學生沒有提供 $A$ 介於 $f(a)$ 和 $f(b)$ 之間的證明。

此外，規則說： ""包含關係或不等號方向反了"" — 這裡沒有不等號方向反，但斷言不成立。

另一個可能問題：學生說 ""the Intermediate Value Theorem gives c in (a,b) with f(c)=A""，但 IVT 要求 $f$ 在 $[a,b]$ 上連續，這有，但條件 $A$ 在 $[f(a), f(b)]$ 之間必須成立，而學生沒有驗證。

所以，我認為主要問題是這個。

是否有其他？

在題目中，是 ""continuous on [a,b]""，學生用了 IVT，但 IVT 需要連續，這有。

但關鍵是 $A$ 介於端點值之間。

在參考解中，他們使用了 MVT，這是正確的，但學生用了 IVT，這不正確。

但問題是針對草稿的缺漏。

現在，寫 JSON。

我需要一句話。

例如： ""學生在應用中間值定理時，假設 $A$ 介於 $f(a)$ 和 $f(b)$ 之間，但此假設未被證明且不總是成立。""

但規則說： ""精確說明""。

為了更嚴格，可以指定反例，但規則說： ""不要輸出其他文字""，所以可能不需要反例，但問題是 ""缺了什麼""。

在教學標準，必須讓學生補上證明 $A$ 介於 $f(a)$ 和 $f(b)$ 之間。

所以，問題是：學生沒有證明 $A$ 介於 $f(a)$ 和 $f(b)$ 之間。

在草稿中，他直接說 ""A lies between""，所以缺漏是：沒有證明這個。

另一個點：學生說 ""A lies between f(a) and f(b)""，但對於某些函數，$A$ 可能不在 $[f(a), f(b)]$ 之間，如反例所示。

但規則說： ""即使該事實顯然成立也算缺漏"" — 這裡，顯然不成立，所以必須明說。

所以，我認為只有一個主要問題。

但規則說： ""必須列出所有彼此獨立的根本問題""，所以可能只有一個。

現在，寫成 JSON 陣列。

例如： [""在應用中間值定理的步驟中，學生未證明 $A$ 介於 $f(a)$ 和 $f(b)$ 之間""]

但要更精確。

學生的草稿： ""Let A=(1/(b-a)) integral_a^b f(x) dx. Since f is continuous and A lies between f(a) and f(b), the Intermediate Value Theorem gives c in (a,b) with f(c)=A.""

所以，步驟是： ""Since f is continuous and A lies between f(a) and f(b)"" — 這裡，他說 ""A lies between""，但這不是一個已知事實；他需要證明它。

所以，缺漏是：沒有證明 $A$ 介於 $f(a)$ 和 $f(b)$ 之間。

此外，這個斷言不成立，如反例所示。

但對於 JSON，我應該寫成一句話。

規則： ""每項用一句話精確說明""

所以，我寫： ""學生假設 $A$ 介於 $f(a)$ 和 $f(b)$ 之間，但此斷言未被證明且不總是成立。""

為了符合教學標準，必須明說。

另一個可能問題：在 IVT 中，$c$ 通常在開區間 $(a,b)$，但學生說 $c \in (a,b)$，這正確。

但問題在於 $A$ 介於端點值之間。

我認為這是主要問題。

現在，確認是否有其他。

學生說 ""the Intermediate Value Theorem gives c in (a,b) with f(c)=A""，但 IVT 要求 $f$ 在 $[a,b]$ 上連續，這有，但條件 $A$ 在 $[f(a), f(b)]$ 之間必須成立。學生沒有驗證這個條件。

所以，是的。

在參考解中，他們使用了 MVT，這是正確的，但學生用了 IVT，這不正確，因為 IVT 不直接適用於積分中值；中值定理是針對導數的。

但這裡，學生的錯誤是假設 $A$ 介於端點值之間。

所以，我認為只有一個問題。

輸出 JSON 陣列。

例如： [""在應用中間值定理時，學生未證明 $A$ 介於 $f(a)$ 和 $f(b)$ 之間""]

但要更精確。

規則： ""嚴格的教學標準"" — 教學上，學生必須證明 $A$ 介於 $f(a)$ 和 $f(b)$ 之間。

在草稿中，他沒有證明。

所以，問題是：學生沒有提供 $A$ 介於 $f(a)$ 和 $f(b)$ 之間的證明。

另外，規則說： ""量詞順序錯誤"" — 這裡沒有量詞問題。

""不等號方向反了"" — 這裡沒有不等號。

所以，我認為只有一個問題。

現在，寫成 JSON 字串。

用中文？ 題目是中文，但輸出是 JSON 陣列，內容用中文？ 看規則： ""每項用一句話""，但沒有指定語言。 用戶是中文，但輸出應該是中文？ 用戶消息是中文，但 JSON 陣列內容。

在規則中： ""不要輸出任何其他文字""，但內容用什麼語言？

看用戶消息： ""使用者會給你：題目、正確的參考解、學生寫的草稿或嘗試。""

題目是中文，但數學內容是英文。

在輸出中，我應該用中文還是英文？

規則說： ""每項用一句話""，但沒有指定。 但為了嚴格，我應該用中文，因為用戶是中文。

在之前的例子，沒有指定。

但為了安全，我可以用英文，因為數學術語是英文。

但用戶是中文，所以可能期望中文。

看規則： ""術語慣例"" 有中文，如 ""中間值定理""。

在用戶消息中，題目是中文：""Problem: Prove that if $f$ is continuous on $[a,b]$ with $a<b$, then there exists $c\in(a,b)$ such that $\int_a^b f(x)\,dx=f(c)(b-a)$.""

學生草稿是英文。

所以，輸出應該用英文？ 但規則說 ""每項用一句話""，在教學中，可能用中文。

為了簡單，我用英文，因為數學內容。

但規則沒有指定語言。

在 JSON 中，字串可以是中文。

我決定用中文，因為用戶是中文。

例如： ""在應用中間值定理時，學生未證明 $A$ 介於 $f(a)$ 和 $f(b)$ 之間""

但要精確。

另一個點：學生說 ""A lies between f(a) and f(b)""，但 ""between"" 可能被解釋為 $f(a) \leq A \leq f(b)$ 或 $f(b) \leq A \leq f(a)$，但學生沒有指定順序。

在反例中，$f(a) = f(b)$，所以區間是單點，但 $A$ 不等於它。

所以，問題是：學生假設 $A$ 介於 $f(a)$ 和 $f(b)$ 之間，但這不總是成立。

在教學中，學生必須證明 $A$ 介於 $f(a)$ 和 $f(b)$ 之間，但這不是總成立，所以學生的假設錯誤。

所以，問題是：學生錯誤地假設 $A$ 介於 $f(a)$ 和 $f(b)$ 之間，而沒有證明。

具體來說： ""學生在應用中間值定理前，假設 $A$ 介於 $f(a)$ 和 $f(b)$ 之間，但此假設未被證明且不總是成立。""

為了更精確，可以說： ""學生未證明 $A$ 介於 $f(a)$ 和 $f(b)$ 之間，此斷言在 $f(x)=\sin x$ 在 $[0,\pi]$ 上時不成立。""

但規則說： ""不要輸出其他文字""，且 ""精確""，但可能不需要反例，因為規則說 ""即使該事實顯然成立也算缺漏""，所以只要說未證明即可。

規則： ""某一步結論依賴的事實沒有明說"" — 這裡，IVT 應用依賴於 $A$ 介於 $f(a)$ 和 $f(b)$ 之間，但沒有明說（沒有證明）。

所以，我寫： ""在應用中間值定理的步驟中，學生未明確證明 $A$ 介於 $f(a)$ 和 $f(b)$ 之間""

但要符合 ""缺了什麼""。

另一個方式： ""學生假設 $A$ 介於 $f(a)$ 和 $f(b)$ 之間，但此假設未被證明""

是的。

現在，我認為這是主要問題。

是否有其他缺漏？

學生說 ""the Intermediate Value Theorem gives c in (a,b) with f(c)=A""，但 IVT 要求 $f$ 在 $[a,b]$ 上連續，這有，但條件 $A$ 在 $[f(a), f(b)]$ 之間必須成立。學生沒有驗證這個條件。

所以，是的。

在參考解中，他們使用了 MVT，這是正確的，但學生用了 IVT，這不正確，但問題是針對草稿的缺漏，不是方法錯誤。

學生的錯誤是假設 $A$ 介於端點值之間。

所以，我將輸出一個 JSON 陣列： [""在應用中間值定理時，學生未證明 $A$ 介於 $f(a)$ 和 $f(b)$ 之間""]

但用中文。

為了更嚴格，可以說： ""學生未證明 $A$ 介於 $f(a)$ 和 $f(b)$ 之間，此斷言不總是成立""

但規則說： ""不要輸出其他文字""，所以只輸出 JSON。

現在，寫成 JSON。

例如： [""學生在應用中間值定理前，假設 $A$ 介於 $f(a)$ 和 $f(b)$ 之間，但此假設未被證明""]

但要精確。

我決定： [""在應用中間值定理的步驟中，學生未證明 $A$ 介於 $f(a)$ 和 $f(b)$ 之間""]

在中文中，""中間值定理"" 就是 Intermediate Value Theorem。

是的。

為了確認，看是否有其他問題。

學生說 ""Let A=(1/(b-a)) integral_a^b f(x) dx""，這正確。

""Since f is continuous"" — 有。

""and A lies between f(a) and f(b)"" — 這裡，他說 ""lies between""，但沒有證明。

""the Intermediate Value Theorem gives c in (a,b) with f(c)=A"" — 但 IVT 要求 $A$ 在 $[f(a), f(b)]$ 之間，所以如果 $A$ 不在，則不存在 $c$。

所以，是的。

另一個點：在 IVT 中，$c$ 通常在 $(a,b)$，但學生說 $c \in (a,b)$，這正確。

所以，沒有其他問題。

因此，只有一個問題。

輸出 JSON 陣列。

用中文。

所以， [""在應用中間值定理時，學生未證明 $A$ 介於 $f(a)$ 和 $f(b)$ 之間""]

但要更精確： ""學生假設 $A$ 介於 $f(a)$ 和 $f(b)$ 之間，但此假設未被證明""

是的。

我寫： [""學生在應用中間值定理前，未證明 $A$ 介於 $f(a)$ 和 $f(b)$ 之間""]

在教學中，學生必須證明這個。

規則： ""即使該事實顯然成立也算缺漏"" — 這裡，顯然不成立，所以必須明說。

所以，我認為這是正確的。

現在，寫 JSON。

注意：JSON 陣列，字串用雙引號。

在 Python 中，但這裡是 JSON。

所以，輸出： [""學生在應用中間值定理前，未證明 $A$ 介於 $f(a)$ 和 $f(b)$ 之間""]

但為了嚴格，可以說 ""此斷言不總是成立""，但規則說 ""不要輸出其他文字""，所以可能不需要。

規則： ""每項用一句話精確說明""，所以 ""學生在應用中間值定理前，未證明 $A$ 介於 $f(a)$ 和 $f(b)$ 之間"" 是一句話。

是的。

我決定用這個。

在草稿中，他寫 ""A lies between""，但沒有證明，所以缺漏是證明。

所以，最終 JSON: [""學生在應用中間值定理前，未證明 $A$ 介於 $f(a)$ 和 $f(b)$ 之間""]

但用 LaTeX 標記 $A$ 等。

在 JSON 字串中，可以有 LaTeX。

是的。

為了避免問題，用文字。

但數學中常用 LaTeX。

在用戶消息中，有 LaTeX，所以應該可以。

所以，我輸出這個。

但規則說： ""不要輸出任何其他文字""，所以只輸出 JSON 陣列。

另外，如果沒有問題，輸出空陣列，但這裡有問題。

所以，不是空。

現在，寫成 JSON。

在 Python 中，但這裡是文本。

我輸出： [""學生在應用中間值定理前，未證明 $A$ 介於 $f(a)$ 和 $f(b)$ 之間""]

但要確保是 JSON。

在 JSON 中，字串用雙引號。

所以，字符串： ""學生在應用中間值定理前，未證明 $A$ 介於 $f(a)$ 和 $f(b)$ 之間""

注意：在中文中，""介於"" 是 ""between""。

是的。

為了更精確，可以說 ""此斷言不總是成立""，但可能冗餘。

規則： ""嚴格的教學標準""，所以必須指出未證明。

我認為這個夠了。

另一個可能：學生說 ""A lies between f(a) and f(b)""，但對於連續函數，$A$ 未必在 $[f(a), f(b)]$ 之間，但學生可能誤以為它在，但實際上，對於連續函數，$A$ 有界，但不一定在端點值之間。

在教學中，學生需要證明 $f(a) \leq A \leq f(b)$ 或 $f(b) \leq A \leq f(a)$，但這不成立。

所以，是的。

我認為這是正確的。

所以，輸出 JSON 陣列。

最終： [""學生在應用中間值定理前，未證明 $A$ 介於 $f(a)$ 和 $f(b)$ 之間""]

在 JSON 中，字串用雙引號。

所以，輸出： [""學生在應用中間值定理前，未證明 $A$ 介於 $f(a)$ 和 $f(b)$ 之間""]

但為了確認，看是否有其他問題。

學生說 ""the Intermediate Value Theorem gives c in (a,b) with f(c)=A""，但 IVT 要求 $f$ 在 $[a,b]$ 上連續，這有，但條件 $A$ 在 $[f(a), f(b)]$ 之間必須成立。學生沒有驗證這個條件。

所以，問題是：學生沒有驗證 $A$ 介於 $f(a)$ 和 $f(b)$ 之間。

是的。

我認為這是唯一的問題。

所以，輸出這個。
[""學生在應用中間值定理前，未證明 $A$ 介於 $f(a)$ 和 $f(b)$ 之間""]",679,7077,0.341773526,43.91584909699986,False,stop,1.0,"首先，我需要理解題目和學生的草稿。題目是證明：如果 $f$ 是在 $[a,b]$ 上連續的，那麼存在 $c \in (a,b)$ 使得 $\int_a^b f(x)\,dx = f(c)(b-a)$。

參考解使用了微分積分基本定理（FTC）和中值定理（MVT）來證明。定義 $F(t) = \int_a^t f(x)\,dx$，然後應用 MVT 到 $F$ 上。

學生的草稿說：他用中間值定理（IVT）來證明。他定義 $A = \frac{1}{b-a} \int_a^b f(x)\,dx$。然後說因為 $f$ 連續且 $A$ 介於 $f(a)$ 和 $f(b)$ 之間，所以 IVT 保證存在 $c \in (a,b)$ 使得 $f(c) = A$。

學生的結論是：$f(c) = A$，所以 $\int_a^b f(x)\,dx = f(c)(b-a)$，這看起來正確，但問題在於他用了 IVT 來斷言 $A$ 介於 $f(a)$ 和 $f(b)$ 之間。

關鍵點：IVT 要求函數在區間上連續，且值在端點之間。但這裡，學生假設 $A$ 介於 $f(a)$ 和 $f(b)$ 之間，這不一定成立。例如，如果 $f$ 是常數函數，那麼 $A = f(a) = f(b)$，這沒問題；但如果 $f$ 不是常數，$A$ 可能不在 $[f(a), f(b)]$ 之間。

實際上，對於連續函數，$\int_a^b f(x)\,dx$ 的平均值（即 $A$）不一定在 $[f(a), f(b)]$ 之間。例如，考慮 $f(x) = x$ 在 $[0,2]$ 上。那麼 $\int_0^2 x\,dx = 2$，所以 $A = \frac{2}{2} = 1$。$f(0) = 0$，$f(2) = 2$，所以 $A=1$ 介於 0 和 2 之間。但另一個例子：$f(x) = -x$ 在 $[0,2]$ 上。$\int_0^2 (-x)\,dx = -2$，所以 $A = \frac{-2}{2} = -1$。$f(0) = 0$，$f(2) = -2$，所以 $A = -1$ 介於 $-2$ 和 $0$ 之間？$-2 < -1 < 0$，是的。

但考慮 $f(x) = x^2$ 在 $[0,1]$ 上。$\int_0^1 x^2\,dx = \frac{1}{3}$，$A = \frac{1}{3}$。$f(0) = 0$，$f(1) = 1$，所以 $0 \leq \frac{1}{3} \leq 1$，成立。

我需要一個反例。假設 $f$ 在 $[a,b]$ 上連續，但 $A$ 不在 $[f(a), f(b)]$ 之間？不，對於連續函數，根據中值定理的積分形式，$A$ 確實在 $[f(a), f(b)]$ 之間？不，那不是真的。

回想：對於連續函數，$\int_a^b f(x)\,dx$ 的平均值（$A$）不一定在 $f(a)$ 和 $f(b)$ 之間。例如，取 $f(x) = \sin(x)$ 在 $[0, \pi]$ 上。$\int_0^\pi \sin(x)\,dx = 2$，所以 $A = \frac{2}{\pi} \approx 0.6366$。$f(0) = 0$，$f(\pi) = 0$，所以 $[f(a), f(b)] = [0,0]$，但 $A \approx 0.6366$ 不在 $[0,0]$ 之間。哦！這裡有問題。

在 $[0, \pi]$ 上，$f(x) = \sin(x)$，$f(0) = 0$，$f(\pi) = 0$，但 $\int_0^\pi \sin(x)\,dx = 2$，所以 $A = \frac{2}{\pi} \approx 0.6366$。由於 $f(a) = f(b) = 0$，區間 $[f(a), f(b)]$ 是單點集 $\{0\}$，但 $A \neq 0$，所以 $A$ 不在 $[f(a), f(b)]$ 之間。

因此，學生的假設 ""A lies between f(a) and f(b)"" 是錯誤的，因為當 $f(a) = f(b)$ 時，$A$ 可能不等於 $f(a)$。

在參考解中，他們使用了 FTC 和 MVT，這是正確的，但學生用了 IVT，這需要 $A$ 介於 $f(a)$ 和 $f(b)$ 之間，但這不總是成立。

所以，學生的草稿中，關鍵錯誤是：他假設 $A$ 介於 $f(a)$ 和 $f(b)$ 之間，但這不一定成立，如上反例所示。

此外，IVT 要求函數在區間上連續，但這裡他說 ""since f is continuous and A lies between f(a) and f(b)""，但 $A$ 介於 $f(a)$ 和 $f(b)$ 之間不是總成立。

在 IVT 的應用中，他需要 $f$ 在 $[a,b]$ 上連續，且 $A$ 在 $[f(a), f(b)]$ 之間（或 $[f(b), f(a)]$ 依賴於哪個大）。但如反例所示，$A$ 可能不在這個區間內。

所以，問題是：學生沒有證明 $A$ 介於 $f(a)$ 和 $f(b)$ 之間；他直接假設了。

另外，在參考解中，他們使用了 MVT 來處理積分，但學生用了 IVT，這不正確，因為 IVT 是關於函數值在區間內取到，但這裡 $A$ 是平均值，不一定在端點值之間。

另一個點：學生說 ""the Intermediate Value Theorem gives c in (a,b) with f(c)=A""。但 IVT 要求 $A$ 在 $f(a)$ 和 $f(b)$ 之間，否則不存在這樣的 $c$。

所以，根本問題是：學生沒有驗證 $A$ 介於 $f(a)$ 和 $f(b)$ 之間。

此外，題目中說 ""遞增／increasing"" 但這裡是連續函數，沒有指定遞增，所以學生的假設可能不成立。

在草稿中，學生寫 ""A lies between f(a) and f(b)""，但這不是總成立，所以這是缺漏。

現在，檢查是否有其他問題。

學生說 ""I use the Intermediate Value Theorem as follows."" 但 IVT 需要函數連續，這有，但條件不滿。

另外，學生的結論是 ""Is this correct?"" 但根據以上，不正確。

所以，我需要找出缺漏。

根據規則：

- 數學錯誤：斷言不成立。這裡，學生斷言 $A$ 介於 $f(a)$ 和 $f(b)$ 之間，但這不成立（反例）。

- 依據缺漏：某一步結論依賴的事實沒有明說。這裡，學生的 IVT 應用依賴於 $A$ 介於 $f(a)$ 和 $f(b)$ 之間，但沒有證明這個。

在草稿中，他說 ""Since f is continuous and A lies between f(a) and f(b)"", 但 ""A lies between"" 他沒有證明，他直接說了。

所以，缺漏是：沒有證明 $A$ 介於 $f(a)$ 和 $f(b)$ 之間。

此外，在反例中，當 $f(a) = f(b)$ 時，$A$ 可能不等於 $f(a)$，所以 $A$ 不在 $[f(a), f(b)]$ 之間。

另一個可能問題：學生說 ""A lies between f(a) and f(b)""，但 ""between"" 可能被解釋為 $f(a) \leq A \leq f(b)$ 或 $f(b) \leq A \leq f(a)$，但通常 ""between"" 意味著在區間內，包括端點。

但在反例中，$f(a) = f(b) = 0$，$A \neq 0$，所以不在區間內。

所以，主要問題是：學生假設 $A$ 介於 $f(a)$ 和 $f(b)$ 之間，但這不是總成立。

現在，是否有其他缺漏？

學生說 ""the Intermediate Value Theorem gives c in (a,b) with f(c)=A""。IVT 要求 $f$ 在 $[a,b]$ 上連續，這有，但條件 $A$ 在 $[f(a), f(b)]$ 之間必須成立，但學生沒有證明這個。

所以，缺漏是：沒有證明 $A$ 介於 $f(a)$ 和 $f(b)$ 之間。

此外，在參考解中，他們使用了 MVT，但學生用了 IVT，這不正確，因為 IVT 不直接給出積分的中值。

但問題是針對草稿的缺漏。

規則說：必須列出所有彼此獨立的根本問題。

這裡，一個根本問題是：學生沒有驗證 $A$ 介於 $f(a)$ 和 $f(b)$ 之間。

另一個可能：學生說 ""A lies between f(a) and f(b)""，但對於某些連續函數，$A$ 可能不在 $[f(a), f(b)]$ 之間，如反例所示。

在反例 $f(x) = \sin(x)$ on $[0,\pi]$，$f(a)=0$, $f(b)=0$, $A = \frac{2}{\pi} \approx 0.6366 \neq 0$，所以 $A$ 不在 $[f(a), f(b)] = [0,0]$ 之間。

所以，是的。

現在，是否有其他問題？

學生說 ""I use the Intermediate Value Theorem""，但 IVT 是針對函數值，而這裡 $A$ 是平均值，但問題在於 $A$ 是否在端點值之間。

另一個點：在 IVT 的應用中，如果 $f$ 不是常數，$A$ 可能不在 $[f(a), f(b)]$ 之間？不，在反例中，$f$ 是常數？不，$\sin(x)$ 不是常數。

在 $[0,\pi]$，$\sin(x)$ 從 0 到 1 再到 0，所以 $f(a)=0$, $f(b)=0$，但 $A > 0$。

所以，學生的假設是錯誤的。

因此，問題是：學生沒有證明 $A$ 介於 $f(a)$ 和 $f(b)$ 之間。

在草稿中，他寫 ""A lies between f(a) and f(b)""，但這不是一個證明，他直接斷言了，而沒有理由。

所以，根據規則：某一步結論依賴的事實沒有明說——這裡，IVT 應用依賴於 $A$ 介於 $f(a)$ 和 $f(b)$ 之間，但沒有明說（沒有證明）。

此外，規則說：即使該事實顯然成立也算缺漏。這裡，顯然不成立，所以必須明說。

所以，我應該輸出：在學生使用 IVT 的步驟中，他假設 $A$ 介於 $f(a)$ 和 $f(b)$ 之間，但這沒有被證明。

具體來說：在哪一步、缺了什麼。

學生的草稿： ""Since f is continuous and A lies between f(a) and f(b), the Intermediate Value Theorem gives c in (a,b) with f(c)=A.""

所以，步驟是：應用 IVT。

缺漏：沒有證明 $A$ 介於 $f(a)$ 和 $f(b)$ 之間。

另一個可能問題：學生說 ""A lies between f(a) and f(b)""，但 ""between"" 可能被誤解。在數學中，""between"" 通常意味著在區間內，但對於不連續的函數，但這裡 $f$ 連續，所以 IVT 需要 $A$ 在 $[f(a), f(b)]$ 之間（如果 $f(a) \leq f(b)$）或 $[f(b), f(a)]$ 之間（如果 $f(b) < f(a)$）。

但學生沒有指定順序。

在反例中，$f(a) = f(b)$，所以區間是單點，但 $A$ 不等於它。

所以，核心問題是：$A$ 未必在 $[f(a), f(b)]$ 之間。

現在，是否有其他缺漏？

學生的結論是 ""Is this correct?"" 但問題是找出草稿的缺漏。

在參考解中，他們使用了 MVT，但學生用了 IVT，這不正確，因為 IVT 不給出積分的中值；中值定理是針對導數的。

但這裡，學生的錯誤是假設 $A$ 介於端點值之間。

另一個點：學生說 ""the Intermediate Value Theorem gives c in (a,b) with f(c)=A""，但 IVT 要求 $f$ 在 $[a,b]$ 上連續，這有，但條件 $A$ 在 $[f(a), f(b)]$ 之間必須成立，否則不存在 $c$。

所以，是的。

現在，我需要以 JSON 陣列輸出。

每項用一句話精確說明。

所以，可能的問題： ""在應用中間值定理的步驟中，學生假設 $A$ 介於 $f(a)$ 和 $f(b)$ 之間，但這沒有被證明，且不總是成立（例如 $f(x)=\sin x$ 在 $[0,\pi]$ 上）。""

但規則說：必須精確，且不設數量上限。

另外，規則：不要輸出其他文字，只輸出 JSON 陣列。

所以，我應該寫成： [""在應用中間值定理時，學生未證明 $A$ 介於 $f(a)$ 和 $f(b)$ 之間，此斷言不成立""]

但要更精確。

看規則： ""在哪一步、缺了什麼或錯在哪。""

這裡，步驟是：應用 IVT。

缺了：證明 $A$ 介於 $f(a)$ 和 $f(b)$ 之間。

另外，學生說 ""A lies between""，但沒有證明。

在草稿中，他寫 ""A lies between f(a) and f(b)""，但這不是一個事實，而是假設。

所以，問題是：學生沒有提供 $A$ 介於 $f(a)$ 和 $f(b)$ 之間的證明。

此外，規則說： ""包含關係或不等號方向反了"" — 這裡沒有不等號方向反，但斷言不成立。

另一個可能問題：學生說 ""the Intermediate Value Theorem gives c in (a,b) with f(c)=A""，但 IVT 要求 $f$ 在 $[a,b]$ 上連續，這有，但條件 $A$ 在 $[f(a), f(b)]$ 之間必須成立，而學生沒有驗證。

所以，我認為主要問題是這個。

是否有其他？

在題目中，是 ""continuous on [a,b]""，學生用了 IVT，但 IVT 需要連續，這有。

但關鍵是 $A$ 介於端點值之間。

在參考解中，他們使用了 MVT，這是正確的，但學生用了 IVT，這不正確。

但問題是針對草稿的缺漏。

現在，寫 JSON。

我需要一句話。

例如： ""學生在應用中間值定理時，假設 $A$ 介於 $f(a)$ 和 $f(b)$ 之間，但此假設未被證明且不總是成立。""

但規則說： ""精確說明""。

為了更嚴格，可以指定反例，但規則說： ""不要輸出其他文字""，所以可能不需要反例，但問題是 ""缺了什麼""。

在教學標準，必須讓學生補上證明 $A$ 介於 $f(a)$ 和 $f(b)$ 之間。

所以，問題是：學生沒有證明 $A$ 介於 $f(a)$ 和 $f(b)$ 之間。

在草稿中，他直接說 ""A lies between""，所以缺漏是：沒有證明這個。

另一個點：學生說 ""A lies between f(a) and f(b)""，但對於某些函數，$A$ 可能不在 $[f(a), f(b)]$ 之間，如反例所示。

但規則說： ""即使該事實顯然成立也算缺漏"" — 這裡，顯然不成立，所以必須明說。

所以，我認為只有一個主要問題。

但規則說： ""必須列出所有彼此獨立的根本問題""，所以可能只有一個。

現在，寫成 JSON 陣列。

例如： [""在應用中間值定理的步驟中，學生未證明 $A$ 介於 $f(a)$ 和 $f(b)$ 之間""]

但要更精確。

學生的草稿： ""Let A=(1/(b-a)) integral_a^b f(x) dx. Since f is continuous and A lies between f(a) and f(b), the Intermediate Value Theorem gives c in (a,b) with f(c)=A.""

所以，步驟是： ""Since f is continuous and A lies between f(a) and f(b)"" — 這裡，他說 ""A lies between""，但這不是一個已知事實；他需要證明它。

所以，缺漏是：沒有證明 $A$ 介於 $f(a)$ 和 $f(b)$ 之間。

此外，這個斷言不成立，如反例所示。

但對於 JSON，我應該寫成一句話。

規則： ""每項用一句話精確說明""

所以，我寫： ""學生假設 $A$ 介於 $f(a)$ 和 $f(b)$ 之間，但此斷言未被證明且不總是成立。""

為了符合教學標準，必須明說。

另一個可能問題：在 IVT 中，$c$ 通常在開區間 $(a,b)$，但學生說 $c \in (a,b)$，這正確。

但問題在於 $A$ 介於端點值之間。

我認為這是主要問題。

現在，確認是否有其他。

學生說 ""the Intermediate Value Theorem gives c in (a,b) with f(c)=A""，但 IVT 要求 $f$ 在 $[a,b]$ 上連續，這有，但條件 $A$ 在 $[f(a), f(b)]$ 之間必須成立。學生沒有驗證這個條件。

所以，是的。

在參考解中，他們使用了 MVT，這是正確的，但學生用了 IVT，這不正確，因為 IVT 不直接適用於積分中值；中值定理是針對導數的。

但這裡，學生的錯誤是假設 $A$ 介於端點值之間。

所以，我認為只有一個問題。

輸出 JSON 陣列。

例如： [""在應用中間值定理時，學生未證明 $A$ 介於 $f(a)$ 和 $f(b)$ 之間""]

但要更精確。

規則： ""嚴格的教學標準"" — 教學上，學生必須證明 $A$ 介於 $f(a)$ 和 $f(b)$ 之間。

在草稿中，他沒有證明。

所以，問題是：學生沒有提供 $A$ 介於 $f(a)$ 和 $f(b)$ 之間的證明。

另外，規則說： ""量詞順序錯誤"" — 這裡沒有量詞問題。

""不等號方向反了"" — 這裡沒有不等號。

所以，我認為只有一個問題。

現在，寫成 JSON 字串。

用中文？ 題目是中文，但輸出是 JSON 陣列，內容用中文？ 看規則： ""每項用一句話""，但沒有指定語言。 用戶是中文，但輸出應該是中文？ 用戶消息是中文，但 JSON 陣列內容。

在規則中： ""不要輸出任何其他文字""，但內容用什麼語言？

看用戶消息： ""使用者會給你：題目、正確的參考解、學生寫的草稿或嘗試。""

題目是中文，但數學內容是英文。

在輸出中，我應該用中文還是英文？

規則說： ""每項用一句話""，但沒有指定。 但為了嚴格，我應該用中文，因為用戶是中文。

在之前的例子，沒有指定。

但為了安全，我可以用英文，因為數學術語是英文。

但用戶是中文，所以可能期望中文。

看規則： ""術語慣例"" 有中文，如 ""中間值定理""。

在用戶消息中，題目是中文：""Problem: Prove that if $f$ is continuous on $[a,b]$ with $a<b$, then there exists $c\in(a,b)$ such that $\int_a^b f(x)\,dx=f(c)(b-a)$.""

學生草稿是英文。

所以，輸出應該用英文？ 但規則說 ""每項用一句話""，在教學中，可能用中文。

為了簡單，我用英文，因為數學內容。

但規則沒有指定語言。

在 JSON 中，字串可以是中文。

我決定用中文，因為用戶是中文。

例如： ""在應用中間值定理時，學生未證明 $A$ 介於 $f(a)$ 和 $f(b)$ 之間""

但要精確。

另一個點：學生說 ""A lies between f(a) and f(b)""，但 ""between"" 可能被解釋為 $f(a) \leq A \leq f(b)$ 或 $f(b) \leq A \leq f(a)$，但學生沒有指定順序。

在反例中，$f(a) = f(b)$，所以區間是單點，但 $A$ 不等於它。

所以，問題是：學生假設 $A$ 介於 $f(a)$ 和 $f(b)$ 之間，但這不總是成立。

在教學中，學生必須證明 $A$ 介於 $f(a)$ 和 $f(b)$ 之間，但這不是總成立，所以學生的假設錯誤。

所以，問題是：學生錯誤地假設 $A$ 介於 $f(a)$ 和 $f(b)$ 之間，而沒有證明。

具體來說： ""學生在應用中間值定理前，假設 $A$ 介於 $f(a)$ 和 $f(b)$ 之間，但此假設未被證明且不總是成立。""

為了更精確，可以說： ""學生未證明 $A$ 介於 $f(a)$ 和 $f(b)$ 之間，此斷言在 $f(x)=\sin x$ 在 $[0,\pi]$ 上時不成立。""

但規則說： ""不要輸出其他文字""，且 ""精確""，但可能不需要反例，因為規則說 ""即使該事實顯然成立也算缺漏""，所以只要說未證明即可。

規則： ""某一步結論依賴的事實沒有明說"" — 這裡，IVT 應用依賴於 $A$ 介於 $f(a)$ 和 $f(b)$ 之間，但沒有明說（沒有證明）。

所以，我寫： ""在應用中間值定理的步驟中，學生未明確證明 $A$ 介於 $f(a)$ 和 $f(b)$ 之間""

但要符合 ""缺了什麼""。

另一個方式： ""學生假設 $A$ 介於 $f(a)$ 和 $f(b)$ 之間，但此假設未被證明""

是的。

現在，我認為這是主要問題。

是否有其他缺漏？

學生說 ""the Intermediate Value Theorem gives c in (a,b) with f(c)=A""，但 IVT 要求 $f$ 在 $[a,b]$ 上連續，這有，但條件 $A$ 在 $[f(a), f(b)]$ 之間必須成立。學生沒有驗證這個條件。

所以，是的。

在參考解中，他們使用了 MVT，這是正確的，但學生用了 IVT，這不正確，但問題是針對草稿的缺漏，不是方法錯誤。

學生的錯誤是假設 $A$ 介於端點值之間。

所以，我將輸出一個 JSON 陣列： [""在應用中間值定理時，學生未證明 $A$ 介於 $f(a)$ 和 $f(b)$ 之間""]

但用中文。

為了更嚴格，可以說： ""學生未證明 $A$ 介於 $f(a)$ 和 $f(b)$ 之間，此斷言不總是成立""

但規則說： ""不要輸出其他文字""，所以只輸出 JSON。

現在，寫成 JSON。

例如： [""學生在應用中間值定理前，假設 $A$ 介於 $f(a)$ 和 $f(b)$ 之間，但此假設未被證明""]

但要精確。

我決定： [""在應用中間值定理的步驟中，學生未證明 $A$ 介於 $f(a)$ 和 $f(b)$ 之間""]

在中文中，""中間值定理"" 就是 Intermediate Value Theorem。

是的。

為了確認，看是否有其他問題。

學生說 ""Let A=(1/(b-a)) integral_a^b f(x) dx""，這正確。

""Since f is continuous"" — 有。

""and A lies between f(a) and f(b)"" — 這裡，他說 ""lies between""，但沒有證明。

""the Intermediate Value Theorem gives c in (a,b) with f(c)=A"" — 但 IVT 要求 $A$ 在 $[f(a), f(b)]$ 之間，所以如果 $A$ 不在，則不存在 $c$。

所以，是的。

另一個點：在 IVT 中，$c$ 通常在 $(a,b)$，但學生說 $c \in (a,b)$，這正確。

所以，沒有其他問題。

因此，只有一個問題。

輸出 JSON 陣列。

用中文。

所以， [""在應用中間值定理時，學生未證明 $A$ 介於 $f(a)$ 和 $f(b)$ 之間""]

但要更精確： ""學生假設 $A$ 介於 $f(a)$ 和 $f(b)$ 之間，但此假設未被證明""

是的。

我寫： [""學生在應用中間值定理前，未證明 $A$ 介於 $f(a)$ 和 $f(b)$ 之間""]

在教學中，學生必須證明這個。

規則： ""即使該事實顯然成立也算缺漏"" — 這裡，顯然不成立，所以必須明說。

所以，我認為這是正確的。

現在，寫 JSON。

注意：JSON 陣列，字串用雙引號。

在 Python 中，但這裡是 JSON。

所以，輸出： [""學生在應用中間值定理前，未證明 $A$ 介於 $f(a)$ 和 $f(b)$ 之間""]

但為了嚴格，可以說 ""此斷言不總是成立""，但規則說 ""不要輸出其他文字""，所以可能不需要。

規則： ""每項用一句話精確說明""，所以 ""學生在應用中間值定理前，未證明 $A$ 介於 $f(a)$ 和 $f(b)$ 之間"" 是一句話。

是的。

我決定用這個。

在草稿中，他寫 ""A lies between""，但沒有證明，所以缺漏是證明。

所以，最終 JSON: [""學生在應用中間值定理前，未證明 $A$ 介於 $f(a)$ 和 $f(b)$ 之間""]

但用 LaTeX 標記 $A$ 等。

在 JSON 字串中，可以有 LaTeX。

是的。

為了避免問題，用文字。

但數學中常用 LaTeX。

在用戶消息中，有 LaTeX，所以應該可以。

所以，我輸出這個。

但規則說： ""不要輸出任何其他文字""，所以只輸出 JSON 陣列。

另外，如果沒有問題，輸出空陣列，但這裡有問題。

所以，不是空。

現在，寫成 JSON。

在 Python 中，但這裡是文本。

我輸出： [""學生在應用中間值定理前，未證明 $A$ 介於 $f(a)$ 和 $f(b)$ 之間""]

但要確保是 JSON。

在 JSON 中，字串用雙引號。

所以，字符串： ""學生在應用中間值定理前，未證明 $A$ 介於 $f(a)$ 和 $f(b)$ 之間""

注意：在中文中，""介於"" 是 ""between""。

是的。

為了更精確，可以說 ""此斷言不總是成立""，但可能冗餘。

規則： ""嚴格的教學標準""，所以必須指出未證明。

我認為這個夠了。

另一個可能：學生說 ""A lies between f(a) and f(b)""，但對於連續函數，$A$ 未必在 $[f(a), f(b)]$ 之間，但學生可能誤以為它在，但實際上，對於連續函數，$A$ 有界，但不一定在端點值之間。

在教學中，學生需要證明 $f(a) \leq A \leq f(b)$ 或 $f(b) \leq A \leq f(a)$，但這不成立。

所以，是的。

我認為這是正確的。

所以，輸出 JSON 陣列。

最終： [""學生在應用中間值定理前，未證明 $A$ 介於 $f(a)$ 和 $f(b)$ 之間""]

在 JSON 中，字串用雙引號。

所以，輸出： [""學生在應用中間值定理前，未證明 $A$ 介於 $f(a)$ 和 $f(b)$ 之間""]

但為了確認，看是否有其他問題。

學生說 ""the Intermediate Value Theorem gives c in (a,b) with f(c)=A""，但 IVT 要求 $f$ 在 $[a,b]$ 上連續，這有，但條件 $A$ 在 $[f(a), f(b)]$ 之間必須成立。學生沒有驗證這個條件。

所以，問題是：學生沒有驗證 $A$ 介於 $f(a)$ 和 $f(b)$ 之間。

是的。

我認為這是唯一的問題。

所以，輸出這個。",,True,Human-verified semantic match: reviewer correctly identified that A was not proved to lie between f(a) and f(b).,True,False,True,True,single_analyst_semantic_adjudication,Root issue is present and the required structured output parses.
Base-Thinking reviewer,N3,intermediate value theorem / shifted values,"The correct relation is g(1)=-g(0), not g(0)=g(1); equality of endpoint values alone would not force a zero.",['The student incorrectly states that $g(0) = g(1)$ when in fact $g(1) = -g(0)$ because $f(0) = f(2)$ implies $g(1) = f(1) - f(2) = f(1) - f(0) = -(f(0) - f(1)) = -g(0)$.'],True,True,True,True,"[""The student incorrectly states that $g(0) = g(1)$ when in fact $g(1) = -g(0)$ because $f(0) = f(2)$ implies $g(1) = f(1) - f(2) = f(1) - f(0) = -(f(0) - f(1)) = -g(0)$.""]","Okay, let's try to figure out what's wrong with the student's draft. The problem is to prove that there exists a c in [0,1] such that f(c) = f(c+1), given that f is continuous on [0,2] and f(0)=f(2).

The student defines g(x) = f(x) - f(x+1) for x in [0,1]. Then they say since f(0)=f(2), we have g(0)=g(1). Wait, let's check that. g(0) is f(0) - f(1), and g(1) is f(1) - f(2). Since f(0)=f(2), then g(1) = f(1) - f(0) = - (f(0) - f(1)) = -g(0). So the student says g(0)=g(1), but actually g(1) = -g(0). That's a mistake here.

The student then applies the Intermediate Value Theorem (IVT) directly to say that there's a c in [0,1] where g(c)=0. But IVT requires that g is continuous (which it is, since f is continuous), and that g takes values of opposite signs at the endpoints. However, the student assumes that g(0)=g(1), which is not true. Instead, g(1) = -g(0). So if g(0) is not zero, then g(0) and g(1) have opposite signs (since g(1) = -g(0)), which would imply by IVT that there's a c in (0,1) where g(c)=0. But the student incorrectly states that g(0)=g(1), which is wrong.

Wait, the student's step says: ""Since f(0)=f(2), we have g(0)=g(1)"". Let's compute g(0) and g(1):

g(0) = f(0) - f(1)

g(1) = f(1) - f(2) = f(1) - f(0) (since f(0)=f(2)) = - (f(0) - f(1)) = -g(0)

So g(1) = -g(0), not equal to g(0). Therefore, the student's assertion that g(0)=g(1) is incorrect. That's a key mistake.

The student then says ""By IVT, g(c)=0 for some c in [0,1]"". But IVT requires that the function changes sign. If g(0) = g(1), then if g(0) is not zero, the function would have to be constant (if it's equal at endpoints), but in reality, since g(1) = -g(0), the only way g(0)=g(1) is if g(0)=0. But the student is assuming g(0)=g(1) without justification, which is wrong.

So the main error here is the student incorrectly states that g(0) = g(1), when in fact g(1) = -g(0). Therefore, the step where they say ""since f(0)=f(2), we have g(0)=g(1)"" is wrong.

Another point: the student says ""By IVT, g(c)=0 for some c in [0,1]"". But IVT applies when the function is continuous and the endpoints have opposite signs. However, the student's reasoning here is flawed because they incorrectly assumed g(0)=g(1), which isn't true. So even if they tried to use IVT, their premise is wrong.

Wait, the reference proof handles the cases: if g(0)=0, take c=0; if g(1)=0, take c=1; else, since g(1)=-g(0), they have opposite signs, so IVT applies. The student's mistake is in the step where they equate g(0) and g(1), which is incorrect.

So the problem here is that the student incorrectly states that g(0) = g(1) because f(0)=f(2). But in reality, g(1) = -g(0). Therefore, the student's step ""since f(0)=f(2), we have g(0)=g(1)"" is wrong.

Another possible issue: the student says ""By IVT, g(c)=0 for some c in [0,1]"". But IVT requires that the function takes values of opposite signs at the endpoints. However, the student's incorrect premise (g(0)=g(1)) would lead to a wrong conclusion. But even if they had the correct premise, they need to check if the signs are opposite. But in this case, the student's mistake is in the first step.

So the main error is the student claiming that g(0) = g(1) when it's actually g(1) = -g(0).

Let me check if there's another error. For example, the student says ""g(c)=0 for some c in [0,1]"". The reference proof says that if g(0)=0, take c=0; if g(1)=0, take c=1; else, IVT gives c in (0,1). The student's argument is that since g(0)=g(1), then IVT applies. But since g(0) and g(1) are negatives, if neither is zero, they have opposite signs, so IVT applies. But the student incorrectly states that g(0)=g(1), which is not the case.

So the key error is in the step where the student says ""since f(0)=f(2), we have g(0)=g(1)"". The correct relation is g(1) = -g(0), not equal.

Therefore, the problem is that the student incorrectly equates g(0) and g(1) when it's actually g(1) = -g(0).

Another possible point: the student says ""By IVT, g(c)=0 for some c in [0,1]"". But IVT requires that the function is continuous (which it is), and that the function takes values of opposite signs at the endpoints. However, the student's premise that g(0)=g(1) is wrong, so even if they proceed, the conclusion is invalid. But the main error is the incorrect equality.

So the answer should be a JSON array with one entry: ""The student incorrectly states that g(0) = g(1) when in fact g(1) = -g(0) because f(0) = f(2) implies g(1) = f(1) - f(2) = f(1) - f(0) = - (f(0) - f(1)) = -g(0).""

Wait, the problem says to output in JSON array of strings. Let me phrase it as a single sentence.

The student's error is in the step where they claim g(0) = g(1) due to f(0) = f(2). But actually, g(1) = -g(0).

So the JSON array would be [""The student incorrectly states that $g(0) = g(1)$ when in fact $g(1) = -g(0)$ because $f(0) = f(2)$ implies $g(1) = f(1) - f(2) = f(1) - f(0) = - (f(0) - f(1)) = -g(0)$.""]

Wait, but the problem says ""each item must be a sentence that precisely states where the step is wrong and what's missing or wrong"". So the student's step is: ""Since f(0)=f(2), we have g(0)=g(1)"". The error here is that they equate g(0) and g(1), but it's actually g(1) = -g(0).

Yes, that's the main error. Are there any other errors?

The student says ""By IVT, g(c)=0 for some c in [0,1]"". But even if they had the correct premise, they need to check if the function changes sign. However, since their premise is wrong, this step is based on a false assumption. But the primary error is the incorrect equality.

So the answer is a single error: the student claims g(0)=g(1) but it's actually g(1)=-g(0).

Let me check if there's another issue. For example, the student says ""g(c)=0 for some c in [0,1]"". The reference proof handles the cases where g(0)=0 or g(1)=0, but the student's argument is that since g(0)=g(1), then IVT applies. But if g(0)=g(1), then unless g(0)=0, the function would have to be constant (but in reality, it's not), so IVT wouldn't necessarily apply. However, the main error is the initial step.

So the only error here is the incorrect statement that g(0)=g(1).

Therefore, the JSON array should have one string: the explanation of that error.
[""The student incorrectly states that $g(0) = g(1)$ when in fact $g(1) = -g(0)$ because $f(0) = f(2)$ implies $g(1) = f(1) - f(2) = f(1) - f(0) = -(f(0) - f(1)) = -g(0)$.""]",1465,10288,0.297321065,65.60517514599997,False,stop,2.0,"Okay, let's try to figure out what's wrong with the student's draft. The problem is to prove that there exists a c in [0,1] such that f(c) = f(c+1), given that f is continuous on [0,2] and f(0)=f(2).

The student defines g(x) = f(x) - f(x+1) for x in [0,1]. Then they say since f(0)=f(2), we have g(0)=g(1). Wait, let's check that. g(0) is f(0) - f(1), and g(1) is f(1) - f(2). Since f(0)=f(2), then g(1) = f(1) - f(0) = - (f(0) - f(1)) = -g(0). So the student says g(0)=g(1), but actually g(1) = -g(0). That's a mistake here.

The student then applies the Intermediate Value Theorem (IVT) directly to say that there's a c in [0,1] where g(c)=0. But IVT requires that g is continuous (which it is, since f is continuous), and that g takes values of opposite signs at the endpoints. However, the student assumes that g(0)=g(1), which is not true. Instead, g(1) = -g(0). So if g(0) is not zero, then g(0) and g(1) have opposite signs (since g(1) = -g(0)), which would imply by IVT that there's a c in (0,1) where g(c)=0. But the student incorrectly states that g(0)=g(1), which is wrong.

Wait, the student's step says: ""Since f(0)=f(2), we have g(0)=g(1)"". Let's compute g(0) and g(1):

g(0) = f(0) - f(1)

g(1) = f(1) - f(2) = f(1) - f(0) (since f(0)=f(2)) = - (f(0) - f(1)) = -g(0)

So g(1) = -g(0), not equal to g(0). Therefore, the student's assertion that g(0)=g(1) is incorrect. That's a key mistake.

The student then says ""By IVT, g(c)=0 for some c in [0,1]"". But IVT requires that the function changes sign. If g(0) = g(1), then if g(0) is not zero, the function would have to be constant (if it's equal at endpoints), but in reality, since g(1) = -g(0), the only way g(0)=g(1) is if g(0)=0. But the student is assuming g(0)=g(1) without justification, which is wrong.

So the main error here is the student incorrectly states that g(0) = g(1), when in fact g(1) = -g(0). Therefore, the step where they say ""since f(0)=f(2), we have g(0)=g(1)"" is wrong.

Another point: the student says ""By IVT, g(c)=0 for some c in [0,1]"". But IVT applies when the function is continuous and the endpoints have opposite signs. However, the student's reasoning here is flawed because they incorrectly assumed g(0)=g(1), which isn't true. So even if they tried to use IVT, their premise is wrong.

Wait, the reference proof handles the cases: if g(0)=0, take c=0; if g(1)=0, take c=1; else, since g(1)=-g(0), they have opposite signs, so IVT applies. The student's mistake is in the step where they equate g(0) and g(1), which is incorrect.

So the problem here is that the student incorrectly states that g(0) = g(1) because f(0)=f(2). But in reality, g(1) = -g(0). Therefore, the student's step ""since f(0)=f(2), we have g(0)=g(1)"" is wrong.

Another possible issue: the student says ""By IVT, g(c)=0 for some c in [0,1]"". But IVT requires that the function takes values of opposite signs at the endpoints. However, the student's incorrect premise (g(0)=g(1)) would lead to a wrong conclusion. But even if they had the correct premise, they need to check if the signs are opposite. But in this case, the student's mistake is in the first step.

So the main error is the student claiming that g(0) = g(1) when it's actually g(1) = -g(0).

Let me check if there's another error. For example, the student says ""g(c)=0 for some c in [0,1]"". The reference proof says that if g(0)=0, take c=0; if g(1)=0, take c=1; else, IVT gives c in (0,1). The student's argument is that since g(0)=g(1), then IVT applies. But since g(0) and g(1) are negatives, if neither is zero, they have opposite signs, so IVT applies. But the student incorrectly states that g(0)=g(1), which is not the case.

So the key error is in the step where the student says ""since f(0)=f(2), we have g(0)=g(1)"". The correct relation is g(1) = -g(0), not equal.

Therefore, the problem is that the student incorrectly equates g(0) and g(1) when it's actually g(1) = -g(0).

Another possible point: the student says ""By IVT, g(c)=0 for some c in [0,1]"". But IVT requires that the function is continuous (which it is), and that the function takes values of opposite signs at the endpoints. However, the student's premise that g(0)=g(1) is wrong, so even if they proceed, the conclusion is invalid. But the main error is the incorrect equality.

So the answer should be a JSON array with one entry: ""The student incorrectly states that g(0) = g(1) when in fact g(1) = -g(0) because f(0) = f(2) implies g(1) = f(1) - f(2) = f(1) - f(0) = - (f(0) - f(1)) = -g(0).""

Wait, the problem says to output in JSON array of strings. Let me phrase it as a single sentence.

The student's error is in the step where they claim g(0) = g(1) due to f(0) = f(2). But actually, g(1) = -g(0).

So the JSON array would be [""The student incorrectly states that $g(0) = g(1)$ when in fact $g(1) = -g(0)$ because $f(0) = f(2)$ implies $g(1) = f(1) - f(2) = f(1) - f(0) = - (f(0) - f(1)) = -g(0)$.""]

Wait, but the problem says ""each item must be a sentence that precisely states where the step is wrong and what's missing or wrong"". So the student's step is: ""Since f(0)=f(2), we have g(0)=g(1)"". The error here is that they equate g(0) and g(1), but it's actually g(1) = -g(0).

Yes, that's the main error. Are there any other errors?

The student says ""By IVT, g(c)=0 for some c in [0,1]"". But even if they had the correct premise, they need to check if the function changes sign. However, since their premise is wrong, this step is based on a false assumption. But the primary error is the incorrect equality.

So the answer is a single error: the student claims g(0)=g(1) but it's actually g(1)=-g(0).

Let me check if there's another issue. For example, the student says ""g(c)=0 for some c in [0,1]"". The reference proof handles the cases where g(0)=0 or g(1)=0, but the student's argument is that since g(0)=g(1), then IVT applies. But if g(0)=g(1), then unless g(0)=0, the function would have to be constant (but in reality, it's not), so IVT wouldn't necessarily apply. However, the main error is the initial step.

So the only error here is the incorrect statement that g(0)=g(1).

Therefore, the JSON array should have one string: the explanation of that error.",,,,True,False,True,True,single_analyst_semantic_adjudication,Root issue is present and the required structured output parses.
Base-Thinking reviewer,R1,epsilon-delta dependency,"Delta may depend only on epsilon, not on the varying x; first bound |x+2| uniformly.","['在定義 δ = ε / |x+2| 時，δ 依賴於 x 但 δ 必須是不依賴於 x 的常數', '在推導 |x^2-4| < ε 時，未陳述 |x-2|<1 以確保 |x+2| 有界']",True,False,False,False,"[""在定義 δ = ε / |x+2| 時，δ 依賴於 x 但 δ 必須是不依賴於 x 的常數"", ""在推導 |x^2-4| < ε 時，未陳述 |x-2|<1 以確保 |x+2| 有界""]","首先，問題是證明：lim_{x->2} x^2 = 4。參考解是標準的ε-δ證明：對於 |x-2|<1，有 |x+2|<5；然後取 δ = min(1, ε/5)，所以 |x^2 - 4| = |x-2||x+2| < ε。

學生的草稿是：Let delta = ε / |x+2|. Then |x-2| < delta implies |x^2 - 4| = |x-2||x+2| < ε.

我需要嚴格審閱學生的草稿，找出缺漏或錯誤，按照教學標準。

關鍵點：學生定義 δ = ε / |x+2|。但 δ 必須是只依賴於 ε 的常數，不能依賴於 x，因為 δ 是給定 ε 時的選擇，必須是固定的，不隨 x 變化。

在 ε-δ 定義中，δ 不能取決於 x；它必須是 ε 的函數，不包含 x。學生的 δ = ε / |x+2| 依賴於 x，這在邏輯上是不正確的，因為 δ 需要是 x 接近 2 時的固定值。

例如，當 x 接近 2 時，|x+2| 會變化（例如，當 x=2 時，|x+2|=4；當 x=1 時，|x+2|=3；當 x=3 時，|x+2|=5），所以 δ 會隨 x 變化。但在 ε-δ 證明中，δ 必須是單一值，適用於所有 x 滿足 |x-2|<δ。

學生的草稿說：|x-2| < δ implies |x^2 - 4| < ε。但 δ 依賴於 x，所以這個不等式可能不成立，因為 δ 本身取決於 x。

具體來說，學生寫：Let delta = epsilon / |x+2|. 然後 |x-2| < delta implies |x^2 - 4| = |x-2||x+2| < epsilon.

但這裡 δ 是 x 的函數，所以當我們說 |x-2| < δ 時，δ 依賴於 x，這在標準 ε-δ 設計中是不被允許的。δ 必須是預先選擇的，不依賴於 x。

此外，學生沒有考慮當 |x+2| = 0 時，但 x 接近 2，|x+2| 通常不為零，但更嚴重的是 δ 依賴於 x。

在 ε-δ 證明中，δ 不能取決於 x；它必須是 ε 的純函數。

所以，主要問題是：δ 依賴於 x，這違反了 δ 的定義（δ 應該是常數，不依賴於 x）。

另外，學生沒有指定 x 的範圍（例如，|x-2|<1）來確保 |x+2| 有界，這在參考解中是關鍵。

在學生的草稿中，沒有提到任何限制，所以當 x 非常接近 2 時，|x+2| 可能很小，導致 δ 很大，但 δ 本身取決於 x，所以當我們選擇 δ 時，它必須是固定的。

例如，假設 ε = 1，那麼 δ = 1 / |x+2|。當 x=2 時，δ=1/4；但當 x=1.5 時，|x+2|=3.5，δ=1/3.5≈0.285；當 x=2.5 時，|x+2|=4.5，δ=1/4.5≈0.222。但 δ 必須是單一值，所以學生的 δ 不是常數。

在證明中，我們需要一個 δ 使得對於所有 x 滿足 |x-2|<δ，有 |x^2-4|<ε。但學生的 δ 依賴於 x，所以這個 ""if"" 說明不成立，因為 δ 本身是 x 的函數。

更精確地說，學生的陳述 ""Let delta = epsilon / |x+2|"" 意味著 δ 是 x 的函數，但 δ 應該是給定 ε 時的選擇，不依賴於 x。所以這是一個根本錯誤。

此外，學生沒有處理當 |x+2| 接近零時的情況，但由於 x 接近 2，|x+2| 至少大於 3（例如），但學生沒有指定範圍。

在參考解中，有 |x-2|<1 來確保 |x+2|<5，這避免了 |x+2| 有時很小（但 x 接近 2 時，|x+2| 通常不小）。

學生的草稿中沒有這一步。

所以，缺漏：

1. δ 依賴於 x，但 δ 必須是不依賴於 x 的常數（只依賴於 ε）。

2. 沒有指定 x 的鄰域（例如 |x-2|<1）來確保 |x+2| 有界，這在計算中是必要的。

在學生的草稿中，當寫 |x-2| < delta 時，delta 依賴於 x，所以這個不等式可能不成立，因為 δ 本身取決於 x。

例如，假設 x 使得 |x+2| 很小，但由於 x 接近 2，|x+2| 不會太小（例如，|x+2| > 3 當 |x-2|<1），但學生沒有這個。

另一個問題：學生寫 ""Then |x-2| < delta implies |x^2 - 4| = |x-2||x+2| < epsilon""。但這只有在 |x-2| < delta = epsilon / |x+2| 時才成立，但 delta 依賴於 x，所以對於給定的 x，這個不等式成立，但 δ 不是固定的；在 ε-δ 證明中，我們需要一個 δ 使得對於所有 x 滿足 |x-2|<δ，不等式成立。

學生的陳述暗示 δ 是 x 的函數，但 δ 應該是預先選擇的常數。

所以，根本問題是：δ 不能依賴於 x。

此外，學生沒有考慮當 |x+2| = 0 時，但 x 接近 2 時 |x+2| ≠ 0，所以可能不是大問題，但主要問題是 δ 依賴於 x。

在教學標準下，這是一個明顯的錯誤，因為 δ 必須是 ε 的函數，不包含 x。

讓我檢查規則：

- 數學錯誤：斷言不成立、計算錯、包含關係或不等號方向反了、量詞順序錯誤。

這裡，學生的 δ 定義是錯誤的，因為 δ 依賴於 x。

- 依據缺漏：某一步結論依賴的事實沒有明說。

例如，學生的證明中，結論 |x^2-4|<ε 依賴於 δ = ε / |x+2|，但 δ 必須是常數，所以沒有明說 δ 不依賴於 x。

另外，學生沒有說明 |x+2| 有界，所以當 |x+2| 很小時，δ 會很大，但 δ 不能隨 x 變化。

在 ε-δ 證明中，δ 必須是固定的，所以學生的草稿是不完整的。

另一個點：學生寫 ""Let delta = epsilon / |x+2|""，但 |x+2| 依賴於 x，所以 δ 依賴於 x，這在邏輯上是不被允許的。

在嚴格的 ε-δ 設計中，δ 應該是 ε 的函數，不包含 x。

所以，我認為主要問題是：δ 依賴於 x，但 δ 必須是不依賴於 x 的常數。

此外，學生沒有指定 x 的範圍來確保 |x+2| 有界。

在參考解中，有 |x-2|<1 來確保 |x+2|<5。

學生的草稿中沒有這一步。

所以，我應該列出：

1. δ 定義為 ε / |x+2| 依賴於 x，但 δ 必須是只依賴於 ε 的常數（不依賴於 x）。

2. 沒有說明 x 的鄰域（例如 |x-2|<1）來確保 |x+2| 有界，這在推導中是必要的。

在學生的草稿中，當寫 |x-2| < delta 時，delta 依賴於 x，所以這個不等式可能不適用於所有 x；例如，對於 x 滿足 |x-2|<δ，但 δ 依賴於 x，所以當我們選擇 δ 時，它必須是固定的。

具體來說，學生的證明假設 δ 是固定的，但實際上 δ 取決於 x，所以這個 ""if"" 說明是無效的。

在教學上，這是一個常見的錯誤：學生試圖直接從 |x^2-4| = |x-2||x+2| 推出 δ = ε / |x+2|，但忽略了 δ 需要是常數。

所以，我認為有兩個獨立的問題：

- δ 依賴於 x，但 δ 應該是不依賴於 x 的常數。

- 沒有確保 |x+2| 有界（例如，沒有指定 |x-2|<1）。

在學生的草稿中，沒有提到 |x-2|<1，所以當 x 非常接近 2 時，|x+2| 可能很小，但由於 x 接近 2，|x+2| 通常不小，但為了嚴格性，需要一個下界。

例如，如果 x 有時接近 -2，但 x 接近 2，所以 |x+2| > 3 當 |x-2|<1，但學生沒有這個。

所以，問題是：

1. 在定義 δ = ε / |x+2| 時，δ 依賴於 x，但 δ 必須是 ε 的函數（不依賴於 x）。

2. 沒有陳述任何限制在 x 上（如 |x-2|<1）來確保 |x+2| 有界，這在推導中是必要的。

現在，用一句話精確說明。

規則：每項用一句話精確說明：在哪一步、缺了什麼或錯在哪。

所以：

- 第一步：學生定義 δ = ε / |x+2|。這裡 δ 依賴於 x，但 δ 必須是不依賴於 x 的常數（只依賴於 ε）。

- 第二步：學生沒有指定 x 的鄰域（例如 |x-2|<1）來確保 |x+2| 有界，這在推導 |x^2-4| < ε 時是必要的。

在學生的草稿中，整個證明是 ""Let delta=epsilon/|x+2|. Then |x-2|<delta implies |x^2-4|<epsilon."" 所以，問題出在 δ 的定義和沒有範圍。

另一個潛在問題：當 |x+2| = 0 時，但 x 接近 2 時 |x+2| ≠ 0，所以可能不重要，但為了嚴格性，δ 不能有分母為零，但學生沒有考慮，不過在上下文中，x 接近 2，所以 |x+2| > 0，但主要問題是 δ 依賴於 x。

在教學標準下，δ 依賴於 x 是根本錯誤。

讓我確認是否有其他問題。

學生寫 ""|x^2-4| = |x-2||x+2| < epsilon""，但這只有在 |x-2| < delta = epsilon / |x+2| 時才成立，但由於 δ 依賴於 x，這個不等式對於給定的 x 成立，但 δ 不是固定的。

在 ε-δ 證明中，我們需要一個 δ 使得對於所有 x 滿足 |x-2|<δ，有 |x^2-4|<ε。學生的 δ 不是這樣的，因為 δ 取決於 x。

所以，是的。

現在，輸出必須是 JSON 字串陣列。

例如：[""δ 依賴於 x，但 δ 必須是不依賴於 x 的常數"", ""沒有指定 |x-2|<1 來確保 |x+2| 有界""]

但要精確。

用中文？問題是用中文寫的，但輸出是 JSON 字串，內容應該是中文？看規則：使用者是中文，但輸出是 JSON 字串，內容應該是中文句子？不，規則說：每項用一句話精確說明，但沒有指定語言。在上下文中，使用者是中文，但輸出是 JSON，內容可能用中文。

看用戶消息：使用者用中文寫問題，但輸出是 JSON 字串。

在規則中： ""每項用一句話精確說明""，但沒有指定語言。為了安全，我應該用中文，因為整個對話是中文。

用戶消息是中文，所以可能期望中文輸出。

在問題描述中： ""以**嚴格的教學標準**""，和 ""每項用一句話精確說明""。

在示例中，沒有給出，但既然是中文對話，我應該用中文。

為了確認，看規則： ""只輸出 JSON 字串陣列（如 [""…"",""…""]）""，沒有指定語言，但上下文是中文。

在學生草稿中，是英文，但問題是中文。

我認為用中文輸出。

例如：[""δ 定義為 ε / |x+2| 依賴於 x，但 δ 必須是不依賴於 x 的常數"", ""沒有陳述 |x-2|<1 來確保 |x+2| 有界""]

但要更精確。

第一個問題：在哪一步？學生定義 δ 時。

缺了什麼：δ 必須是不依賴於 x 的常數。

第二個問題：在哪一步？在推導中，沒有指定 x 的鄰域。

缺了什麼：確保 |x+2| 有界（例如 |x-2|<1）。

在學生草稿中，沒有提到任何限制。

另一個點：學生寫 ""Then |x-2|<delta implies |x^2-4|<epsilon""，但這隱含了 δ 是固定的，但實際上 δ 依賴於 x，所以這個推導不成立。

但主要問題是 δ 依賴於 x。

我認為兩個問題是獨立的。

現在，寫成一句話。

第一個：學生在定義 δ = ε / |x+2| 時，δ 依賴於 x，但 δ 必須是只依賴於 ε 的常數（不依賴於 x）。

第二個：學生沒有陳述任何條件來確保 |x+2| 有界（例如 |x-2|<1），這在推導中是必要的。

在教學上，這兩個都是缺漏。

是否有更多？

學生沒有考慮當 |x+2| 接近零時，但由於 x 接近 2，|x+2| 不會接近零（在鄰域內），但為了嚴格性，需要下界。

在參考解中，有 |x-2|<1 來確保 |x+2|<5 和 |x+2|>3（例如）。

學生沒有這個。

所以，我認為兩個問題。

現在，用中文寫。

""δ 依賴於 x，但 δ 必須是不依賴於 x 的常數""

""沒有指定 |x-2|<1 來確保 |x+2| 有界""

但要更完整。

規則： ""每項用一句話精確說明：在哪一步、缺了什麼或錯在哪。""

所以，對於第一個：在定義 δ = ε / |x+2| 這一步，δ 依賴於 x，但 δ 必須是不依賴於 x 的常數。

對於第二個：在推導 |x^2-4| < ε 時，沒有陳述 x 的鄰域（如 |x-2|<1）來確保 |x+2| 有界。

在學生草稿中，整個證明是連貫的，但問題在定義 δ。

另一個潛在問題：學生寫 ""Let delta=epsilon/|x+2|""，但 |x+2| 有絕對值，所以是正的，但當 x 接近 2 時，|x+2| > 0，所以分母不為零，但主要問題是依賴。

在 ε-δ 證明中，δ 不能取決於 x，所以這是核心錯誤。

我認為兩個問題是足夠的。

現在，輸出 JSON。

例如：[""在定義 δ = ε / |x+2| 時，δ 依賴於 x 但 δ 必須是不依賴於 x 的常數"", ""在推導 |x^2-4| < ε 時，沒有陳述 |x-2|<1 來確保 |x+2| 有界""]

但要精確。

為了更嚴格，第二個問題：學生沒有確保 |x+2| 有界，這在計算中是必要的，因為如果 |x+2| 無界，δ 可能無限大，但這裡 x 接近 2，所以有界，但需要明確。

在參考解中，有 |x-2|<1 來確保 |x+2|<5。

所以，是的。

現在，寫成中文。

我決定：

1. ""學生在定義 δ = ε / |x+2| 時，δ 依賴於 x，但 δ 必須是只依賴於 ε 的常數（不依賴於 x）""

2. ""學生沒有陳述任何條件（如 |x-2|<1）來確保 |x+2| 有界，這在推導 |x^2-4| < ε 時是必要的""

在第二個中，""這在推導中是必要的"" 但學生的推導是直接的，但缺少條件。

另一個方式：在學生的證明中，結論 |x^2-4| < ε 依賴於 |x+2| 有界，但沒有明說。

但我想兩個點是好的。

現在，輸出為 JSON 陣列。

格式： [""string"", ""string""]

不要有其他文字。

所以，我寫：

[""在定義 δ = ε / |x+2| 時，δ 依賴於 x 但 δ 必須是不依賴於 x 的常數"", ""在推導 |x^2-4| < ε 時，沒有陳述 |x-2|<1 來確保 |x+2| 有界""]

為了更精確，第二個可以說 ""沒有確保 |x+2| 有界""。

在教學中，常見的錯誤是忽略 |x+2| 有界。

我認為這兩個是獨立的問題。

是否有第三個？例如，當 |x+2| 很小時，但由於 x 接近 2，|x+2| 不會很小，所以可能不重要。

學生沒有處理分母為零，但 x 接近 2 時 |x+2| ≠ 0，所以可能不是問題。

所以，兩個問題。

現在，用中文。

在中文數學術語中，""δ"" 通常用 δ，""ε"" 用 ε。

""單調不減"" 但這裡不相關。

所以，我寫：

[""學生定義 δ = ε / |x+2| 時，δ 依賴於 x 但 δ 必須是不依賴於 x 的常數"", ""學生未陳述 |x-2|<1 以確保 |x+2| 有界""]

但要更完整。

規則說： ""每項用一句話精確說明""

所以，第一個：在哪一步？在定義 δ 時。

缺了什麼？δ 必須是不依賴於 x 的常數。

第二個：在哪一步？在推導 |x^2-4| < ε 時。

缺了什麼？|x-2|<1 來確保 |x+2| 有界。

在學生草稿中，沒有提到任何限制。

所以，我寫：

[""在定義 δ = ε / |x+2| 這一步，δ 依賴於 x 但 δ 必須是不依賴於 x 的常數"", ""在推導 |x^2-4| < ε 這一步，未陳述 |x-2|<1 以確保 |x+2| 有界""]

是的。

現在，JSON 陣列。

注意：在中文中，數學符號用英文，如 ε, δ, x, |x+2|。

在學生草稿中，是 ""epsilon"" 和 ""delta""，但通常用 ε 和 δ。

在輸出中，用標準數學符號。

我認為這樣。

最後，確認是否有問題。

另一個點：學生寫 ""|x^2-4| = |x-2||x+2| < epsilon""，但這等式是正確的，但問題在 δ 的定義。

所以，主要問題是 δ 依賴於 x。

在教學上，這是一個常見的錯誤，學生試圖直接解 δ，但忽略了 δ 需要是常數。

所以，我認為兩個問題是足夠的。

輸出 JSON。

[""在定義 δ = ε / |x+2| 時，δ 依賴於 x 但 δ 必須是不依賴於 x 的常數"", ""在推導 |x^2-4| < ε 時，未陳述 |x-2|<1 以確保 |x+2| 有界""]

為了更嚴格，第二個可以說 ""未確保 |x+2| 有界""，但 ""以確保 |x+2| 有界"" 意思是 ""to ensure |x+2| is bounded""。

在上下文中，|x-2|<1 用來確保 |x+2|<5，所以有界。

是的。

我認為這兩個。

現在，寫成 JSON 字串陣列。

在 Python 中，JSON 用雙引號。

所以，輸出：[""在定義 δ = ε / |x+2| 時，δ 依賴於 x 但 δ 必須是不依賴於 x 的常數"", ""在推導 |x^2-4| < ε 時，未陳述 |x-2|<1 以確保 |x+2| 有界""]

但要確保句子通順。

第一個句子： ""在定義 δ = ε / |x+2| 時，δ 依賴於 x 但 δ 必須是不依賴於 x 的常數"" — 這有點長，但可以。

""δ 依賴於 x"" 意思是 ""δ depends on x""。

在中文中，""依賴"" 是 ""depend""。

是的。

第二個： ""在推導 |x^2-4| < ε 時，未陳述 |x-2|<1 以確保 |x+2| 有界"" — ""未陳述"" 意思是 ""not stated""。

""以確保"" 意思是 ""to ensure""。

在教學中，這應該是明確的。

我認為這是正確的。

所以，最終輸出。
[""在定義 δ = ε / |x+2| 時，δ 依賴於 x 但 δ 必須是不依賴於 x 的常數"", ""在推導 |x^2-4| < ε 時，未陳述 |x-2|<1 以確保 |x+2| 有界""]",549,5497,0.306497501,33.53775362700003,False,stop,1.0,"首先，問題是證明：lim_{x->2} x^2 = 4。參考解是標準的ε-δ證明：對於 |x-2|<1，有 |x+2|<5；然後取 δ = min(1, ε/5)，所以 |x^2 - 4| = |x-2||x+2| < ε。

學生的草稿是：Let delta = ε / |x+2|. Then |x-2| < delta implies |x^2 - 4| = |x-2||x+2| < ε.

我需要嚴格審閱學生的草稿，找出缺漏或錯誤，按照教學標準。

關鍵點：學生定義 δ = ε / |x+2|。但 δ 必須是只依賴於 ε 的常數，不能依賴於 x，因為 δ 是給定 ε 時的選擇，必須是固定的，不隨 x 變化。

在 ε-δ 定義中，δ 不能取決於 x；它必須是 ε 的函數，不包含 x。學生的 δ = ε / |x+2| 依賴於 x，這在邏輯上是不正確的，因為 δ 需要是 x 接近 2 時的固定值。

例如，當 x 接近 2 時，|x+2| 會變化（例如，當 x=2 時，|x+2|=4；當 x=1 時，|x+2|=3；當 x=3 時，|x+2|=5），所以 δ 會隨 x 變化。但在 ε-δ 證明中，δ 必須是單一值，適用於所有 x 滿足 |x-2|<δ。

學生的草稿說：|x-2| < δ implies |x^2 - 4| < ε。但 δ 依賴於 x，所以這個不等式可能不成立，因為 δ 本身取決於 x。

具體來說，學生寫：Let delta = epsilon / |x+2|. 然後 |x-2| < delta implies |x^2 - 4| = |x-2||x+2| < epsilon.

但這裡 δ 是 x 的函數，所以當我們說 |x-2| < δ 時，δ 依賴於 x，這在標準 ε-δ 設計中是不被允許的。δ 必須是預先選擇的，不依賴於 x。

此外，學生沒有考慮當 |x+2| = 0 時，但 x 接近 2，|x+2| 通常不為零，但更嚴重的是 δ 依賴於 x。

在 ε-δ 證明中，δ 不能取決於 x；它必須是 ε 的純函數。

所以，主要問題是：δ 依賴於 x，這違反了 δ 的定義（δ 應該是常數，不依賴於 x）。

另外，學生沒有指定 x 的範圍（例如，|x-2|<1）來確保 |x+2| 有界，這在參考解中是關鍵。

在學生的草稿中，沒有提到任何限制，所以當 x 非常接近 2 時，|x+2| 可能很小，導致 δ 很大，但 δ 本身取決於 x，所以當我們選擇 δ 時，它必須是固定的。

例如，假設 ε = 1，那麼 δ = 1 / |x+2|。當 x=2 時，δ=1/4；但當 x=1.5 時，|x+2|=3.5，δ=1/3.5≈0.285；當 x=2.5 時，|x+2|=4.5，δ=1/4.5≈0.222。但 δ 必須是單一值，所以學生的 δ 不是常數。

在證明中，我們需要一個 δ 使得對於所有 x 滿足 |x-2|<δ，有 |x^2-4|<ε。但學生的 δ 依賴於 x，所以這個 ""if"" 說明不成立，因為 δ 本身是 x 的函數。

更精確地說，學生的陳述 ""Let delta = epsilon / |x+2|"" 意味著 δ 是 x 的函數，但 δ 應該是給定 ε 時的選擇，不依賴於 x。所以這是一個根本錯誤。

此外，學生沒有處理當 |x+2| 接近零時的情況，但由於 x 接近 2，|x+2| 至少大於 3（例如），但學生沒有指定範圍。

在參考解中，有 |x-2|<1 來確保 |x+2|<5，這避免了 |x+2| 有時很小（但 x 接近 2 時，|x+2| 通常不小）。

學生的草稿中沒有這一步。

所以，缺漏：

1. δ 依賴於 x，但 δ 必須是不依賴於 x 的常數（只依賴於 ε）。

2. 沒有指定 x 的鄰域（例如 |x-2|<1）來確保 |x+2| 有界，這在計算中是必要的。

在學生的草稿中，當寫 |x-2| < delta 時，delta 依賴於 x，所以這個不等式可能不成立，因為 δ 本身取決於 x。

例如，假設 x 使得 |x+2| 很小，但由於 x 接近 2，|x+2| 不會太小（例如，|x+2| > 3 當 |x-2|<1），但學生沒有這個。

另一個問題：學生寫 ""Then |x-2| < delta implies |x^2 - 4| = |x-2||x+2| < epsilon""。但這只有在 |x-2| < delta = epsilon / |x+2| 時才成立，但 delta 依賴於 x，所以對於給定的 x，這個不等式成立，但 δ 不是固定的；在 ε-δ 證明中，我們需要一個 δ 使得對於所有 x 滿足 |x-2|<δ，不等式成立。

學生的陳述暗示 δ 是 x 的函數，但 δ 應該是預先選擇的常數。

所以，根本問題是：δ 不能依賴於 x。

此外，學生沒有考慮當 |x+2| = 0 時，但 x 接近 2 時 |x+2| ≠ 0，所以可能不是大問題，但主要問題是 δ 依賴於 x。

在教學標準下，這是一個明顯的錯誤，因為 δ 必須是 ε 的函數，不包含 x。

讓我檢查規則：

- 數學錯誤：斷言不成立、計算錯、包含關係或不等號方向反了、量詞順序錯誤。

這裡，學生的 δ 定義是錯誤的，因為 δ 依賴於 x。

- 依據缺漏：某一步結論依賴的事實沒有明說。

例如，學生的證明中，結論 |x^2-4|<ε 依賴於 δ = ε / |x+2|，但 δ 必須是常數，所以沒有明說 δ 不依賴於 x。

另外，學生沒有說明 |x+2| 有界，所以當 |x+2| 很小時，δ 會很大，但 δ 不能隨 x 變化。

在 ε-δ 證明中，δ 必須是固定的，所以學生的草稿是不完整的。

另一個點：學生寫 ""Let delta = epsilon / |x+2|""，但 |x+2| 依賴於 x，所以 δ 依賴於 x，這在邏輯上是不被允許的。

在嚴格的 ε-δ 設計中，δ 應該是 ε 的函數，不包含 x。

所以，我認為主要問題是：δ 依賴於 x，但 δ 必須是不依賴於 x 的常數。

此外，學生沒有指定 x 的範圍來確保 |x+2| 有界。

在參考解中，有 |x-2|<1 來確保 |x+2|<5。

學生的草稿中沒有這一步。

所以，我應該列出：

1. δ 定義為 ε / |x+2| 依賴於 x，但 δ 必須是只依賴於 ε 的常數（不依賴於 x）。

2. 沒有說明 x 的鄰域（例如 |x-2|<1）來確保 |x+2| 有界，這在推導中是必要的。

在學生的草稿中，當寫 |x-2| < delta 時，delta 依賴於 x，所以這個不等式可能不適用於所有 x；例如，對於 x 滿足 |x-2|<δ，但 δ 依賴於 x，所以當我們選擇 δ 時，它必須是固定的。

具體來說，學生的證明假設 δ 是固定的，但實際上 δ 取決於 x，所以這個 ""if"" 說明是無效的。

在教學上，這是一個常見的錯誤：學生試圖直接從 |x^2-4| = |x-2||x+2| 推出 δ = ε / |x+2|，但忽略了 δ 需要是常數。

所以，我認為有兩個獨立的問題：

- δ 依賴於 x，但 δ 應該是不依賴於 x 的常數。

- 沒有確保 |x+2| 有界（例如，沒有指定 |x-2|<1）。

在學生的草稿中，沒有提到 |x-2|<1，所以當 x 非常接近 2 時，|x+2| 可能很小，但由於 x 接近 2，|x+2| 通常不小，但為了嚴格性，需要一個下界。

例如，如果 x 有時接近 -2，但 x 接近 2，所以 |x+2| > 3 當 |x-2|<1，但學生沒有這個。

所以，問題是：

1. 在定義 δ = ε / |x+2| 時，δ 依賴於 x，但 δ 必須是 ε 的函數（不依賴於 x）。

2. 沒有陳述任何限制在 x 上（如 |x-2|<1）來確保 |x+2| 有界，這在推導中是必要的。

現在，用一句話精確說明。

規則：每項用一句話精確說明：在哪一步、缺了什麼或錯在哪。

所以：

- 第一步：學生定義 δ = ε / |x+2|。這裡 δ 依賴於 x，但 δ 必須是不依賴於 x 的常數（只依賴於 ε）。

- 第二步：學生沒有指定 x 的鄰域（例如 |x-2|<1）來確保 |x+2| 有界，這在推導 |x^2-4| < ε 時是必要的。

在學生的草稿中，整個證明是 ""Let delta=epsilon/|x+2|. Then |x-2|<delta implies |x^2-4|<epsilon."" 所以，問題出在 δ 的定義和沒有範圍。

另一個潛在問題：當 |x+2| = 0 時，但 x 接近 2 時 |x+2| ≠ 0，所以可能不重要，但為了嚴格性，δ 不能有分母為零，但學生沒有考慮，不過在上下文中，x 接近 2，所以 |x+2| > 0，但主要問題是 δ 依賴於 x。

在教學標準下，δ 依賴於 x 是根本錯誤。

讓我確認是否有其他問題。

學生寫 ""|x^2-4| = |x-2||x+2| < epsilon""，但這只有在 |x-2| < delta = epsilon / |x+2| 時才成立，但由於 δ 依賴於 x，這個不等式對於給定的 x 成立，但 δ 不是固定的。

在 ε-δ 證明中，我們需要一個 δ 使得對於所有 x 滿足 |x-2|<δ，有 |x^2-4|<ε。學生的 δ 不是這樣的，因為 δ 取決於 x。

所以，是的。

現在，輸出必須是 JSON 字串陣列。

例如：[""δ 依賴於 x，但 δ 必須是不依賴於 x 的常數"", ""沒有指定 |x-2|<1 來確保 |x+2| 有界""]

但要精確。

用中文？問題是用中文寫的，但輸出是 JSON 字串，內容應該是中文？看規則：使用者是中文，但輸出是 JSON 字串，內容應該是中文句子？不，規則說：每項用一句話精確說明，但沒有指定語言。在上下文中，使用者是中文，但輸出是 JSON，內容可能用中文。

看用戶消息：使用者用中文寫問題，但輸出是 JSON 字串。

在規則中： ""每項用一句話精確說明""，但沒有指定語言。為了安全，我應該用中文，因為整個對話是中文。

用戶消息是中文，所以可能期望中文輸出。

在問題描述中： ""以**嚴格的教學標準**""，和 ""每項用一句話精確說明""。

在示例中，沒有給出，但既然是中文對話，我應該用中文。

為了確認，看規則： ""只輸出 JSON 字串陣列（如 [""…"",""…""]）""，沒有指定語言，但上下文是中文。

在學生草稿中，是英文，但問題是中文。

我認為用中文輸出。

例如：[""δ 定義為 ε / |x+2| 依賴於 x，但 δ 必須是不依賴於 x 的常數"", ""沒有陳述 |x-2|<1 來確保 |x+2| 有界""]

但要更精確。

第一個問題：在哪一步？學生定義 δ 時。

缺了什麼：δ 必須是不依賴於 x 的常數。

第二個問題：在哪一步？在推導中，沒有指定 x 的鄰域。

缺了什麼：確保 |x+2| 有界（例如 |x-2|<1）。

在學生草稿中，沒有提到任何限制。

另一個點：學生寫 ""Then |x-2|<delta implies |x^2-4|<epsilon""，但這隱含了 δ 是固定的，但實際上 δ 依賴於 x，所以這個推導不成立。

但主要問題是 δ 依賴於 x。

我認為兩個問題是獨立的。

現在，寫成一句話。

第一個：學生在定義 δ = ε / |x+2| 時，δ 依賴於 x，但 δ 必須是只依賴於 ε 的常數（不依賴於 x）。

第二個：學生沒有陳述任何條件來確保 |x+2| 有界（例如 |x-2|<1），這在推導中是必要的。

在教學上，這兩個都是缺漏。

是否有更多？

學生沒有考慮當 |x+2| 接近零時，但由於 x 接近 2，|x+2| 不會接近零（在鄰域內），但為了嚴格性，需要下界。

在參考解中，有 |x-2|<1 來確保 |x+2|<5 和 |x+2|>3（例如）。

學生沒有這個。

所以，我認為兩個問題。

現在，用中文寫。

""δ 依賴於 x，但 δ 必須是不依賴於 x 的常數""

""沒有指定 |x-2|<1 來確保 |x+2| 有界""

但要更完整。

規則： ""每項用一句話精確說明：在哪一步、缺了什麼或錯在哪。""

所以，對於第一個：在定義 δ = ε / |x+2| 這一步，δ 依賴於 x，但 δ 必須是不依賴於 x 的常數。

對於第二個：在推導 |x^2-4| < ε 時，沒有陳述 x 的鄰域（如 |x-2|<1）來確保 |x+2| 有界。

在學生草稿中，整個證明是連貫的，但問題在定義 δ。

另一個潛在問題：學生寫 ""Let delta=epsilon/|x+2|""，但 |x+2| 有絕對值，所以是正的，但當 x 接近 2 時，|x+2| > 0，所以分母不為零，但主要問題是依賴。

在 ε-δ 證明中，δ 不能取決於 x，所以這是核心錯誤。

我認為兩個問題是足夠的。

現在，輸出 JSON。

例如：[""在定義 δ = ε / |x+2| 時，δ 依賴於 x 但 δ 必須是不依賴於 x 的常數"", ""在推導 |x^2-4| < ε 時，沒有陳述 |x-2|<1 來確保 |x+2| 有界""]

但要精確。

為了更嚴格，第二個問題：學生沒有確保 |x+2| 有界，這在計算中是必要的，因為如果 |x+2| 無界，δ 可能無限大，但這裡 x 接近 2，所以有界，但需要明確。

在參考解中，有 |x-2|<1 來確保 |x+2|<5。

所以，是的。

現在，寫成中文。

我決定：

1. ""學生在定義 δ = ε / |x+2| 時，δ 依賴於 x，但 δ 必須是只依賴於 ε 的常數（不依賴於 x）""

2. ""學生沒有陳述任何條件（如 |x-2|<1）來確保 |x+2| 有界，這在推導 |x^2-4| < ε 時是必要的""

在第二個中，""這在推導中是必要的"" 但學生的推導是直接的，但缺少條件。

另一個方式：在學生的證明中，結論 |x^2-4| < ε 依賴於 |x+2| 有界，但沒有明說。

但我想兩個點是好的。

現在，輸出為 JSON 陣列。

格式： [""string"", ""string""]

不要有其他文字。

所以，我寫：

[""在定義 δ = ε / |x+2| 時，δ 依賴於 x 但 δ 必須是不依賴於 x 的常數"", ""在推導 |x^2-4| < ε 時，沒有陳述 |x-2|<1 來確保 |x+2| 有界""]

為了更精確，第二個可以說 ""沒有確保 |x+2| 有界""。

在教學中，常見的錯誤是忽略 |x+2| 有界。

我認為這兩個是獨立的問題。

是否有第三個？例如，當 |x+2| 很小時，但由於 x 接近 2，|x+2| 不會很小，所以可能不重要。

學生沒有處理分母為零，但 x 接近 2 時 |x+2| ≠ 0，所以可能不是問題。

所以，兩個問題。

現在，用中文。

在中文數學術語中，""δ"" 通常用 δ，""ε"" 用 ε。

""單調不減"" 但這裡不相關。

所以，我寫：

[""學生定義 δ = ε / |x+2| 時，δ 依賴於 x 但 δ 必須是不依賴於 x 的常數"", ""學生未陳述 |x-2|<1 以確保 |x+2| 有界""]

但要更完整。

規則說： ""每項用一句話精確說明""

所以，第一個：在哪一步？在定義 δ 時。

缺了什麼？δ 必須是不依賴於 x 的常數。

第二個：在哪一步？在推導 |x^2-4| < ε 時。

缺了什麼？|x-2|<1 來確保 |x+2| 有界。

在學生草稿中，沒有提到任何限制。

所以，我寫：

[""在定義 δ = ε / |x+2| 這一步，δ 依賴於 x 但 δ 必須是不依賴於 x 的常數"", ""在推導 |x^2-4| < ε 這一步，未陳述 |x-2|<1 以確保 |x+2| 有界""]

是的。

現在，JSON 陣列。

注意：在中文中，數學符號用英文，如 ε, δ, x, |x+2|。

在學生草稿中，是 ""epsilon"" 和 ""delta""，但通常用 ε 和 δ。

在輸出中，用標準數學符號。

我認為這樣。

最後，確認是否有問題。

另一個點：學生寫 ""|x^2-4| = |x-2||x+2| < epsilon""，但這等式是正確的，但問題在 δ 的定義。

所以，主要問題是 δ 依賴於 x。

在教學上，這是一個常見的錯誤，學生試圖直接解 δ，但忽略了 δ 需要是常數。

所以，我認為兩個問題是足夠的。

輸出 JSON。

[""在定義 δ = ε / |x+2| 時，δ 依賴於 x 但 δ 必須是不依賴於 x 的常數"", ""在推導 |x^2-4| < ε 時，未陳述 |x-2|<1 以確保 |x+2| 有界""]

為了更嚴格，第二個可以說 ""未確保 |x+2| 有界""，但 ""以確保 |x+2| 有界"" 意思是 ""to ensure |x+2| is bounded""。

在上下文中，|x-2|<1 用來確保 |x+2|<5，所以有界。

是的。

我認為這兩個。

現在，寫成 JSON 字串陣列。

在 Python 中，JSON 用雙引號。

所以，輸出：[""在定義 δ = ε / |x+2| 時，δ 依賴於 x 但 δ 必須是不依賴於 x 的常數"", ""在推導 |x^2-4| < ε 時，未陳述 |x-2|<1 以確保 |x+2| 有界""]

但要確保句子通順。

第一個句子： ""在定義 δ = ε / |x+2| 時，δ 依賴於 x 但 δ 必須是不依賴於 x 的常數"" — 這有點長，但可以。

""δ 依賴於 x"" 意思是 ""δ depends on x""。

在中文中，""依賴"" 是 ""depend""。

是的。

第二個： ""在推導 |x^2-4| < ε 時，未陳述 |x-2|<1 以確保 |x+2| 有界"" — ""未陳述"" 意思是 ""not stated""。

""以確保"" 意思是 ""to ensure""。

在教學中，這應該是明確的。

我認為這是正確的。

所以，最終輸出。",,,,True,False,True,True,single_analyst_semantic_adjudication,Root issue is present and the required structured output parses.
Base-Thinking reviewer,R2,convergent sequence boundedness,The convergence estimate only bounds the tail; the finitely many terms before N must be bounded separately.,['The student assumes |a_n| < |L| + 1 for all n without establishing that the initial terms are bounded.'],True,True,True,True,"[""The student assumes |a_n| < |L| + 1 for all n without establishing that the initial terms are bounded.""]","首先，問題是：證明每個收斂的實數序列都是有界的。參考解是：選擇 N 使得當 n >= N 時，|a_n - L| < 1，因此 |a_n| < |L| + 1；然後將這個尾部的界限與前 N-1 項的絕對值最大值結合。

學生的草稿：因為 a_n 收斂到 L，選擇 N 使得 n >= N 時 |a_n| < |L| + 1。因此 |a_n| < |L| + 1 對所有 n 成立，序列是有界的。

我需要嚴格審閱學生的草稿，找出缺漏或錯誤，按照教學標準。

關鍵點：

1. 數學錯誤：斷言不成立、計算錯、包含關係或不等號方向反了、量詞順序錯誤。

2. 依據缺漏：某一步結論依賴的事實沒有明說——即使該事實顯然成立也算缺漏。

   例如：由 cv=0 推 c=0 卻沒說 v≠0；套用鴿籠原理卻沒陳述「幾個物件、幾個類別」；引用定理卻沒驗證其前提。

3. 嚴格與非嚴格不等號、特例未排除。

題目只寫「遞增／increasing」而未寫「嚴格／strictly」時，一律按**單調不減**理解。但這裡是關於收斂序列有界，不直接相關。

學生的草稿說：選擇 N 使得 n >= N 時 |a_n| < |L| + 1。然後說 |a_n| < |L| + 1 對所有 n 成立。

問題在於：學生說 ""n >= N gives |a_n| < |L| + 1""，但實際上，收斂定義是 |a_n - L| < ε，這裡 ε=1，所以 |a_n| <= |L| + |a_n - L| < |L| + 1，這是正確的。

但學生說 ""因此 |a_n| < |L| + 1 對所有 n 成立""。這不正確，因為只對 n >= N 成立，不是對所有 n。

在參考解中，它說 ""combine this tail bound with the maximum of the finitely many initial absolute values""，意思是前 N-1 項有有限個，可以取最大值。

學生的草稿跳過了這部分，直接說對所有 n 成立。

所以，缺漏是：沒有考慮前 N-1 項。學生假設 |a_n| < |L| + 1 對所有 n，但實際上只對 n >= N 成立。

具體來說：學生的結論 "" |a_n| < |L| + 1 for every n "" 是錯誤的，因為只對 n >= N 成立。

在教學上，這是一個明顯的缺漏：沒有說明前有限項的界限。

另一個點：學生說 ""choose N so n>=N gives |a_n| < |L| + 1""。但收斂定義是 |a_n - L| < ε，所以 |a_n| < |L| + ε。這裡 ε=1，所以 |a_n| < |L| + 1 是正確的，但學生寫成 |a_n| < |L| + 1，這在數學上是正確的，因為 |a_n| <= |L| + |a_n - L| < |L| + 1。

但問題在於範圍：只對 n >= N。

學生的錯誤在於：從 ""n >= N gives |a_n| < |L| + 1"" 推出 ""for every n""，這忽略了前 N-1 項。

所以，缺漏是：沒有提及前有限項的絕對值，並取其最大值。

根據規則：某一步結論依賴的事實沒有明說——即使該事實顯然成立也算缺漏。

這裡，結論 ""序列有界"" 依賴於前有限項有界，但學生沒有說。

學生說 ""the sequence is bounded""，但沒有證明前項有界。

在參考解中，它明確說 ""combine this tail bound with the maximum of the finitely many initial absolute values""。

學生的草稿中，沒有提到任何初始項的界限。

所以，問題是：學生假設 |a_n| < |L| + 1 對所有 n，但實際上只對 n >= N 成立，因此序列可能無界（如果前 N-1 項很大）。

例如，假設序列：前 10 項是 1000, 1000, ..., 1000，然後收斂到 0。那麼 |a_n| < |0| + 1 = 1 對 n >= N 成立（如果 N>10），但前 10 項是 1000，所以序列無界（因為 |a_1| = 1000 > 1）。

在學生的草稿中，它說 |a_n| < |L| + 1 對所有 n，但實際上 |a_1| = 1000 > 1，所以錯誤。

因此，缺漏是：沒有考慮序列的前有限項。

具體來說：學生的步驟 ""choose N so n>=N gives |a_n| < |L| + 1"" 之後，直接說 ""therefore |a_n| < |L| + 1 for every n""，但這不成立，因為前 N-1 項可能很大。

所以，問題點：在結論 ""for every n"" 之前，沒有證明前 N-1 項有界。

在教學上，這是一個常見的缺漏：學生可能誤以為收斂序列的尾部界限適用於整個序列。

另一個可能的問題：學生寫 ""n>=N gives |a_n| < |L| + 1""，但收斂定義是 |a_n - L| < ε，所以 |a_n| < |L| + ε。這裡 ε=1，所以 |a_n| < |L| + 1 是正確的，但學生寫成 |a_n| < |L| + 1，這在數學上是嚴格不等式，但實際上，|a_n| <= |L| + |a_n - L| < |L| + 1，所以是嚴格的，沒問題。

但問題在於範圍。

學生沒有指定 N 是什麼，但收斂定義中，N 依賴於 ε，這裡 ε=1，所以 N 是存在的，但學生沒有提到前項。

所以，主要缺漏：沒有提及序列的前有限項。

規則說：必須列出所有彼此獨立的根本問題。

這裡，只有一個根本問題：學生沒有考慮前 N-1 項的絕對值，並取其最大值來證明有界。

學生的草稿中，說 ""the sequence is bounded""，但沒有證明，因為前項可能無界。

在參考解中，它說 ""combine this tail bound with the maximum of the finitely many initial absolute values""，所以學生缺少這一步。

另外，學生說 ""choose N so n>=N gives |a_n| < |L| + 1""，但收斂定義中，|a_n - L| < ε 意味著 |a_n| < |L| + ε，這裡 ε=1，所以 |a_n| < |L| + 1 是正確的。但學生寫成 |a_n| < |L| + 1，這在數學上是正確的，因為 |a_n| <= |L| + |a_n - L| < |L| + 1。

但問題是，學生說 ""for every n""，而實際上只對 n >= N。

所以，問題在於：從 ""n >= N gives |a_n| < |L| + 1"" 推出 ""for every n"" 沒有依據。

具體來說：學生的結論依賴於前 N-1 項也滿足 |a_n| < |L| + 1，但這沒有被證明。

在教學上，這是一個缺漏：沒有說明前有限項的界限。

另一個點：學生寫 ""the sequence is bounded""，但沒有給出具體的界限。在參考解中，有界是因為 max{ |a_1|, |a_2|, ..., |a_{N-1}|, |L| + 1 }，但學生只說 |a_n| < |L| + 1 對所有 n，這不成立。

所以，我認為主要問題是：學生沒有考慮序列的前有限項。

現在，檢查是否有其他問題。

學生說 ""choose N so n>=N gives |a_n| < |L| + 1""。在收斂定義中，N 依賴於 ε，這裡 ε=1，所以 N 是存在的。但學生沒有指定 ε，但這裡 ε=1 是明確的。

在草稿中，學生寫 ""n>=N gives |a_n| < |L| + 1""，但實際上，|a_n| < |L| + 1 來自 |a_n - L| < 1，所以 |a_n| <= |L| + |a_n - L| < |L| + 1，是正確的。

但問題是範圍。

學生的錯誤在於：結論 ""for every n"" 是錯誤的，因為只對 n >= N 成立。

所以，缺漏是：沒有證明前 N-1 項有界。

在教學標準下，這必須明確說明。

規則： ""某一步結論依賴的事實沒有明說"" — 這裡，結論 ""the sequence is bounded"" 依賴於前有限項有界，但學生沒有說。

另外，學生說 ""therefore |a_n| < |L| + 1 for every n""，但這不正確，因為前項可能很大。

所以，我應該列出：在學生的步驟中，從 ""n >= N gives |a_n| < |L| + 1"" 推出 ""for every n"" 時，沒有考慮前 N-1 項的絕對值。

具體來說：學生假設 |a_n| < |L| + 1 對所有 n，但實際上只對 n >= N 成立，因此序列可能無界（如果前 N-1 項的絕對值大於 |L| + 1）。

在 JSON 輸出中，需要一句話精確說明。

例如： ""學生在結論 |a_n| < |L| + 1 對所有 n 成立時，未考慮序列前 N-1 項的絕對值，可能無界。""

但要精確。

規則： ""每項用一句話精確說明：在哪一步、缺了什麼或錯在哪。""

所以，對於這個問題：在哪一步？學生的步驟是：選擇 N 使得 n >= N 時 |a_n| < |L| + 1，然後說因此 |a_n| < |L| + 1 對所有 n。

缺了什麼：沒有提及前 N-1 項的絕對值，且未證明這些項有界。

錯誤在哪：學生錯誤地推斷 |a_n| < |L| + 1 對所有 n，但實際上只對 n >= N 成立。

在教學上，這是一個標準缺漏。

是否有其他問題？

學生寫 ""the sequence is bounded""，但沒有給出具體的界限，但問題是序列有界，不是給出界限。在參考解中，有界是通過最大值來證明的，但學生說 |a_n| < |L| + 1 對所有 n，這如果成立，則序列有界（因為 |a_n| < |L| + 1），但學生的假設不成立。

所以，核心問題是：學生的結論 ""for every n"" 是錯誤的。

另一個可能：學生說 ""choose N so n>=N gives |a_n| < |L| + 1""，但收斂定義中，|a_n - L| < ε 意味著 |a_n| < |L| + ε，這裡 ε=1，所以 |a_n| < |L| + 1 是正確的。但學生寫成 |a_n| < |L| + 1，這在數學上是嚴格不等式，但實際上，|a_n| <= |L| + |a_n - L| < |L| + 1，所以是嚴格的，沒問題。

但問題在於範圍。

我認為只有一個根本問題。

規則： ""必須列出所有彼此獨立的根本問題""，這裡只有一個。

另外，題目是收斂序列有界，學生的草稿中沒有提到 L，但參考解有 L，所以學生假設了 L 存在，這是對的，因為序列收斂。

在草稿中，學生說 ""a_n converges to L""，所以 L 是存在的。

所以，沒有問題在 L 的存在。

現在，寫 JSON。

輸出應該是 JSON 字串陣列，例如 [""...""]。

我需要一句話。

例如： ""學生在推導 |a_n| < |L| + 1 對所有 n 成立時，未考慮序列前 N-1 項的絕對值，可能無界。""

但要更精確。

根據規則： ""在哪一步、缺了什麼或錯在哪。""

步驟：學生說 ""Therefore |a_n| < |L| + 1 for every n""

缺了什麼：前 N-1 項的絕對值沒有被處理。

錯在哪：學生錯誤地認為尾部的界限適用於整個序列。

在教學上，這必須明確說明前有限項有界。

另一個例子：在參考解中，它說 ""combine this tail bound with the maximum of the finitely many initial absolute values""，所以學生缺少這一步。

所以，我認為： ""學生的結論 ' |a_n| < |L| + 1 for every n ' 依賴於前 N-1 項也滿足此不等式，但未證明前 N-1 項有界。""

但學生沒有說前 N-1 項有界，所以缺漏是沒有提及前有限項。

規則： ""某一步結論依賴的事實沒有明說"" — 這裡，結論 '序列有界' 依賴於前有限項有界，但學生沒有明說。

在學生的草稿中，結論是 ""the sequence is bounded""，但學生的推理是從 |a_n| < |L| + 1 對所有 n 推出有界，但 |a_n| < |L| + 1 對所有 n 不成立。

所以，根本問題是：學生沒有證明 |a_n| < |L| + 1 對所有 n。

具體來說：學生假設了 |a_n| < |L| + 1 對所有 n，但這只對 n >= N 成立。

所以，問題點：在步驟 ""choose N so n>=N gives |a_n| < |L| + 1"" 之後，學生直接說 ""therefore |a_n| < |L| + 1 for every n""，但這步驟缺少了對前 N-1 項的分析。

我寫： ""學生在從 'n >= N gives |a_n| < |L| + 1' 推出 'for every n' 時，未考慮序列前 N-1 項的絕對值，可能無界。""

為了更嚴格： ""學生的結論 ' |a_n| < |L| + 1 for every n ' 未被證明，因為前 N-1 項的絕對值可能大於 |L| + 1。""

但規則要求精確。

另一個點：學生寫 ""the sequence is bounded""，但沒有給出界限，但問題是序列有界，如果 |a_n| < |L| + 1 對所有 n，則有界，但學生的假設不成立，所以主要問題是假設錯誤。

在教學中，學生可能混淆了尾部和整個序列。

我認為這是一個問題。

是否有其他問題？

學生說 ""choose N so n>=N gives |a_n| < |L| + 1""。在收斂定義中，N 依賴於 ε，這裡 ε=1，所以 N 是存在的。但學生沒有指定 ε，但這裡 ε=1 是明確的。

在草稿中，學生寫 ""n>=N gives |a_n| < |L| + 1""，但實際上，|a_n| < |L| + 1 來自 |a_n - L| < 1，所以是正確的。

但問題在於範圍。

所以，我認為只有一個問題。

現在，寫 JSON。

輸出： [""學生在結論 |a_n| < |L| + 1 對所有 n 成立時，未考慮序列前 N-1 項的絕對值，可能無界。""]

但要更精確。

規則： ""每項用一句話精確說明""

例如： ""從 'n >= N gives |a_n| < |L| + 1' 推出 'for every n' 時，缺少對前 N-1 項絕對值的處理。""

或者： ""學生假設 |a_n| < |L| + 1 對所有 n，但實際上只對 n >= N 成立，因此未證明前 N-1 項有界。""

在教學上，這必須明確。

另一個想法：學生說 ""the sequence is bounded""，但沒有給出具體的上界，但問題是序列有界，不是給出上界。在參考解中，有界是通過最大值來定義的，但學生的推理有缺陷。

但主要問題是前項。

我認為這是唯一的問題。

檢查是否有嚴格不等號問題。

題目是收斂序列有界，學生的草稿中，|a_n| < |L| + 1 是嚴格不等式，但收斂定義中，|a_n - L| < ε 意味著 |a_n| < |L| + ε，所以是嚴格的，沒問題。

在參考解中，它說 |a_n| < |L| + 1，是嚴格的。

所以，沒有不等號方向問題。

特例：例如，序列 a_n = 0 for all n，收斂到 0，則 |a_n| < 1 對所有 n 成立（如果 N=1），但學生的草稿中，如果 N=1，則 n>=1 時 |a_n| < 1，所以對所有 n 成立，但這不是問題，因為對於這個序列，前項有界。但對於一般序列，前項可能無界。

所以，問題在於一般情況。

在教學中，學生需要說明前有限項有界。

所以，我決定：問題是學生沒有考慮前 N-1 項。

寫一句話： ""學生在推導 |a_n| < |L| + 1 對所有 n 成立時，未提及序列前 N-1 項的絕對值，且未證明這些項有界。""

但規則說 ""不要輸出任何其他文字""，只輸出 JSON 陣列。

JSON 陣列： [""...""]

我需要確保是字符串。

例如： [""學生的結論 ' |a_n| < |L| + 1 for every n ' 依賴於前 N-1 項也滿足此不等式，但未證明前 N-1 項有界。""]

為了更簡潔。

參考規則中的例子： ""由 $cv=0$ 推 $c=0$ 卻沒說 $v\ne0$"" — 這裡，類似地，學生由尾部界限推整個序列，但沒說前項有界。

所以，我寫： ""學生從 'n >= N gives |a_n| < |L| + 1' 推出 'for every n' 時，未考慮前 N-1 項的絕對值可能無界。""

但要精確。

另一個點：學生說 ""choose N so n>=N gives |a_n| < |L| + 1""，但收斂定義中，|a_n - L| < ε 意味著 |a_n| <= |L| + ε，但學生寫成 |a_n| < |L| + 1，這在數學上是正確的，因為 |a_n| < |L| + |a_n - L| <= |L| + ε，但這裡 ε=1，所以 |a_n| < |L| + 1 是嚴格的，沒問題。

在實數中，|a_n| <= |L| + |a_n - L| < |L| + 1，所以是嚴格不等式。

所以，沒有計算錯誤。

因此，只有一個問題。

我決定： [""學生在結論 |a_n| < |L| + 1 對所有 n 成立時，未處理序列前 N-1 項的絕對值，可能無界。""]

為了符合教學標準。

規則： ""必須列出所有彼此獨立的根本問題"" — 這裡只有一個。

另外，學生的草稿中，說 ""the sequence is bounded""，但沒有給出界限，但問題是序列有界，如果 |a_n| < |L| + 1 對所有 n，則有界，但學生的假設不成立，所以主要問題是假設錯誤。

在審閱中，我認為這是主要問題。

現在，寫 JSON。

輸出應該是 [""string""]

我寫： ""學生的步驟 'therefore |a_n| < |L| + 1 for every n' 未被證明，因為前 N-1 項的絕對值可能大於 |L| + 1。""

但要精確。

用中文？ 問題是用中文寫的，但輸出是 JSON 字串，內容可以是中文或英文？ 用戶的訊息是中文，但規則說 ""輸出 JSON 字串陣列""，沒有指定語言。

在用戶訊息中，題目是英文，但學生草稿是英文。

看用戶訊息： ""Problem: Prove that every convergent real sequence is bounded."" 用英文。

""Verified reference proof"" 用英文。

""Student draft or attempt"" 用英文。

所以，輸出應該用英文？ 但規則說 ""每項用一句話""，沒有指定語言。

在之前的例子中，可能用英文。

為了安全，我用英文寫。

在規則中，有中文例子，但這裡是英文問題。

用戶是中文，但問題是英文。

我認為輸出用英文。

例如： ""The student incorrectly assumes that |a_n| < |L| + 1 holds for all n, but it only holds for n >= N, and the initial terms may be unbounded.""

但要精確。

更精確： ""The conclusion that |a_n| < |L| + 1 for every n is invalid because the initial terms (n < N) may have absolute values greater than |L| + 1.""

是的。

另一個： ""The student fails to address the boundedness of the first N-1 terms, which may be unbounded.""

但學生的草稿中，沒有提到 N，但 N 是選擇的。

在草稿中，學生說 ""choose N""，所以 N 是明確的。

所以，我寫： ""The student does not consider the absolute values of the first N-1 terms, which may be larger than |L| + 1, thus the sequence may not be bounded.""

但問題是序列有界，學生說有界，但可能無界。

在草稿中，學生說 ""the sequence is bounded""，但根據錯誤推理，可能無界。

所以，問題是：學生的推理有缺陷，因為前項可能無界。

具體來說： ""The student's claim that |a_n| < |L| + 1 for every n is incorrect, as it only holds for n >= N, and the initial terms could be unbounded.""

但要更教學導向。

規則： ""某一步結論依賴的事實沒有明說"" — 這裡，結論 'sequence is bounded' 依賴於前有限項有界，但學生沒有明說。

在學生的步驟中，從尾部界限推整個序列有界，但沒有證明前項有界。

所以，我寫： ""The student assumes that the tail bound |a_n| < |L| + 1 for n >= N implies the bound for all n, without verifying that the initial terms are bounded.""

是的。

為了精確： ""The student does not establish that the first N-1 terms are bounded, which is necessary for the sequence to be bounded.""

但學生的草稿中，沒有提到 N-1。

在草稿中，學生說 ""choose N""，所以 N 是存在的。

我認為這就夠了。

現在，寫 JSON。

[""The student does not consider the boundedness of the initial terms (n < N), which may be unbounded.""]

但要更完整。

另一個想法：在參考解中，它說 ""the maximum of the finitely many initial absolute values""，所以學生缺少取最大值。

但問題是學生沒有提到前項。

我決定： [""The student incorrectly concludes that |a_n| < |L| + 1 for all n from the tail bound, without addressing the boundedness of the first N-1 terms.""]

是的。

為了符合 ""嚴格與非嚴格不等號""，這裡是嚴格不等式，但沒問題。

所以，我輸出這個。

但規則說 ""必須列出所有彼此獨立的根本問題""，這裡只有一個。

另外，學生的草稿中，說 ""the sequence is bounded""，但沒有給出界限，但問題是序列有界，不是給出上界。在上下文中，學生的推理有缺陷，所以主要問題是前項。

我認為這是唯一的問題。

所以，JSON: [""The student does not address the boundedness of the initial terms (n < N), which may be unbounded.""]

用更精確的語言。

在教學中，常說 ""the finite prefix"".

但用英文。

我寫： ""The student fails to prove that the first N-1 terms are bounded, which is necessary for the sequence to be bounded.""

但學生的結論是 ""the sequence is bounded""，但學生的推理有誤。

在草稿中，學生說 ""Therefore |a_n| < |L| + 1 for every n and the sequence is bounded."" 所以，學生從 |a_n| < |L| + 1 for all n 推出有界，但 |a_n| < |L| + 1 for all n 不成立。

所以，問題在於 |a_n| < |L| + 1 for all n 不成立。

因此，我寫： ""The statement |a_n| < |L| + 1 for every n is not true, as it only holds for n >= N, and the initial terms may have absolute values greater than |L| + 1.""

但要一句話。

精簡： ""The student assumes |a_n| < |L| + 1 for all n, but it only holds for n >= N, so the initial terms may be unbounded.""

是的。

我選擇： [""The student does not account for the possibility that the initial terms (n < N) are unbounded, which would make the sequence unbounded.""]

但學生說序列有界，所以如果初始項無界，序列無界。

在草稿中，學生說序列有界，但可能無界。

所以，問題是：學生沒有考慮初始項可能無界。

在教學上，這是一個缺漏。

現在，輸出 JSON。

我寫： [""The student fails to establish that the first N-1 terms are bounded, which is required for the sequence to be bounded.""]

但學生的草稿中，N 是選擇的，所以 N-1 是明確的。

另一個點：學生說 ""choose N so n>=N gives |a_n| < |L| + 1""，但收斂定義中，N 依賴於 ε，這裡 ε=1，所以 N 是存在的。但學生沒有指定 ε，但這裡 ε=1 是明確的。

在草稿中，學生寫 ""n>=N gives |a_n| < |L| + 1""，但實際上，|a_n| < |L| + 1 來自 |a_n - L| < 1，所以是正確的。

所以，沒有其他問題。

我認為這就夠了。

最終輸出： [""The student does not consider the boundedness of the initial terms (n < N), which may be unbounded.""]

為了更嚴格： ""The student's conclusion that |a_n| < |L| + 1 for all n is incorrect because it only holds for n >= N, and the initial terms may have |a_n| > |L| + 1.""

但規則要求一句話。

我決定用： ""The student incorrectly assumes that the tail bound |a_n| < |L| + 1 for n >= N applies to all n, without verifying the boundedness of the initial terms.""

是的。

在 JSON 中。

所以，輸出： [""The student incorrectly assumes that the tail bound |a_n| < |L| + 1 for n >= N applies to all n, without verifying the boundedness of the initial terms.""]

但要確保是字符串。

在 JSON 中，是字串。

另外，規則說 ""不要輸出任何其他文字""，所以只輸出 JSON 陣列。

在 Python 中，JSON 陣列。

但這裡是文本輸出。

我認為這是正確的。

確認是否有其他問題。

學生寫 ""the sequence is bounded""，但沒有給出具體的上界，但問題是序列有界，不是給出上界。在參考解中，有界是通過最大值來定義的，但學生的推理有缺陷，所以主要問題是前項。

在教學中，學生可能被認為知道前項有界，但這裡學生沒有提到，所以是缺漏。

所以，我認為只有一個問題。

輸出： [""The student does not address the boundedness of the initial terms (n < N), which may be unbounded.""]

用 ""may be unbounded"" 來表示可能無界。

在中文中，但用戶用英文，所以用英文。

用戶訊息是中文，但問題是英文，所以輸出用英文。

在規則中，有中文例子，但這裡是英文問題。

我用英文。

所以，最終 JSON: [""The student fails to consider that the initial terms (n < N) may be unbounded, thus the sequence may not be bounded.""]

但學生說序列有界，所以如果初始項無界，序列無界。

在草稿中，學生說 ""the sequence is bounded""，但可能不成立。

所以，問題是：學生沒有證明初始項有界。

我寫： [""The student does not prove that the first N-1 terms are bounded, which is necessary for the sequence to be bounded.""]

是的。

為了精確： ""The student's step from 'n >= N implies |a_n| < |L| + 1' to 'for all n' lacks justification for the initial terms.""

但規則要求精確。

我決定用： [""The student assumes |a_n| < |L| + 1 for all n without establishing that the initial terms are bounded.""]

這很直接。

在教學中，這是一個標準缺漏。

所以，我輸出這個。
[""The student assumes |a_n| < |L| + 1 for all n without establishing that the initial terms are bounded.""]",545,7152,0.340137267,44.28020534799998,False,stop,1.0,"首先，問題是：證明每個收斂的實數序列都是有界的。參考解是：選擇 N 使得當 n >= N 時，|a_n - L| < 1，因此 |a_n| < |L| + 1；然後將這個尾部的界限與前 N-1 項的絕對值最大值結合。

學生的草稿：因為 a_n 收斂到 L，選擇 N 使得 n >= N 時 |a_n| < |L| + 1。因此 |a_n| < |L| + 1 對所有 n 成立，序列是有界的。

我需要嚴格審閱學生的草稿，找出缺漏或錯誤，按照教學標準。

關鍵點：

1. 數學錯誤：斷言不成立、計算錯、包含關係或不等號方向反了、量詞順序錯誤。

2. 依據缺漏：某一步結論依賴的事實沒有明說——即使該事實顯然成立也算缺漏。

   例如：由 cv=0 推 c=0 卻沒說 v≠0；套用鴿籠原理卻沒陳述「幾個物件、幾個類別」；引用定理卻沒驗證其前提。

3. 嚴格與非嚴格不等號、特例未排除。

題目只寫「遞增／increasing」而未寫「嚴格／strictly」時，一律按**單調不減**理解。但這裡是關於收斂序列有界，不直接相關。

學生的草稿說：選擇 N 使得 n >= N 時 |a_n| < |L| + 1。然後說 |a_n| < |L| + 1 對所有 n 成立。

問題在於：學生說 ""n >= N gives |a_n| < |L| + 1""，但實際上，收斂定義是 |a_n - L| < ε，這裡 ε=1，所以 |a_n| <= |L| + |a_n - L| < |L| + 1，這是正確的。

但學生說 ""因此 |a_n| < |L| + 1 對所有 n 成立""。這不正確，因為只對 n >= N 成立，不是對所有 n。

在參考解中，它說 ""combine this tail bound with the maximum of the finitely many initial absolute values""，意思是前 N-1 項有有限個，可以取最大值。

學生的草稿跳過了這部分，直接說對所有 n 成立。

所以，缺漏是：沒有考慮前 N-1 項。學生假設 |a_n| < |L| + 1 對所有 n，但實際上只對 n >= N 成立。

具體來說：學生的結論 "" |a_n| < |L| + 1 for every n "" 是錯誤的，因為只對 n >= N 成立。

在教學上，這是一個明顯的缺漏：沒有說明前有限項的界限。

另一個點：學生說 ""choose N so n>=N gives |a_n| < |L| + 1""。但收斂定義是 |a_n - L| < ε，所以 |a_n| < |L| + ε。這裡 ε=1，所以 |a_n| < |L| + 1 是正確的，但學生寫成 |a_n| < |L| + 1，這在數學上是正確的，因為 |a_n| <= |L| + |a_n - L| < |L| + 1。

但問題在於範圍：只對 n >= N。

學生的錯誤在於：從 ""n >= N gives |a_n| < |L| + 1"" 推出 ""for every n""，這忽略了前 N-1 項。

所以，缺漏是：沒有提及前有限項的絕對值，並取其最大值。

根據規則：某一步結論依賴的事實沒有明說——即使該事實顯然成立也算缺漏。

這裡，結論 ""序列有界"" 依賴於前有限項有界，但學生沒有說。

學生說 ""the sequence is bounded""，但沒有證明前項有界。

在參考解中，它明確說 ""combine this tail bound with the maximum of the finitely many initial absolute values""。

學生的草稿中，沒有提到任何初始項的界限。

所以，問題是：學生假設 |a_n| < |L| + 1 對所有 n，但實際上只對 n >= N 成立，因此序列可能無界（如果前 N-1 項很大）。

例如，假設序列：前 10 項是 1000, 1000, ..., 1000，然後收斂到 0。那麼 |a_n| < |0| + 1 = 1 對 n >= N 成立（如果 N>10），但前 10 項是 1000，所以序列無界（因為 |a_1| = 1000 > 1）。

在學生的草稿中，它說 |a_n| < |L| + 1 對所有 n，但實際上 |a_1| = 1000 > 1，所以錯誤。

因此，缺漏是：沒有考慮序列的前有限項。

具體來說：學生的步驟 ""choose N so n>=N gives |a_n| < |L| + 1"" 之後，直接說 ""therefore |a_n| < |L| + 1 for every n""，但這不成立，因為前 N-1 項可能很大。

所以，問題點：在結論 ""for every n"" 之前，沒有證明前 N-1 項有界。

在教學上，這是一個常見的缺漏：學生可能誤以為收斂序列的尾部界限適用於整個序列。

另一個可能的問題：學生寫 ""n>=N gives |a_n| < |L| + 1""，但收斂定義是 |a_n - L| < ε，所以 |a_n| < |L| + ε。這裡 ε=1，所以 |a_n| < |L| + 1 是正確的，但學生寫成 |a_n| < |L| + 1，這在數學上是嚴格不等式，但實際上，|a_n| <= |L| + |a_n - L| < |L| + 1，所以是嚴格的，沒問題。

但問題在於範圍。

學生沒有指定 N 是什麼，但收斂定義中，N 依賴於 ε，這裡 ε=1，所以 N 是存在的，但學生沒有提到前項。

所以，主要缺漏：沒有提及序列的前有限項。

規則說：必須列出所有彼此獨立的根本問題。

這裡，只有一個根本問題：學生沒有考慮前 N-1 項的絕對值，並取其最大值來證明有界。

學生的草稿中，說 ""the sequence is bounded""，但沒有證明，因為前項可能無界。

在參考解中，它說 ""combine this tail bound with the maximum of the finitely many initial absolute values""，所以學生缺少這一步。

另外，學生說 ""choose N so n>=N gives |a_n| < |L| + 1""，但收斂定義中，|a_n - L| < ε 意味著 |a_n| < |L| + ε，這裡 ε=1，所以 |a_n| < |L| + 1 是正確的。但學生寫成 |a_n| < |L| + 1，這在數學上是正確的，因為 |a_n| <= |L| + |a_n - L| < |L| + 1。

但問題是，學生說 ""for every n""，而實際上只對 n >= N。

所以，問題在於：從 ""n >= N gives |a_n| < |L| + 1"" 推出 ""for every n"" 沒有依據。

具體來說：學生的結論依賴於前 N-1 項也滿足 |a_n| < |L| + 1，但這沒有被證明。

在教學上，這是一個缺漏：沒有說明前有限項的界限。

另一個點：學生寫 ""the sequence is bounded""，但沒有給出具體的界限。在參考解中，有界是因為 max{ |a_1|, |a_2|, ..., |a_{N-1}|, |L| + 1 }，但學生只說 |a_n| < |L| + 1 對所有 n，這不成立。

所以，我認為主要問題是：學生沒有考慮序列的前有限項。

現在，檢查是否有其他問題。

學生說 ""choose N so n>=N gives |a_n| < |L| + 1""。在收斂定義中，N 依賴於 ε，這裡 ε=1，所以 N 是存在的。但學生沒有指定 ε，但這裡 ε=1 是明確的。

在草稿中，學生寫 ""n>=N gives |a_n| < |L| + 1""，但實際上，|a_n| < |L| + 1 來自 |a_n - L| < 1，所以 |a_n| <= |L| + |a_n - L| < |L| + 1，是正確的。

但問題是範圍。

學生的錯誤在於：結論 ""for every n"" 是錯誤的，因為只對 n >= N 成立。

所以，缺漏是：沒有證明前 N-1 項有界。

在教學標準下，這必須明確說明。

規則： ""某一步結論依賴的事實沒有明說"" — 這裡，結論 ""the sequence is bounded"" 依賴於前有限項有界，但學生沒有說。

另外，學生說 ""therefore |a_n| < |L| + 1 for every n""，但這不正確，因為前項可能很大。

所以，我應該列出：在學生的步驟中，從 ""n >= N gives |a_n| < |L| + 1"" 推出 ""for every n"" 時，沒有考慮前 N-1 項的絕對值。

具體來說：學生假設 |a_n| < |L| + 1 對所有 n，但實際上只對 n >= N 成立，因此序列可能無界（如果前 N-1 項的絕對值大於 |L| + 1）。

在 JSON 輸出中，需要一句話精確說明。

例如： ""學生在結論 |a_n| < |L| + 1 對所有 n 成立時，未考慮序列前 N-1 項的絕對值，可能無界。""

但要精確。

規則： ""每項用一句話精確說明：在哪一步、缺了什麼或錯在哪。""

所以，對於這個問題：在哪一步？學生的步驟是：選擇 N 使得 n >= N 時 |a_n| < |L| + 1，然後說因此 |a_n| < |L| + 1 對所有 n。

缺了什麼：沒有提及前 N-1 項的絕對值，且未證明這些項有界。

錯誤在哪：學生錯誤地推斷 |a_n| < |L| + 1 對所有 n，但實際上只對 n >= N 成立。

在教學上，這是一個標準缺漏。

是否有其他問題？

學生寫 ""the sequence is bounded""，但沒有給出具體的界限，但問題是序列有界，不是給出界限。在參考解中，有界是通過最大值來證明的，但學生說 |a_n| < |L| + 1 對所有 n，這如果成立，則序列有界（因為 |a_n| < |L| + 1），但學生的假設不成立。

所以，核心問題是：學生的結論 ""for every n"" 是錯誤的。

另一個可能：學生說 ""choose N so n>=N gives |a_n| < |L| + 1""，但收斂定義中，|a_n - L| < ε 意味著 |a_n| < |L| + ε，這裡 ε=1，所以 |a_n| < |L| + 1 是正確的。但學生寫成 |a_n| < |L| + 1，這在數學上是嚴格不等式，但實際上，|a_n| <= |L| + |a_n - L| < |L| + 1，所以是嚴格的，沒問題。

但問題在於範圍。

我認為只有一個根本問題。

規則： ""必須列出所有彼此獨立的根本問題""，這裡只有一個。

另外，題目是收斂序列有界，學生的草稿中沒有提到 L，但參考解有 L，所以學生假設了 L 存在，這是對的，因為序列收斂。

在草稿中，學生說 ""a_n converges to L""，所以 L 是存在的。

所以，沒有問題在 L 的存在。

現在，寫 JSON。

輸出應該是 JSON 字串陣列，例如 [""...""]。

我需要一句話。

例如： ""學生在推導 |a_n| < |L| + 1 對所有 n 成立時，未考慮序列前 N-1 項的絕對值，可能無界。""

但要更精確。

根據規則： ""在哪一步、缺了什麼或錯在哪。""

步驟：學生說 ""Therefore |a_n| < |L| + 1 for every n""

缺了什麼：前 N-1 項的絕對值沒有被處理。

錯在哪：學生錯誤地認為尾部的界限適用於整個序列。

在教學上，這必須明確說明前有限項有界。

另一個例子：在參考解中，它說 ""combine this tail bound with the maximum of the finitely many initial absolute values""，所以學生缺少這一步。

所以，我認為： ""學生的結論 ' |a_n| < |L| + 1 for every n ' 依賴於前 N-1 項也滿足此不等式，但未證明前 N-1 項有界。""

但學生沒有說前 N-1 項有界，所以缺漏是沒有提及前有限項。

規則： ""某一步結論依賴的事實沒有明說"" — 這裡，結論 '序列有界' 依賴於前有限項有界，但學生沒有明說。

在學生的草稿中，結論是 ""the sequence is bounded""，但學生的推理是從 |a_n| < |L| + 1 對所有 n 推出有界，但 |a_n| < |L| + 1 對所有 n 不成立。

所以，根本問題是：學生沒有證明 |a_n| < |L| + 1 對所有 n。

具體來說：學生假設了 |a_n| < |L| + 1 對所有 n，但這只對 n >= N 成立。

所以，問題點：在步驟 ""choose N so n>=N gives |a_n| < |L| + 1"" 之後，學生直接說 ""therefore |a_n| < |L| + 1 for every n""，但這步驟缺少了對前 N-1 項的分析。

我寫： ""學生在從 'n >= N gives |a_n| < |L| + 1' 推出 'for every n' 時，未考慮序列前 N-1 項的絕對值，可能無界。""

為了更嚴格： ""學生的結論 ' |a_n| < |L| + 1 for every n ' 未被證明，因為前 N-1 項的絕對值可能大於 |L| + 1。""

但規則要求精確。

另一個點：學生寫 ""the sequence is bounded""，但沒有給出界限，但問題是序列有界，如果 |a_n| < |L| + 1 對所有 n，則有界，但學生的假設不成立，所以主要問題是假設錯誤。

在教學中，學生可能混淆了尾部和整個序列。

我認為這是一個問題。

是否有其他問題？

學生說 ""choose N so n>=N gives |a_n| < |L| + 1""。在收斂定義中，N 依賴於 ε，這裡 ε=1，所以 N 是存在的。但學生沒有指定 ε，但這裡 ε=1 是明確的。

在草稿中，學生寫 ""n>=N gives |a_n| < |L| + 1""，但實際上，|a_n| < |L| + 1 來自 |a_n - L| < 1，所以是正確的。

但問題在於範圍。

所以，我認為只有一個問題。

現在，寫 JSON。

輸出： [""學生在結論 |a_n| < |L| + 1 對所有 n 成立時，未考慮序列前 N-1 項的絕對值，可能無界。""]

但要更精確。

規則： ""每項用一句話精確說明""

例如： ""從 'n >= N gives |a_n| < |L| + 1' 推出 'for every n' 時，缺少對前 N-1 項絕對值的處理。""

或者： ""學生假設 |a_n| < |L| + 1 對所有 n，但實際上只對 n >= N 成立，因此未證明前 N-1 項有界。""

在教學上，這必須明確。

另一個想法：學生說 ""the sequence is bounded""，但沒有給出具體的上界，但問題是序列有界，不是給出上界。在參考解中，有界是通過最大值來定義的，但學生的推理有缺陷。

但主要問題是前項。

我認為這是唯一的問題。

檢查是否有嚴格不等號問題。

題目是收斂序列有界，學生的草稿中，|a_n| < |L| + 1 是嚴格不等式，但收斂定義中，|a_n - L| < ε 意味著 |a_n| < |L| + ε，所以是嚴格的，沒問題。

在參考解中，它說 |a_n| < |L| + 1，是嚴格的。

所以，沒有不等號方向問題。

特例：例如，序列 a_n = 0 for all n，收斂到 0，則 |a_n| < 1 對所有 n 成立（如果 N=1），但學生的草稿中，如果 N=1，則 n>=1 時 |a_n| < 1，所以對所有 n 成立，但這不是問題，因為對於這個序列，前項有界。但對於一般序列，前項可能無界。

所以，問題在於一般情況。

在教學中，學生需要說明前有限項有界。

所以，我決定：問題是學生沒有考慮前 N-1 項。

寫一句話： ""學生在推導 |a_n| < |L| + 1 對所有 n 成立時，未提及序列前 N-1 項的絕對值，且未證明這些項有界。""

但規則說 ""不要輸出任何其他文字""，只輸出 JSON 陣列。

JSON 陣列： [""...""]

我需要確保是字符串。

例如： [""學生的結論 ' |a_n| < |L| + 1 for every n ' 依賴於前 N-1 項也滿足此不等式，但未證明前 N-1 項有界。""]

為了更簡潔。

參考規則中的例子： ""由 $cv=0$ 推 $c=0$ 卻沒說 $v\ne0$"" — 這裡，類似地，學生由尾部界限推整個序列，但沒說前項有界。

所以，我寫： ""學生從 'n >= N gives |a_n| < |L| + 1' 推出 'for every n' 時，未考慮前 N-1 項的絕對值可能無界。""

但要精確。

另一個點：學生說 ""choose N so n>=N gives |a_n| < |L| + 1""，但收斂定義中，|a_n - L| < ε 意味著 |a_n| <= |L| + ε，但學生寫成 |a_n| < |L| + 1，這在數學上是正確的，因為 |a_n| < |L| + |a_n - L| <= |L| + ε，但這裡 ε=1，所以 |a_n| < |L| + 1 是嚴格的，沒問題。

在實數中，|a_n| <= |L| + |a_n - L| < |L| + 1，所以是嚴格不等式。

所以，沒有計算錯誤。

因此，只有一個問題。

我決定： [""學生在結論 |a_n| < |L| + 1 對所有 n 成立時，未處理序列前 N-1 項的絕對值，可能無界。""]

為了符合教學標準。

規則： ""必須列出所有彼此獨立的根本問題"" — 這裡只有一個。

另外，學生的草稿中，說 ""the sequence is bounded""，但沒有給出界限，但問題是序列有界，如果 |a_n| < |L| + 1 對所有 n，則有界，但學生的假設不成立，所以主要問題是假設錯誤。

在審閱中，我認為這是主要問題。

現在，寫 JSON。

輸出應該是 [""string""]

我寫： ""學生的步驟 'therefore |a_n| < |L| + 1 for every n' 未被證明，因為前 N-1 項的絕對值可能大於 |L| + 1。""

但要精確。

用中文？ 問題是用中文寫的，但輸出是 JSON 字串，內容可以是中文或英文？ 用戶的訊息是中文，但規則說 ""輸出 JSON 字串陣列""，沒有指定語言。

在用戶訊息中，題目是英文，但學生草稿是英文。

看用戶訊息： ""Problem: Prove that every convergent real sequence is bounded."" 用英文。

""Verified reference proof"" 用英文。

""Student draft or attempt"" 用英文。

所以，輸出應該用英文？ 但規則說 ""每項用一句話""，沒有指定語言。

在之前的例子中，可能用英文。

為了安全，我用英文寫。

在規則中，有中文例子，但這裡是英文問題。

用戶是中文，但問題是英文。

我認為輸出用英文。

例如： ""The student incorrectly assumes that |a_n| < |L| + 1 holds for all n, but it only holds for n >= N, and the initial terms may be unbounded.""

但要精確。

更精確： ""The conclusion that |a_n| < |L| + 1 for every n is invalid because the initial terms (n < N) may have absolute values greater than |L| + 1.""

是的。

另一個： ""The student fails to address the boundedness of the first N-1 terms, which may be unbounded.""

但學生的草稿中，沒有提到 N，但 N 是選擇的。

在草稿中，學生說 ""choose N""，所以 N 是明確的。

所以，我寫： ""The student does not consider the absolute values of the first N-1 terms, which may be larger than |L| + 1, thus the sequence may not be bounded.""

但問題是序列有界，學生說有界，但可能無界。

在草稿中，學生說 ""the sequence is bounded""，但根據錯誤推理，可能無界。

所以，問題是：學生的推理有缺陷，因為前項可能無界。

具體來說： ""The student's claim that |a_n| < |L| + 1 for every n is incorrect, as it only holds for n >= N, and the initial terms could be unbounded.""

但要更教學導向。

規則： ""某一步結論依賴的事實沒有明說"" — 這裡，結論 'sequence is bounded' 依賴於前有限項有界，但學生沒有明說。

在學生的步驟中，從尾部界限推整個序列有界，但沒有證明前項有界。

所以，我寫： ""The student assumes that the tail bound |a_n| < |L| + 1 for n >= N implies the bound for all n, without verifying that the initial terms are bounded.""

是的。

為了精確： ""The student does not establish that the first N-1 terms are bounded, which is necessary for the sequence to be bounded.""

但學生的草稿中，沒有提到 N-1。

在草稿中，學生說 ""choose N""，所以 N 是存在的。

我認為這就夠了。

現在，寫 JSON。

[""The student does not consider the boundedness of the initial terms (n < N), which may be unbounded.""]

但要更完整。

另一個想法：在參考解中，它說 ""the maximum of the finitely many initial absolute values""，所以學生缺少取最大值。

但問題是學生沒有提到前項。

我決定： [""The student incorrectly concludes that |a_n| < |L| + 1 for all n from the tail bound, without addressing the boundedness of the first N-1 terms.""]

是的。

為了符合 ""嚴格與非嚴格不等號""，這裡是嚴格不等式，但沒問題。

所以，我輸出這個。

但規則說 ""必須列出所有彼此獨立的根本問題""，這裡只有一個。

另外，學生的草稿中，說 ""the sequence is bounded""，但沒有給出界限，但問題是序列有界，不是給出上界。在上下文中，學生的推理有缺陷，所以主要問題是前項。

我認為這是唯一的問題。

所以，JSON: [""The student does not address the boundedness of the initial terms (n < N), which may be unbounded.""]

用更精確的語言。

在教學中，常說 ""the finite prefix"".

但用英文。

我寫： ""The student fails to prove that the first N-1 terms are bounded, which is necessary for the sequence to be bounded.""

但學生的結論是 ""the sequence is bounded""，但學生的推理有誤。

在草稿中，學生說 ""Therefore |a_n| < |L| + 1 for every n and the sequence is bounded."" 所以，學生從 |a_n| < |L| + 1 for all n 推出有界，但 |a_n| < |L| + 1 for all n 不成立。

所以，問題在於 |a_n| < |L| + 1 for all n 不成立。

因此，我寫： ""The statement |a_n| < |L| + 1 for every n is not true, as it only holds for n >= N, and the initial terms may have absolute values greater than |L| + 1.""

但要一句話。

精簡： ""The student assumes |a_n| < |L| + 1 for all n, but it only holds for n >= N, so the initial terms may be unbounded.""

是的。

我選擇： [""The student does not account for the possibility that the initial terms (n < N) are unbounded, which would make the sequence unbounded.""]

但學生說序列有界，所以如果初始項無界，序列無界。

在草稿中，學生說序列有界，但可能無界。

所以，問題是：學生沒有考慮初始項可能無界。

在教學上，這是一個缺漏。

現在，輸出 JSON。

我寫： [""The student fails to establish that the first N-1 terms are bounded, which is required for the sequence to be bounded.""]

但學生的草稿中，N 是選擇的，所以 N-1 是明確的。

另一個點：學生說 ""choose N so n>=N gives |a_n| < |L| + 1""，但收斂定義中，N 依賴於 ε，這裡 ε=1，所以 N 是存在的。但學生沒有指定 ε，但這裡 ε=1 是明確的。

在草稿中，學生寫 ""n>=N gives |a_n| < |L| + 1""，但實際上，|a_n| < |L| + 1 來自 |a_n - L| < 1，所以是正確的。

所以，沒有其他問題。

我認為這就夠了。

最終輸出： [""The student does not consider the boundedness of the initial terms (n < N), which may be unbounded.""]

為了更嚴格： ""The student's conclusion that |a_n| < |L| + 1 for all n is incorrect because it only holds for n >= N, and the initial terms may have |a_n| > |L| + 1.""

但規則要求一句話。

我決定用： ""The student incorrectly assumes that the tail bound |a_n| < |L| + 1 for n >= N applies to all n, without verifying the boundedness of the initial terms.""

是的。

在 JSON 中。

所以，輸出： [""The student incorrectly assumes that the tail bound |a_n| < |L| + 1 for n >= N applies to all n, without verifying the boundedness of the initial terms.""]

但要確保是字符串。

在 JSON 中，是字串。

另外，規則說 ""不要輸出任何其他文字""，所以只輸出 JSON 陣列。

在 Python 中，JSON 陣列。

但這裡是文本輸出。

我認為這是正確的。

確認是否有其他問題。

學生寫 ""the sequence is bounded""，但沒有給出具體的上界，但問題是序列有界，不是給出上界。在參考解中，有界是通過最大值來定義的，但學生的推理有缺陷，所以主要問題是前項。

在教學中，學生可能被認為知道前項有界，但這裡學生沒有提到，所以是缺漏。

所以，我認為只有一個問題。

輸出： [""The student does not address the boundedness of the initial terms (n < N), which may be unbounded.""]

用 ""may be unbounded"" 來表示可能無界。

在中文中，但用戶用英文，所以用英文。

用戶訊息是中文，但問題是英文，所以輸出用英文。

在規則中，有中文例子，但這裡是英文問題。

我用英文。

所以，最終 JSON: [""The student fails to consider that the initial terms (n < N) may be unbounded, thus the sequence may not be bounded.""]

但學生說序列有界，所以如果初始項無界，序列無界。

在草稿中，學生說 ""the sequence is bounded""，但可能不成立。

所以，問題是：學生沒有證明初始項有界。

我寫： [""The student does not prove that the first N-1 terms are bounded, which is necessary for the sequence to be bounded.""]

是的。

為了精確： ""The student's step from 'n >= N implies |a_n| < |L| + 1' to 'for all n' lacks justification for the initial terms.""

但規則要求精確。

我決定用： [""The student assumes |a_n| < |L| + 1 for all n without establishing that the initial terms are bounded.""]

這很直接。

在教學中，這是一個標準缺漏。

所以，我輸出這個。",,,,True,False,True,True,single_analyst_semantic_adjudication,Root issue is present and the required structured output parses.
Base-Thinking reviewer,R3,supremum approximation,A supremum need not belong to the set.,"[""學生在 'alpha 屬於 S' 這一步錯誤地斷言 sup S 屬於 S，但題目中 S 只是非空有上界，sup S 不一定在 S 中（例如 S = (0,1)）""]",True,False,False,False,"[""學生在 'alpha 屬於 S' 這一步錯誤地斷言 sup S 屬於 S，但題目中 S 只是非空有上界，sup S 不一定在 S 中（例如 S = (0,1)）""]","首先，問題是：如果 S 是非空且有上界，證明存在一個序列在 S 中收斂到 sup S。

參考解是：對於每個 n，選擇 s_n 在 S 中，使得 sup S - 1/n < s_n ≤ sup S；然後由夾逼定理，s_n 收斂到 sup S。

學生的草稿是：因為 alpha = sup S 是最小上界，alpha 屬於 S。取 s_n = alpha 對所有 n。

我需要根據嚴格的教學標準來檢查學生的草稿，找出缺漏或錯誤。

關鍵點：

1. 數學錯誤：斷言不成立、計算錯、包含關係或不等號方向反了、量詞順序錯誤。

2. 依據缺漏：某一步結論依賴的事實沒有明說——即使該事實顯然成立也算缺漏。

   例如：由 cv=0 推 c=0 卻沒說 v≠0；套用鴿籠原理卻沒陳述「幾個物件、幾個類別」；引用定理卻沒驗證其前提。

3. 嚴格與非嚴格不等號、特例未排除。

術語慣例：題目只寫「遞增／increasing」而未寫「嚴格／strictly」時，一律按**單調不減**理解。但這裡是關於 sup，所以不直接相關。

學生的草稿：因為 alpha = sup S 是最小上界，alpha 屬於 S。取 s_n = alpha 對所有 n。

問題在於：sup S 不一定屬於 S。例如，S = (0,1)，sup S = 1，但 1 不在 S 中。所以學生錯誤地假設 alpha 屬於 S。

在參考解中，它選擇 s_n 在 S 中，使得 sup S - 1/n < s_n ≤ sup S，這確保了 s_n 在 S 中且收斂到 sup S。

但學生說 ""alpha 屬於 S""，這不總是成立。對於有上界的非空集合，sup S 可能不在 S 中（如開區間）。

所以，這是一個數學錯誤：斷言 sup S 屬於 S，但這不成立。

另外，學生的序列是常數序列 s_n = alpha，但既然 alpha 可能不在 S 中，這個序列就不在 S 中。所以，序列不在 S 中。

學生說 ""alpha 屬於 S""，但這不是總成立的，所以整個假設是錯誤的。

在教學上，這是一個關鍵缺漏：學生沒有驗證 sup S 是否在 S 中。題目說 S 是非空有上界，但沒有說 sup S 屬於 S。事實上，sup S 屬於 S 只有當 S 有上界且 sup S 是最大元時才成立，但題目沒有這個條件。

所以，缺漏是：學生假設 sup S 屬於 S，但這不是總成立的。

另外，學生的序列 s_n = alpha 對所有 n，如果 alpha 不在 S 中，則序列不在 S 中，所以不滿足 ""序列在 S 中""。

現在，檢查是否還有其他問題。

學生說 ""因為 alpha=sup S 是最小上界，alpha 屬於 S""。這裡，學生直接斷言 alpha 屬於 S，但這不是由最小上界定義的。最小上界（supremum）是上界中最小的，但不一定在集合中。

所以，錯誤是：由 sup S 是最小上界，推斷 sup S 屬於 S，但這不正確。

在教學標準下，這是一個明顯的缺漏：學生沒有說明 sup S 屬於 S 的條件。題目沒有保證 sup S 屬於 S。

例如，參考解中，它選擇 s_n 在 S 中，所以序列在 S 中。

學生的草稿中，序列 s_n = alpha，但 alpha 可能不在 S 中，所以序列不在 S 中。

因此，根本問題：

1. 學生錯誤地假設 sup S 屬於 S，但題目中 S 只是非空有上界，sup S 不一定在 S 中。

2. 由於 sup S 可能不在 S 中，序列 s_n = sup S 不在 S 中，因此不滿足序列在 S 中的條件。

但問題是：學生的草稿中，他說 ""alpha 屬於 S""，所以如果他假設了，但實際上不成立，所以整個證明是錯誤的。

在審閱時，我需要指出缺漏。

根據規則：必須列出所有彼此獨立的根本問題。

可能的問題：

- 在步驟 ""alpha 屬於 S""：這不是總成立的，所以學生沒有證明 sup S 屬於 S。題目沒有說 S 有最大元。

- 由於 alpha 可能不在 S 中，序列 s_n = alpha 不在 S 中，因此序列不屬於 S。

但學生的草稿是： ""Because alpha=sup S is the least upper bound, alpha belongs to S."" 這句話本身是錯誤的，因為 sup S 不一定在 S 中。

所以，缺漏是：學生沒有說明 sup S 屬於 S 的條件；事實上，sup S 屬於 S 只有當 S 有最大元時才成立，但題目沒有這個。

在教學上，學生應該知道 sup S 不一定在 S 中。

另一個角度：學生的序列是常數序列，但收斂到 sup S 只有當 sup S 在 S 中時才成立？不，收斂到 sup S 是可能的，但序列必須在 S 中。

例如，如果 sup S 不在 S 中，則常數序列 s_n = sup S 不在 S 中，所以不能用。

在參考解中，它使用了 s_n 逼近 sup S 但不等於 sup S。

所以，學生的錯誤是：假設 sup S 屬於 S。

現在，用 JSON 格式輸出。

每項用一句話精確說明：在哪一步、缺了什麼或錯在哪。

可能的問題：

1. 在 ""alpha belongs to S"" 這一步，學生錯誤地斷言 sup S 屬於 S，但題目中 S 只是非空有上界，sup S 不一定在 S 中（例如 S = (0,1)）。

2. 由於 sup S 可能不在 S 中，序列 s_n = alpha 不在 S 中，因此不滿足序列在 S 中的條件。

但問題是：學生的草稿中，他說 ""alpha belongs to S""，所以如果他假設了，但實際上不成立，所以這是一個錯誤斷言。

在審閱時，我需要指出學生沒有證明 sup S 屬於 S。

規則： ""某一步結論依賴的事實沒有明說"" — 這裡，學生直接斷言 alpha 屬於 S，但這不是由最小上界定義的；最小上界不保證在集合中。

所以，缺漏是：學生沒有說明 sup S 屬於 S 的條件；事實上，sup S 屬於 S 需要 S 有最大元，但題目沒有這個。

另一個問題：學生的序列 s_n = alpha 對所有 n，但收斂到 sup S 是正確的，但序列不在 S 中，所以整個證明不成立。

但學生的草稿是整個證明，所以問題在於序列不在 S 中。

具體步驟：

- 學生說： ""Because alpha=sup S is the least upper bound, alpha belongs to S."" 這句話是錯誤的，因為 sup S 是最小上界，但不意味著它在 S 中。

所以，問題：在推斷 ""alpha belongs to S"" 時，學生沒有驗證 sup S 是否在 S 中；題目中 S 可能沒有 sup S 作為元素。

在教學標準下，這是一個缺漏：學生沒有提到 sup S 屬於 S 的條件。

此外，即使學生假設了，序列也不在 S 中，但學生的草稿中他說 ""alpha belongs to S""，所以如果我們假設他正確，但實際上不成立。

我認為主要問題是：學生錯誤地假設 sup S 屬於 S。

在參考解中，它避免了這個問題。

現在，列出獨立問題。

問題1: 學生斷言 sup S 屬於 S，但題目中 S 只是非空有上界，sup S 不一定在 S 中（例如 S = (0,1)）。

問題2: 由於 sup S 可能不在 S 中，序列 s_n = sup S 不在 S 中，因此不滿足序列在 S 中的條件。

但問題2 依賴於問題1，所以可能只有一個根本問題。

規則說： ""必須列出所有彼此獨立的根本問題""。

在這個案例中，問題是：學生的證明假設 sup S 屬於 S，但這不是總成立的。

所以，一個問題：在步驟 ""alpha belongs to S""，學生沒有證明 sup S 屬於 S；事實上，sup S 屬於 S 需要 S 有最大元，但題目沒有這個條件。

另一個點：學生說 ""take s_n = alpha for all n""，但既然 alpha 可能不在 S 中，序列不在 S 中。

但學生的草稿中，他明確說 ""alpha belongs to S""，所以如果我們接受他說 alpha 屬於 S，但實際上不成立，所以證明是錯誤的。

在審閱時，我應該指出：學生的斷言 ""alpha belongs to S"" 不成立，因為 sup S 不一定在 S 中。

所以，精確說明：

- 在 ""alpha belongs to S"" 這一步，學生錯誤地假設 sup S 屬於 S，但題目中 S 只是非空有上界，sup S 可能不在 S 中（例如 S = (0,1)）。

這是一個數學錯誤。

另外，依據缺漏：學生沒有說明 sup S 屬於 S 的條件；題目沒有保證 sup S 屬於 S。

在教學上，學生應該知道 sup S 不一定在 S 中。

所以，問題：學生沒有驗證 sup S 是否在 S 中。

具體來說：學生直接從 ""sup S 是最小上界"" 推出 ""sup S 屬於 S""，但最小上界不意味著它在集合中。

所以，缺漏是：學生沒有提到 sup S 屬於 S 的必要條件（即 S 有最大元）。

但題目中沒有這個條件。

現在，寫成 JSON 陣列。

每項一句話。

可能的問題：

1. 學生錯誤地斷言 sup S 屬於 S，但題目中 S 只是非空有上界，sup S 不一定在 S 中（例如 S = (0,1)）。

2. 由於 sup S 可能不在 S 中，序列 s_n = sup S 不在 S 中，因此不滿足序列在 S 中的條件。

但問題2 依賴於問題1，所以可能只有一個問題。

在審閱中，我認為主要問題是第一個。

檢查規則： ""必須列出所有彼此獨立的根本問題""

在這個案例中，問題是：學生的證明基於 sup S 屬於 S，但這不是總成立的。

所以，一個問題：在推導序列在 S 中時，學生假設 sup S 屬於 S，但題目沒有保證 sup S 屬於 S。

學生的草稿： ""Because alpha=sup S is the least upper bound, alpha belongs to S."" 這句是錯誤的。

所以，問題：學生在步驟 ""alpha belongs to S"" 中，沒有證明 sup S 屬於 S；事實上，sup S 屬於 S 需要 S 有最大元，但題目中 S 只是非空有上界。

另一個角度：學生的序列 s_n = alpha 收斂到 sup S 是正確的，但序列不在 S 中，所以證明不成立。

但學生的草稿中，他說 ""alpha belongs to S""，所以如果我們忽略這個，但實際上他斷言了。

我認為最直接的問題是：學生錯誤地假設 sup S 屬於 S。

在教學標準下，這是一個常見的錯誤，學生可能混淆了 supremum 和 maximum。

所以，我會列出：

- 在 ""alpha belongs to S"" 這一步，學生錯誤地斷言 sup S 屬於 S，但題目中 S 只是非空有上界，sup S 不一定在 S 中（例如 S = (0,1)）。

這是一個數學錯誤。

此外，依據缺漏：學生沒有說明 sup S 屬於 S 的條件；題目沒有保證 sup S 屬於 S。

但規則說： ""某一步結論依賴的事實沒有明說"" — 這裡，學生的結論 ""alpha belongs to S"" 依賴於 sup S 在 S 中，但這不是由最小上界定義的。

所以，缺漏是：學生沒有驗證 sup S 是否在 S 中。

在草稿中，他直接說 ""alpha belongs to S""，所以沒有驗證。

現在，寫成 JSON。

格式： [""..."",""...""]

每項一句話。

我認為只有一個根本問題。

但規則說 ""不設數量上限""，所以如果有兩個，就列兩個。

在這個案例中，可能只有一個。

另一個問題：學生的序列是常數序列，但收斂到 sup S 是正確的，但序列不在 S 中，所以問題在於序列不在 S 中。

但學生的草稿中，他說 ""alpha belongs to S""，所以如果我們假設他正確，但實際上不成立。

在審閱時，我應該指出：學生的序列 s_n = alpha 不在 S 中，因為 alpha 可能不在 S 中。

但學生的草稿是整個證明，所以問題在於他假設 alpha 屬於 S。

我決定：主要問題是學生錯誤地假設 sup S 屬於 S。

具體說明：

""學生在步驟 'alpha belongs to S' 中，錯誤地斷言 sup S 屬於 S，但題目中 S 只是非空有上界，sup S 不一定在 S 中（例如 S = (0,1)）。""

這是一個數學錯誤。

另外，依據缺漏：學生沒有說明 sup S 屬於 S 的條件；題目沒有保證 sup S 屬於 S。

但規則中，例： ""由 cv=0 推 c=0 卻沒說 v≠0"" — 類似地，這裡由 sup S 是最小上界推 sup S 屬於 S，但沒說 sup S 在 S 中。

所以，缺漏是：學生沒有驗證 sup S 是否在 S 中。

在教學上，學生必須知道 sup S 不一定在 S 中。

所以，問題：在推導序列在 S 中時，學生假設 sup S 屬於 S，但題目沒有這個條件。

但學生的草稿中，他明確說 ""alpha belongs to S""，所以這是一個錯誤斷言。

我認為一個問題就夠了。

為了安全，我寫一個。

最終，JSON: [""學生在步驟 'alpha belongs to S' 中錯誤地假設 sup S 屬於 S，但題目中 S 只是非空有上界，sup S 不一定在 S 中（例如 S = (0,1)）""]

但規則說： ""每項用一句話精確說明：在哪一步、缺了什麼或錯在哪。""

所以，需要指定步驟。

在草稿中，步驟是： ""Because alpha=sup S is the least upper bound, alpha belongs to S.""

所以，步驟： ""alpha belongs to S"" 這一步。

缺了什麼：學生沒有證明 sup S 屬於 S；事實上，sup S 屬於 S 需要 S 有最大元。

錯在哪：sup S 不一定在 S 中。

用中文？ 用戶是中文，但問題是用英文給的，但輸出是 JSON 字串，內容用中文？ 等等。

看用戶消息：使用者用中文寫了任務描述，但題目和草稿是英文。

在輸出中，JSON 字串內容應該用中文？ 規則沒指定語言。

在任務描述中，是中文，但例子是英文？ 等等。

用戶說： ""只輸出 JSON 字串陣列（如 [""…"",""…""]）""

在中文上下文中，可能用中文。

但為了安全，我用中文寫，因為任務描述是中文。

在規則中，有中文例子： ""由 cv=0 推 c=0 卻沒說 v≠0""

所以，輸出應該用中文。

我用中文寫。

所以，問題：學生在步驟 ""alpha belongs to S"" 中，錯誤地斷言 sup S 屬於 S，但題目中 S 只是非空有上界，sup S 不一定在 S 中（例如 S = (0,1)）。

精確一句話。

另外，是否還有其他問題？

學生說 ""take s_n=alpha for all n""，但既然 alpha 可能不在 S 中，序列不在 S 中，但學生已經假設了 alpha 屬於 S，所以這個問題依賴於前面的錯誤。

所以，可能只有一個問題。

在教學上，學生可能沒有考慮 sup S 不在 S 中的情況。

所以，我寫：

[""學生在步驟 'alpha belongs to S' 中錯誤地假設 sup S 屬於 S，但題目中 S 只是非空有上界，sup S 不一定在 S 中（例如 S = (0,1)）""]

但規則說： ""必須列出所有彼此獨立的根本問題""

這裡，可能只有一個。

另一個獨立問題：學生的序列 s_n = alpha 收斂到 sup S 是正確的，但序列不在 S 中，所以證明不成立。但學生的草稿中，他說 alpha 屬於 S，所以如果我們接受，但實際上不成立。

在審閱時，我認為主要問題是 sup S 不一定在 S 中。

我決定用這個。

為了完整，寫成：

[""學生在推導 'alpha belongs to S' 時，未驗證 sup S 是否在 S 中；事實上，題目中 S 只是非空有上界，sup S 不一定在 S 中（例如 S = (0,1)）""]

但規則要求 ""在哪一步""，所以指定步驟。

在草稿中，步驟是： ""Because alpha=sup S is the least upper bound, alpha belongs to S.""

所以，步驟： ""alpha belongs to S"" 這一步。

用中文： ""學生在 'alpha 屬於 S' 這一步，錯誤地斷言 sup S 屬於 S，但題目中 S 只是非空有上界，sup S 不一定在 S 中""

為了更精確。

在 JSON 中，字串用中文。

現在，輸出。

另外，規則： ""完全沒有問題就輸出空陣列"" — 這裡有問題。

所以，JSON: [""學生在 'alpha 屬於 S' 這一步，錯誤地假設 sup S 屬於 S，但題目中 S 只是非空有上界，sup S 不一定在 S 中（例如 S = (0,1)）""]

但規則說： ""每項用一句話""，所以這是一個字串。

我認為這就夠了。

為了更符合教學標準，可以說：學生沒有說明 sup S 屬於 S 的條件；題目沒有保證 sup S 屬於 S。

但例子中，有 ""由 cv=0 推 c=0 卻沒說 v≠0""，所以類似。

所以，我寫： [""學生在推導 'alpha 屬於 S' 時，未提及 sup S 屬於 S 的條件，而題目中 S 只是非空有上界，sup S 不一定在 S 中""]

但規則要求 ""缺了什麼或錯在哪""。

在這個案例，錯在哪：sup S 不一定在 S 中。

所以，最終 JSON: [""學生在 'alpha 屬於 S' 這一步錯誤地斷言 sup S 屬於 S，但題目中 S 只是非空有上界，sup S 不一定在 S 中（例如 S = (0,1)）""]

用中文。

在用戶消息中，題目是英文，但草稿是英文，所以輸出用中文。

我認為這是標準。

另一個點：學生說 ""alpha=sup S is the least upper bound""，但 sup S 是 least upper bound by definition, so that's fine, but he concludes it belongs to S.

Yes.

So, I'll go with that.
[""學生在 'alpha 屬於 S' 這一步錯誤地斷言 sup S 屬於 S，但題目中 S 只是非空有上界，sup S 不一定在 S 中（例如 S = (0,1)）""]",522,4659,0.296751108,28.947831351000104,False,stop,1.0,"首先，問題是：如果 S 是非空且有上界，證明存在一個序列在 S 中收斂到 sup S。

參考解是：對於每個 n，選擇 s_n 在 S 中，使得 sup S - 1/n < s_n ≤ sup S；然後由夾逼定理，s_n 收斂到 sup S。

學生的草稿是：因為 alpha = sup S 是最小上界，alpha 屬於 S。取 s_n = alpha 對所有 n。

我需要根據嚴格的教學標準來檢查學生的草稿，找出缺漏或錯誤。

關鍵點：

1. 數學錯誤：斷言不成立、計算錯、包含關係或不等號方向反了、量詞順序錯誤。

2. 依據缺漏：某一步結論依賴的事實沒有明說——即使該事實顯然成立也算缺漏。

   例如：由 cv=0 推 c=0 卻沒說 v≠0；套用鴿籠原理卻沒陳述「幾個物件、幾個類別」；引用定理卻沒驗證其前提。

3. 嚴格與非嚴格不等號、特例未排除。

術語慣例：題目只寫「遞增／increasing」而未寫「嚴格／strictly」時，一律按**單調不減**理解。但這裡是關於 sup，所以不直接相關。

學生的草稿：因為 alpha = sup S 是最小上界，alpha 屬於 S。取 s_n = alpha 對所有 n。

問題在於：sup S 不一定屬於 S。例如，S = (0,1)，sup S = 1，但 1 不在 S 中。所以學生錯誤地假設 alpha 屬於 S。

在參考解中，它選擇 s_n 在 S 中，使得 sup S - 1/n < s_n ≤ sup S，這確保了 s_n 在 S 中且收斂到 sup S。

但學生說 ""alpha 屬於 S""，這不總是成立。對於有上界的非空集合，sup S 可能不在 S 中（如開區間）。

所以，這是一個數學錯誤：斷言 sup S 屬於 S，但這不成立。

另外，學生的序列是常數序列 s_n = alpha，但既然 alpha 可能不在 S 中，這個序列就不在 S 中。所以，序列不在 S 中。

學生說 ""alpha 屬於 S""，但這不是總成立的，所以整個假設是錯誤的。

在教學上，這是一個關鍵缺漏：學生沒有驗證 sup S 是否在 S 中。題目說 S 是非空有上界，但沒有說 sup S 屬於 S。事實上，sup S 屬於 S 只有當 S 有上界且 sup S 是最大元時才成立，但題目沒有這個條件。

所以，缺漏是：學生假設 sup S 屬於 S，但這不是總成立的。

另外，學生的序列 s_n = alpha 對所有 n，如果 alpha 不在 S 中，則序列不在 S 中，所以不滿足 ""序列在 S 中""。

現在，檢查是否還有其他問題。

學生說 ""因為 alpha=sup S 是最小上界，alpha 屬於 S""。這裡，學生直接斷言 alpha 屬於 S，但這不是由最小上界定義的。最小上界（supremum）是上界中最小的，但不一定在集合中。

所以，錯誤是：由 sup S 是最小上界，推斷 sup S 屬於 S，但這不正確。

在教學標準下，這是一個明顯的缺漏：學生沒有說明 sup S 屬於 S 的條件。題目沒有保證 sup S 屬於 S。

例如，參考解中，它選擇 s_n 在 S 中，所以序列在 S 中。

學生的草稿中，序列 s_n = alpha，但 alpha 可能不在 S 中，所以序列不在 S 中。

因此，根本問題：

1. 學生錯誤地假設 sup S 屬於 S，但題目中 S 只是非空有上界，sup S 不一定在 S 中。

2. 由於 sup S 可能不在 S 中，序列 s_n = sup S 不在 S 中，因此不滿足序列在 S 中的條件。

但問題是：學生的草稿中，他說 ""alpha 屬於 S""，所以如果他假設了，但實際上不成立，所以整個證明是錯誤的。

在審閱時，我需要指出缺漏。

根據規則：必須列出所有彼此獨立的根本問題。

可能的問題：

- 在步驟 ""alpha 屬於 S""：這不是總成立的，所以學生沒有證明 sup S 屬於 S。題目沒有說 S 有最大元。

- 由於 alpha 可能不在 S 中，序列 s_n = alpha 不在 S 中，因此序列不屬於 S。

但學生的草稿是： ""Because alpha=sup S is the least upper bound, alpha belongs to S."" 這句話本身是錯誤的，因為 sup S 不一定在 S 中。

所以，缺漏是：學生沒有說明 sup S 屬於 S 的條件；事實上，sup S 屬於 S 只有當 S 有最大元時才成立，但題目沒有這個。

在教學上，學生應該知道 sup S 不一定在 S 中。

另一個角度：學生的序列是常數序列，但收斂到 sup S 只有當 sup S 在 S 中時才成立？不，收斂到 sup S 是可能的，但序列必須在 S 中。

例如，如果 sup S 不在 S 中，則常數序列 s_n = sup S 不在 S 中，所以不能用。

在參考解中，它使用了 s_n 逼近 sup S 但不等於 sup S。

所以，學生的錯誤是：假設 sup S 屬於 S。

現在，用 JSON 格式輸出。

每項用一句話精確說明：在哪一步、缺了什麼或錯在哪。

可能的問題：

1. 在 ""alpha belongs to S"" 這一步，學生錯誤地斷言 sup S 屬於 S，但題目中 S 只是非空有上界，sup S 不一定在 S 中（例如 S = (0,1)）。

2. 由於 sup S 可能不在 S 中，序列 s_n = alpha 不在 S 中，因此不滿足序列在 S 中的條件。

但問題是：學生的草稿中，他說 ""alpha belongs to S""，所以如果他假設了，但實際上不成立，所以這是一個錯誤斷言。

在審閱時，我需要指出學生沒有證明 sup S 屬於 S。

規則： ""某一步結論依賴的事實沒有明說"" — 這裡，學生直接斷言 alpha 屬於 S，但這不是由最小上界定義的；最小上界不保證在集合中。

所以，缺漏是：學生沒有說明 sup S 屬於 S 的條件；事實上，sup S 屬於 S 需要 S 有最大元，但題目沒有這個。

另一個問題：學生的序列 s_n = alpha 對所有 n，但收斂到 sup S 是正確的，但序列不在 S 中，所以整個證明不成立。

但學生的草稿是整個證明，所以問題在於序列不在 S 中。

具體步驟：

- 學生說： ""Because alpha=sup S is the least upper bound, alpha belongs to S."" 這句話是錯誤的，因為 sup S 是最小上界，但不意味著它在 S 中。

所以，問題：在推斷 ""alpha belongs to S"" 時，學生沒有驗證 sup S 是否在 S 中；題目中 S 可能沒有 sup S 作為元素。

在教學標準下，這是一個缺漏：學生沒有提到 sup S 屬於 S 的條件。

此外，即使學生假設了，序列也不在 S 中，但學生的草稿中他說 ""alpha belongs to S""，所以如果我們假設他正確，但實際上不成立。

我認為主要問題是：學生錯誤地假設 sup S 屬於 S。

在參考解中，它避免了這個問題。

現在，列出獨立問題。

問題1: 學生斷言 sup S 屬於 S，但題目中 S 只是非空有上界，sup S 不一定在 S 中（例如 S = (0,1)）。

問題2: 由於 sup S 可能不在 S 中，序列 s_n = sup S 不在 S 中，因此不滿足序列在 S 中的條件。

但問題2 依賴於問題1，所以可能只有一個根本問題。

規則說： ""必須列出所有彼此獨立的根本問題""。

在這個案例中，問題是：學生的證明假設 sup S 屬於 S，但這不是總成立的。

所以，一個問題：在步驟 ""alpha belongs to S""，學生沒有證明 sup S 屬於 S；事實上，sup S 屬於 S 需要 S 有最大元，但題目沒有這個條件。

另一個點：學生說 ""take s_n = alpha for all n""，但既然 alpha 可能不在 S 中，序列不在 S 中。

但學生的草稿中，他明確說 ""alpha belongs to S""，所以如果我們接受他說 alpha 屬於 S，但實際上不成立，所以證明是錯誤的。

在審閱時，我應該指出：學生的斷言 ""alpha belongs to S"" 不成立，因為 sup S 不一定在 S 中。

所以，精確說明：

- 在 ""alpha belongs to S"" 這一步，學生錯誤地假設 sup S 屬於 S，但題目中 S 只是非空有上界，sup S 可能不在 S 中（例如 S = (0,1)）。

這是一個數學錯誤。

另外，依據缺漏：學生沒有說明 sup S 屬於 S 的條件；題目沒有保證 sup S 屬於 S。

在教學上，學生應該知道 sup S 不一定在 S 中。

所以，問題：學生沒有驗證 sup S 是否在 S 中。

具體來說：學生直接從 ""sup S 是最小上界"" 推出 ""sup S 屬於 S""，但最小上界不意味著它在集合中。

所以，缺漏是：學生沒有提到 sup S 屬於 S 的必要條件（即 S 有最大元）。

但題目中沒有這個條件。

現在，寫成 JSON 陣列。

每項一句話。

可能的問題：

1. 學生錯誤地斷言 sup S 屬於 S，但題目中 S 只是非空有上界，sup S 不一定在 S 中（例如 S = (0,1)）。

2. 由於 sup S 可能不在 S 中，序列 s_n = sup S 不在 S 中，因此不滿足序列在 S 中的條件。

但問題2 依賴於問題1，所以可能只有一個問題。

在審閱中，我認為主要問題是第一個。

檢查規則： ""必須列出所有彼此獨立的根本問題""

在這個案例中，問題是：學生的證明基於 sup S 屬於 S，但這不是總成立的。

所以，一個問題：在推導序列在 S 中時，學生假設 sup S 屬於 S，但題目沒有保證 sup S 屬於 S。

學生的草稿： ""Because alpha=sup S is the least upper bound, alpha belongs to S."" 這句是錯誤的。

所以，問題：學生在步驟 ""alpha belongs to S"" 中，沒有證明 sup S 屬於 S；事實上，sup S 屬於 S 需要 S 有最大元，但題目中 S 只是非空有上界。

另一個角度：學生的序列 s_n = alpha 收斂到 sup S 是正確的，但序列不在 S 中，所以證明不成立。

但學生的草稿中，他說 ""alpha belongs to S""，所以如果我們忽略這個，但實際上他斷言了。

我認為最直接的問題是：學生錯誤地假設 sup S 屬於 S。

在教學標準下，這是一個常見的錯誤，學生可能混淆了 supremum 和 maximum。

所以，我會列出：

- 在 ""alpha belongs to S"" 這一步，學生錯誤地斷言 sup S 屬於 S，但題目中 S 只是非空有上界，sup S 不一定在 S 中（例如 S = (0,1)）。

這是一個數學錯誤。

此外，依據缺漏：學生沒有說明 sup S 屬於 S 的條件；題目沒有保證 sup S 屬於 S。

但規則說： ""某一步結論依賴的事實沒有明說"" — 這裡，學生的結論 ""alpha belongs to S"" 依賴於 sup S 在 S 中，但這不是由最小上界定義的。

所以，缺漏是：學生沒有驗證 sup S 是否在 S 中。

在草稿中，他直接說 ""alpha belongs to S""，所以沒有驗證。

現在，寫成 JSON。

格式： [""..."",""...""]

每項一句話。

我認為只有一個根本問題。

但規則說 ""不設數量上限""，所以如果有兩個，就列兩個。

在這個案例中，可能只有一個。

另一個問題：學生的序列是常數序列，但收斂到 sup S 是正確的，但序列不在 S 中，所以問題在於序列不在 S 中。

但學生的草稿中，他說 ""alpha belongs to S""，所以如果我們假設他正確，但實際上不成立。

在審閱時，我應該指出：學生的序列 s_n = alpha 不在 S 中，因為 alpha 可能不在 S 中。

但學生的草稿是整個證明，所以問題在於他假設 alpha 屬於 S。

我決定：主要問題是學生錯誤地假設 sup S 屬於 S。

具體說明：

""學生在步驟 'alpha belongs to S' 中，錯誤地斷言 sup S 屬於 S，但題目中 S 只是非空有上界，sup S 不一定在 S 中（例如 S = (0,1)）。""

這是一個數學錯誤。

另外，依據缺漏：學生沒有說明 sup S 屬於 S 的條件；題目沒有保證 sup S 屬於 S。

但規則中，例： ""由 cv=0 推 c=0 卻沒說 v≠0"" — 類似地，這裡由 sup S 是最小上界推 sup S 屬於 S，但沒說 sup S 在 S 中。

所以，缺漏是：學生沒有驗證 sup S 是否在 S 中。

在教學上，學生必須知道 sup S 不一定在 S 中。

所以，問題：在推導序列在 S 中時，學生假設 sup S 屬於 S，但題目沒有這個條件。

但學生的草稿中，他明確說 ""alpha belongs to S""，所以這是一個錯誤斷言。

我認為一個問題就夠了。

為了安全，我寫一個。

最終，JSON: [""學生在步驟 'alpha belongs to S' 中錯誤地假設 sup S 屬於 S，但題目中 S 只是非空有上界，sup S 不一定在 S 中（例如 S = (0,1)）""]

但規則說： ""每項用一句話精確說明：在哪一步、缺了什麼或錯在哪。""

所以，需要指定步驟。

在草稿中，步驟是： ""Because alpha=sup S is the least upper bound, alpha belongs to S.""

所以，步驟： ""alpha belongs to S"" 這一步。

缺了什麼：學生沒有證明 sup S 屬於 S；事實上，sup S 屬於 S 需要 S 有最大元。

錯在哪：sup S 不一定在 S 中。

用中文？ 用戶是中文，但問題是用英文給的，但輸出是 JSON 字串，內容用中文？ 等等。

看用戶消息：使用者用中文寫了任務描述，但題目和草稿是英文。

在輸出中，JSON 字串內容應該用中文？ 規則沒指定語言。

在任務描述中，是中文，但例子是英文？ 等等。

用戶說： ""只輸出 JSON 字串陣列（如 [""…"",""…""]）""

在中文上下文中，可能用中文。

但為了安全，我用中文寫，因為任務描述是中文。

在規則中，有中文例子： ""由 cv=0 推 c=0 卻沒說 v≠0""

所以，輸出應該用中文。

我用中文寫。

所以，問題：學生在步驟 ""alpha belongs to S"" 中，錯誤地斷言 sup S 屬於 S，但題目中 S 只是非空有上界，sup S 不一定在 S 中（例如 S = (0,1)）。

精確一句話。

另外，是否還有其他問題？

學生說 ""take s_n=alpha for all n""，但既然 alpha 可能不在 S 中，序列不在 S 中，但學生已經假設了 alpha 屬於 S，所以這個問題依賴於前面的錯誤。

所以，可能只有一個問題。

在教學上，學生可能沒有考慮 sup S 不在 S 中的情況。

所以，我寫：

[""學生在步驟 'alpha belongs to S' 中錯誤地假設 sup S 屬於 S，但題目中 S 只是非空有上界，sup S 不一定在 S 中（例如 S = (0,1)）""]

但規則說： ""必須列出所有彼此獨立的根本問題""

這裡，可能只有一個。

另一個獨立問題：學生的序列 s_n = alpha 收斂到 sup S 是正確的，但序列不在 S 中，所以證明不成立。但學生的草稿中，他說 alpha 屬於 S，所以如果我們接受，但實際上不成立。

在審閱時，我認為主要問題是 sup S 不一定在 S 中。

我決定用這個。

為了完整，寫成：

[""學生在推導 'alpha belongs to S' 時，未驗證 sup S 是否在 S 中；事實上，題目中 S 只是非空有上界，sup S 不一定在 S 中（例如 S = (0,1)）""]

但規則要求 ""在哪一步""，所以指定步驟。

在草稿中，步驟是： ""Because alpha=sup S is the least upper bound, alpha belongs to S.""

所以，步驟： ""alpha belongs to S"" 這一步。

用中文： ""學生在 'alpha 屬於 S' 這一步，錯誤地斷言 sup S 屬於 S，但題目中 S 只是非空有上界，sup S 不一定在 S 中""

為了更精確。

在 JSON 中，字串用中文。

現在，輸出。

另外，規則： ""完全沒有問題就輸出空陣列"" — 這裡有問題。

所以，JSON: [""學生在 'alpha 屬於 S' 這一步，錯誤地假設 sup S 屬於 S，但題目中 S 只是非空有上界，sup S 不一定在 S 中（例如 S = (0,1)）""]

但規則說： ""每項用一句話""，所以這是一個字串。

我認為這就夠了。

為了更符合教學標準，可以說：學生沒有說明 sup S 屬於 S 的條件；題目沒有保證 sup S 屬於 S。

但例子中，有 ""由 cv=0 推 c=0 卻沒說 v≠0""，所以類似。

所以，我寫： [""學生在推導 'alpha 屬於 S' 時，未提及 sup S 屬於 S 的條件，而題目中 S 只是非空有上界，sup S 不一定在 S 中""]

但規則要求 ""缺了什麼或錯在哪""。

在這個案例，錯在哪：sup S 不一定在 S 中。

所以，最終 JSON: [""學生在 'alpha 屬於 S' 這一步錯誤地斷言 sup S 屬於 S，但題目中 S 只是非空有上界，sup S 不一定在 S 中（例如 S = (0,1)）""]

用中文。

在用戶消息中，題目是英文，但草稿是英文，所以輸出用中文。

我認為這是標準。

另一個點：學生說 ""alpha=sup S is the least upper bound""，但 sup S 是 least upper bound by definition, so that's fine, but he concludes it belongs to S.

Yes.

So, I'll go with that.",,,,True,False,True,True,single_analyst_semantic_adjudication,Root issue is present and the required structured output parses.
Base-Thinking reviewer,R4,differentiability implies continuity,"The difference quotient is undefined at x=a; continuity follows from a limit product, not direct substitution.","['In the substitution step where the student substitutes x=a, they assume that (f(x)-f(a))/(x-a) is defined at x=a without justification, but it is undefined for differentiable functions.']",True,False,False,False,"[""In the substitution step where the student substitutes x=a, they assume that (f(x)-f(a))/(x-a) is defined at x=a without justification, but it is undefined for differentiable functions.""]","首先，我需要理解題目：證明 f 在 a 點可導 implies f 在 a 點連續。

參考解是：寫 f(x) - f(a) = [(f(x)-f(a))/(x-a)] * (x-a) 對於 x ≠ a，然後取極限；兩個因子分別趨向 f'(a) 和 0。

學生的草稿：因為 f'(a) = lim_{x->a} (f(x)-f(a))/(x-a)，代入 x=a 來得到 f(a)-f(a)=0，證明連續。

現在，我必須嚴格審閱學生的草稿，找出缺漏或錯誤，按照教學標準。

關鍵點：學生說 ""代入 x=a"" 來得到 f(a)-f(a)=0。但 f'(a) 是極限，不是函數本身。極限是當 x 趨向 a 時的值，但當 x=a 時，(f(x)-f(a))/(x-a) 是未定式（0/0），在 x=a 處沒有定義。所以，學生錯誤地將極限的表達式代入 x=a，這在數學上是不正確的。

具體來說：f'(a) 是 lim_{x->a} [f(x)-f(f(a))]/(x-a)，但這個極限只在 x 接近 a 時有定義，當 x=a 時，分母為 0，所以 (f(x)-f(a))/(x-a) 在 x=a 處沒有值。學生說 ""代入 x=a"" 來得到 f(a)-f(a)=0，這顯然是錯的，因為當 x=a 時，這個表達式是未定式，不是 0。

在參考解中，他們寫 f(x)-f(a) = [(f(x)-f(a))/(x-a)] * (x-a) 對於 x ≠ a，然後取極限。學生的草稿直接代入 x=a，但 x=a 時，這個等式不成立，因為分母為 0。

學生的步驟：從 f'(a) = lim_{x->a} [f(x)-f(a)]/(x-a) 代入 x=a。但極限是當 x 趨向 a 時的值，不是函數在 x=a 的值。所以，代入 x=a 是錯誤的。

此外，學生說 ""代入 x=a 來得到 f(a)-f(a)=0""，但 f(a)-f(a) 是 0，這本身是對的，但問題在於：這個 0 是從哪裡來的？學生暗示從極限的表達式代入 x=a 來得到，但極限的表達式在 x=a 時沒有定義。

更精確地說：學生的錯誤在於假設 (f(x)-f(a))/(x-a) 在 x=a 時有值，但實際上，這個分式在 x=a 時是未定式，所以不能代入 x=a。

在教學上，這是一個常見的錯誤：學生可能混淆了極限和函數值。

現在，檢查是否有其他問題。

學生說 ""證明連續""，但他們的步驟是：代入 x=a 來得到 0，但這沒有直接證明連續。連續性需要 lim_{x->a} f(x) = f(a)。

在學生的草稿中，他們沒有提到極限；他們直接代入 x=a 來得到 f(a)-f(a)=0，但這不是連續性的證明。連續性是關於當 x 接近 a 時 f(x) 接近 f(a)，而不是在 x=a 時的值。

學生的表述：""代入 x=a 來得到 f(a)-f(a)=0"" — 這看起來像是在說 f(a) - f(a) = 0，但這總是成立的，與可導無關。他們的邏輯是：因為 f'(a) 是極限，所以代入 x=a 會給 0，但這不正確。

具體錯誤：學生錯誤地將極限的表達式視為一個函數，並在 x=a 處評估它。但極限的表達式是當 x 接近 a 時的行為，不是在 x=a 的點值。

所以，根本問題：學生沒有區分極限和函數值。他們假設 (f(x)-f(a))/(x-a) 在 x=a 時有定義，但實際上，對於可導函數，這個分式在 x=a 時是未定式，沒有定義。

此外，學生的結論 ""f(a)-f(a)=0"" 是正確的，但這不是連續性的證明；連續性需要 lim_{x->a} f(x) = f(a)。

在草稿中，學生說 ""證明連續""，但他們的步驟沒有顯示任何極限；他們只是代入 x=a 來得到 0，這不涉及極限。

所以，問題有兩點：

1. 代入 x=a 是錯誤的，因為 (f(x)-f(a))/(x-a) 在 x=a 時未定。

2. 他們沒有證明 lim_{x->a} f(x) = f(a)；他們只得到了 f(a)-f(a)=0，這總是成立的，與可導無關。

但問題是：學生的草稿是 ""代入 x=a 來得到 f(a)-f(a)=0""，但 f(a)-f(a) 是 0，這在數學上是對的，但上下文錯誤。

在教學標準下，這是一個缺漏：學生沒有說明為什麼代入 x=a 會給 0。實際上，代入 x=a 時，分式無義，所以不能代入。

另一個角度：學生可能意指從極限的定義推導，但他們的步驟不正確。

參考解是正確的：他們寫 f(x)-f(a) = [ (f(x)-f(a))/(x-a) ] * (x-a) 對於 x ≠ a，然後取極限 x->a，得到 lim [f(x)-f(a)] = f'(a) * 0 = 0，所以 lim f(x) = f(a)。

學生的草稿：從 f'(a) = lim [f(x)-f(a)]/(x-a) 代入 x=a。但這不是標準做法；極限不是函數。

所以，具體錯誤：學生錯誤地假設極限的表達式在 x=a 時有值，並代入它。

在教學上，這必須明確指出：極限是當 x 趨向 a 時的值，不是在 x=a 時的函數值。

此外，學生的結論 ""f(a)-f(a)=0"" 本身是正確的，但這不是連續性的證明；連續性需要極限。

但學生說 ""證明連續""，所以他們的整個推理是錯誤的。

現在，列出問題：

- 在代入 x=a 的步驟中，學生假設 (f(x)-f(a))/(x-a) 在 x=a 時有定義，但實際上，對於可導函數，這個分式在 x=a 時是未定式（0/0），沒有定義。因此，不能代入 x=a。

- 學生的結論 f(a)-f(a)=0 是正確的，但這不證明連續性；連續性需要 lim_{x->a} f(x) = f(a)，而學生的步驟沒有涉及極限。

在草稿中，學生說 ""代入 x=a 來得到 f(a)-f(a)=0""，但 f(a)-f(a) 是 0，這總是成立，所以他們的推理是：因為 f'(a) 是極限，所以代入 x=a 會給 0。但這邏輯錯誤。

所以，根本問題：學生沒有正確理解極限的定義。他們將極限的表達式誤解為一個在 x=a 時有值的函數。

根據規則：數學錯誤：斷言不成立、計算錯等。

這裡，斷言：代入 x=a 會給 f(a)-f(a)=0，但實際上，代入 x=a 時，表達式無義，所以不能給 0。

另一個點：學生說 ""proving continuity""，但他們的步驟沒有顯示任何極限，所以他們沒有證明連續性。

但問題是針對草稿的缺漏。

規則2：某一步結論依賴的事實沒有明說。

例如，由 cv=0 推 c=0 沒說 v≠0。

這裡，學生從 f'(a) = lim ... 代入 x=a 來得到 0。但代入 x=a 時，需要 (f(x)-f(a))/(x-a) 在 x=a 時有值，但實際上沒有。

所以，缺漏：學生沒有說明 (f(x)-f(a))/(x-a) 在 x=a 時有定義。

此外，學生的結論 f(a)-f(a)=0 是正確的，但這不是連續性的證明；他們需要證明 lim f(x) = f(a)。

但學生的草稿是 ""代入 x=a 來得到 f(a)-f(a)=0""，然後說 ""proving continuity""，所以他們的推理鏈斷了。

在教學上，這是一個常見錯誤。

現在，寫成 JSON 陣列。

我需要精確說明。

可能的問題：

1. 學生錯誤地假設分式 (f(x)-f(a))/(x-a) 在 x=a 時有定義，但實際上，對於可導函數，該分式在 x=a 時是未定式（0/0），沒有定義。

2. 學生的結論 f(a)-f(a)=0 本身是正確的，但這不證明連續性；連續性需要證明 lim_{x->a} f(x) = f(a)，而學生的步驟沒有涉及極限。

但問題是：學生的草稿是 ""代入 x=a 來得到 f(a)-f(a)=0""，所以他們的錯誤在於代入步驟。

另一個問題：學生說 ""substitute x=a""，但 x=a 時，分母為 0，所以代入無效。

在數學中，代入 x=a 到分式中是無意義的。

所以，核心錯誤：學生沒有區分極限和函數值；他們將極限的表達式視為一個在 x=a 時有值的函數。

具體到步驟：在 ""substitute x=a"" 這一步，學生假設 (f(x)-f(a))/(x-a) 在 x=a 時有值，但實際上沒有。

因此，缺漏：學生沒有明確指出 (f(x)-f(a))/(x-a) 在 x=a 時有定義。

此外，學生的結論 ""f(a)-f(a)=0"" 是正確的，但這不是連續性的證明；他們需要從極限推導。

但學生的草稿中，他們說 ""proving continuity""，所以整個證明是錯誤的。

我認為主要問題是代入步驟的錯誤。

讓我擬定問題：

- 在代入 x=a 的步驟中，學生假設 (f(x)-f(a))/(x-a) 在 x=a 時有定義，但實際上，該分式在 x=a 時是未定式（0/0），沒有定義。

- 學生的結論 f(a)-f(a)=0 不能用於證明連續性，因為連續性要求 lim_{x->a} f(x) = f(a)，而學生的步驟沒有考慮極限。

但第二點可能太泛。

規則：每項用一句話精確說明。

另外，題目說 ""題目只寫「遞增／increasing」而未寫「嚴格／strictly」時，一律按單調不減理解""，但這裡題目是可導和連續，不涉及遞增，所以不相關。

學生寫 ""單調不減"" 是精確，但這裡沒有。

現在，寫 JSON。

首先，問題1：學生錯誤地將極限的表達式 (f(x)-f(a))/(x-a) 視為在 x=a 時有定義的函數，但實際上，對於可導函數，該分式在 x=a 時是未定式（0/0），沒有定義。

問題2：學生的結論 f(a)-f(a)=0 是正確的，但這不等價於連續性；連續性需要 lim_{x->a} f(x) = f(a)，而學生的步驟沒有推導出這個極限。

但學生的草稿是 ""代入 x=a 來得到 f(a)-f(a)=0""，所以他們的錯誤在於代入步驟。

在教學上，這是一個標準錯誤：學生可能混淆了極限和函數值。

另一個點：學生說 ""substitute x=a""，但 x=a 時，f(x)-f(a) = 0，但 (x-a)=0，所以分式無義。

所以，精確問題：

1. 在 ""substitute x=a"" 這一步，學生假設 (f(x)-f(a))/(x-a) 在 x=a 時有值，但實際上，該分式在 x=a 時未定（0/0），沒有定義。

2. 學生的結論 f(a)-f(a)=0 不能直接證明連續性，因為連續性要求當 x 接近 a 時 f(x) 接近 f(a)，而學生的步驟沒有涉及極限。

但問題2可能不是必須的，因為學生的整個推理是錯誤的。

看參考解：參考解是正確的，學生的草稿是錯誤的。

我認為主要問題是第一點。

在規則中： ""由 cv=0 推 c=0 卻沒說 v≠0"" — 類似地，這裡學生沒有說分式在 x=a 時有定義。

所以，問題：學生沒有明確指出 (f(x)-f(a))/(x-a) 在 x=a 時有定義。

此外，學生的結論 f(a)-f(a)=0 是正確的，但這不是連續性的證明；他們需要證明 lim f(x) = f(a)。

但學生的草稿中，他們說 ""proving continuity""，所以他們的證明是不完整的。

為了嚴格，我列出：

- 學生在代入 x=a 時，假設 (f(x)-f(a))/(x-a) 在 x=a 時有定義，但實際上，對於可導函數，該分式在 x=a 時是未定式（0/0），沒有定義。

- 學生的結論 f(a)-f(a)=0 是正確的，但這不證明連續性；連續性需要證明 lim_{x->a} f(x) = f(a)，而學生的步驟沒有推導出這個極限。

但第二點可能太長。

或許只有一個問題。

在學生草稿中，他們說 ""substitute x=a to obtain f(a)-f(a)=0""，但 f(a)-f(a) 是 0，這在數學上是對的，但他們的 ""obtain"" 是錯誤的，因為代入無效。

所以，核心：學生錯誤地執行了代入操作。

在教學標準下，這是一個缺漏：學生沒有說明為什麼代入 x=a 會給 0；實際上，代入 x=a 時，表達式無義。

所以，問題：在 ""substitute x=a"" 這一步，學生沒有明確指出 (f(x)-f(a))/(x-a) 在 x=a 時有定義，因此代入無效。

此外，學生的結論 ""f(a)-f(a)=0"" 本身是正確的，但這不意味著連續性；他們需要從極限推導。

但對於這個問題，我認為主要問題是代入步驟的錯誤。

讓我寫成 JSON。

首先，問題：學生在代入 x=a 時，假設分式有定義，但實際上沒有。

用一句話：在代入 x=a 的步驟中，學生假設 (f(x)-f(a))/(x-a) 在 x=a 時有定義，但實際上，該分式在 x=a 時是未定式（0/0），沒有定義。

另一個問題：學生的證明沒有涉及極限，因此不能證明連續性。但學生的草稿是 ""代入 x=a 來得到 f(a)-f(a)=0""，然後說 ""proving continuity""，所以他們的推理鏈斷了。

但規則說： ""某一步結論依賴的事實沒有明說""。

例如，這裡，從 ""substitute x=a"" 來得到 0，但這依賴於分式在 x=a 時有值，但沒有明說。

所以，我認為一個問題就夠了。

但規則說 ""必須列出所有彼此獨立的根本問題""，所以可能有兩個。

試著寫：

1. 在 ""substitute x=a"" 這一步，學生沒有明確指出 (f(x)-f(a))/(x-a) 在 x=a 時有定義，因此代入操作無效。

2. 學生的結論 f(a)-f(a)=0 不能用於證明連續性，因為連續性要求 lim_{x->a} f(x) = f(a)，而學生的步驟沒有推導出這個極限。

但第二點可能不是學生的錯誤，而是他們的結論不正確。

在草稿中，他們說 ""proving continuity""，但他們的步驟是錯誤的，所以問題在於步驟。

另一個想法：學生說 ""substitute x=a to obtain f(a)-f(a)=0""，但 f(a)-f(a) 是 0，這總是成立，所以他們的 ""obtain"" 是無意義的，因為代入無效。

所以，核心問題是代入步驟的無效性。

我決定：主要問題是學生假設分式在 x=a 時有定義。

在 JSON 中，用中文？ 題目是中文，但輸出是 JSON 字串，內容用中文？ 看規則： ""只輸出 JSON 字串陣列""，但沒有指定語言。 用戶是中文，但 JSON 通常用英文？ 用戶消息是中文，但輸出應該是英文？ 等等。

看用戶消息： ""使用者會給你：題目、正確的參考解、學生寫的草稿或嘗試。"" 題目是中文，但參考解是英文？ 用戶寫 ""Problem: Prove that differentiability of f at a implies continuity at a."" 用英文。

學生草稿是英文。

所以，輸出應該用英文，因為是數學內容。

在規則中： ""每項用一句話精確說明""，用英文。

例如： ""In the step of substituting x=a, the student assumes that (f(x)-f(a))/(x-a) is defined at x=a, but it is undefined (0/0) for differentiable functions.""

但需要精確。

另外，題目說 ""題目只寫「遞增／increasing」""，但這裡不相關。

現在，寫問題。

問題1: 學生在代入 x=a 時，假設 (f(x)-f(a))/(x-a) 在 x=a 時有定義，但實際上，對於可導函數，該分式在 x=a 時是未定式（0/0），沒有定義。

問題2: 學生的結論 f(a)-f(a)=0 是正確的，但這不證明連續性；連續性需要 lim_{x->a} f(x) = f(a)，而學生的步驟沒有涉及極限。

但問題2 可能不是學生的錯誤，而是他們的證明不完整。

在教學上，學生可能沒有理解極限的定義。

我認為對於這個草稿，主要問題是代入步驟的錯誤。

讓我查一下標準教學。

在微積分中，常見錯誤：學生說 ""f'(a) = (f(a)-f(a))/(a-a)"" 但這無意義。

所以，問題：學生錯誤地將極限的表達式代入 x=a，因為極限的表達式只在 x 接近 a 時有定義，不是在 x=a 時。

所以，精確問題： ""The student incorrectly assumes that the expression (f(x)-f(a))/(x-a) is defined at x=a, but it is undefined there for differentiable functions.""

此外， ""The student's conclusion f(a)-f(a)=0 does not imply continuity, as continuity requires the limit of f(x) as x approaches a to equal f(a), which is not established.""

但為了簡潔。

規則： ""每項用一句話精確說明""

所以，我寫兩個問題。

第一個：在 ""substitute x=a"" 這一步，學生假設 (f(x)-f(a))/(x-a) 在 x=a 時有定義，但實際上，該分式在 x=a 時是未定式（0/0），沒有定義。

第二個：學生的結論 f(a)-f(a)=0 不能用於證明連續性，因為連續性需要 lim_{x->a} f(x) = f(a)，而學生的步驟沒有推導出這個極限。

在 JSON 中。

用英文。

""[""In the step of substituting x=a, the student assumes that (f(x)-f(a))/(x-a) is defined at x=a, but it is undefined (0/0) for differentiable functions."", ""The conclusion f(a)-f(a)=0 does not prove continuity, as continuity requires lim_{x->a} f(x) = f(a), which is not derived in the student's steps.""]""

但第二個可能太長，而且學生的草稿中，他們說 ""proving continuity""，所以他們的證明是錯誤的。

另一個點：學生說 ""substitute x=a to obtain f(a)-f(a)=0""，但 f(a)-f(a) 是 0，這在數學上是對的，但他們的 ""obtain"" 是錯誤的，因為代入無效。

所以，問題是代入操作無效。

我認為一個問題就夠了：學生沒有說明分式在 x=a 時有定義。

在教學上，這是一個缺漏。

例如，類似 ""由 cv=0 推 c=0 卻沒說 v≠0""。

這裡，由分式在 x=a 時有值推 f(a)-f(a)=0，但沒有說分式在 x=a 時有值。

所以，問題：學生沒有明確指出 (f(x)-f(a))/(x-a) 在 x=a 時有定義。

因此，JSON: [""The student does not specify that (f(x)-f(a))/(x-a) is defined at x=a, which is necessary for the substitution to be valid.""]

但需要更精確。

""在代入 x=a 的步驟中，學生沒有明確指出 (f(x)-f(a))/(x-a) 在 x=a 時有定義，因此代入操作無效。""

用英文: ""In the substitution step at x=a, the student does not explicitly state that (f(x)-f(a))/(x-a) is defined at x=a, which is required for the substitution to be valid.""

是的。

另外，學生的結論 f(a)-f(a)=0 是正確的，但這不證明連續性，但學生的草稿中，他們說 ""proving continuity""，所以他們的證明是錯誤的，但問題是針對草稿的缺漏。

我認為對於這個，一個問題就夠了。

但規則說 ""必須列出所有彼此獨立的根本問題""，所以可能有兩個。

試著寫兩個。

1. 學生錯誤地假設 (f(x)-f(a))/(x-a) 在 x=a 時有定義，但實際上，對於可導函數，該分式在 x=a 時是未定式（0/0），沒有定義。

2. 學生的結論 f(a)-f(a)=0 不能用於證明連續性，因為連續性需要極限，而學生的步驟沒有涉及極限。

在 JSON 中。

用英文。

[""The student incorrectly assumes that (f(x)-f(a))/(x-a) is defined at x=a, but it is undefined (0/0) for differentiable functions."", ""The conclusion f(a)-f(a)=0 does not imply continuity, as continuity requires the limit of f(x) as x approaches a to equal f(a), which is not addressed in the student's proof.""]

但第二個問題是學生的結論不正確，但 f(a)-f(a)=0 是正確的，只是不夠。

在上下文中，學生說 ""proving continuity""，所以他們的證明是無效的。

我認為這兩個問題。

為了安全，我寫一個。

看參考解：參考解是正確的，學生的草稿是錯誤的。

在學生草稿中，他們說 ""substitute x=a""，但 x=a 時，f(x) 是 f(a)，但分式無義。

所以，問題：學生沒有考慮到分式在 x=a 時無義。

最終決定：一個問題就夠了。

JSON: [""In the substitution step, the student assumes that (f(x)-f(a))/(x-a) is defined at x=a, but it is undefined there for differentiable functions.""]

但規則說 ""必須列出所有""，所以如果只有一個，就輸出一個。

在草稿中，他們說 ""obtain f(a)-f(a)=0""，但 f(a)-f(a) 是 0，這在數學上是對的，但他們的 ""obtain"" 是錯誤的。

所以，問題是代入無效。

我認為這是主要問題。

另外，學生的證明沒有使用極限，但他們的草稿是 ""substitute x=a""，所以他們可能意圖從極限推導，但錯誤地代入。

在教學上，這是一個標準錯誤。

我將輸出一個問題。

但規則說 ""完全沒有問題就輸出空陣列""，這裡有問題。

所以，JSON: [""The student does not specify that the expression (f(x)-f(a))/(x-a) is defined at x=a, which is necessary for the substitution to be valid.""]

用更精確的語言。

""在代入 x=a 的步驟中，學生沒有明確指出 (f(x)-f(a))/(x-a) 在 x=a 時有定義，因此代入操作無效。""

英文: ""In the step of substituting x=a, the student does not explicitly state that (f(x)-f(a))/(x-a) is defined at x=a, making the substitution invalid.""

是的。

為了更嚴格， ""for differentiable functions, (f(x)-f(a))/(x-a) is undefined at x=a.""

但學生的草稿是針對可導函數，所以隱含。

在問題中，學生說 ""differentiability of f at a implies continuity"", 所以假設 f 可導 at a.

所以， (f(x)-f(a))/(x-a) 在 x=a 時無義。

所以，問題：學生沒有說明分式在 x=a 時有定義。

我認為這就夠了。

所以，JSON: [""In the substitution step at x=a, the student assumes the expression (f(x)-f(a))/(x-a) is defined, but it is undefined for differentiable functions.""]

但 ""assumes"" 可能不準確；學生沒有明說，但他們假設了。

規則2: ""某一步結論依賴的事實沒有明說"" — 這裡，結論 f(a)-f(a)=0 依賴於分式在 x=a 時有值，但沒有明說。

所以， ""The student's conclusion that f(a)-f(a)=0 depends on the expression (f(x)-f(a))/(x-a) being defined at x=a, but this is not stated.""

是的。

在教學上，這是一個缺漏。

所以，我將用這個。

最終 JSON: [""The student's conclusion f(a)-f(a)=0 depends on the expression (f(x)-f(a))/(x-a) being defined at x=a, but this is not explicitly stated in the proof.""]

為了更精確。

""在代入 x=a 的步驟中，學生沒有明確指出 (f(x)-f(a))/(x-a) 在 x=a 時有定義，因此不能代入得到 f(a)-f(a)=0。""

英文: ""The student does not explicitly state that (f(x)-f(a))/(x-a) is defined at x=a, which is necessary for the substitution to yield f(a)-f(a)=0.""

但 f(a)-f(a)=0 本身是 0，但代入無效。

我認為這就夠了。

我決定用: [""In the substitution step, the student assumes that (f(x)-f(a))/(x-a) is defined at x=a, but it is undefined for differentiable functions.""]

但 ""assumes"" 可能不對；學生沒有說，但他們做代入，所以他們假設了。

在教學標準，這是一個缺漏。

另一個方式: 學生的證明缺少了極限的處理。

但學生的草稿是 ""substitute x=a""，所以他們可能想直接代入。

我將輸出一個問題。

所以，JSON: [""The student incorrectly substitutes x=a into the expression (f(x)-f(a))/(x-a) without verifying that it is defined at x=a, which it is not for differentiable functions.""]

是的。

用這個。

為了符合規則。

""必須列出所有彼此獨立的根本問題"" — 這裡可能只有一個。

所以，我輸出 [""The student does not specify that (f(x)-f(a))/(x-a) is defined at x=a, which is required for the substitution to be valid.""]

在中文? 但用戶是中文，但輸出是 JSON 字串，內容用英文? 用戶消息是中文，但參考解是英文，所以可能用英文。

看規則: ""只輸出 JSON 字串陣列""，沒有指定語言，但數學內容通常用英文。

在之前的例子，可能用英文。

我用英文。

最終決定: [""In the step where the student substitutes x=a, they assume that (f(x)-f(a))/(x-a) is defined at x=a, but it is undefined (0/0) for differentiable functions.""]

但 ""0/0"" 可能不必要。

簡單: [""The student assumes (f(x)-f(a))/(x-a) is defined at x=a without justification, but it is undefined for differentiable functions.""]

是的。

我將用這個。
[""In the substitution step where the student substitutes x=a, they assume that (f(x)-f(a))/(x-a) is defined at x=a without justification, but it is undefined for differentiable functions.""]",534,6885,0.335861537,43.17784262100008,False,stop,1.0,"首先，我需要理解題目：證明 f 在 a 點可導 implies f 在 a 點連續。

參考解是：寫 f(x) - f(a) = [(f(x)-f(a))/(x-a)] * (x-a) 對於 x ≠ a，然後取極限；兩個因子分別趨向 f'(a) 和 0。

學生的草稿：因為 f'(a) = lim_{x->a} (f(x)-f(a))/(x-a)，代入 x=a 來得到 f(a)-f(a)=0，證明連續。

現在，我必須嚴格審閱學生的草稿，找出缺漏或錯誤，按照教學標準。

關鍵點：學生說 ""代入 x=a"" 來得到 f(a)-f(a)=0。但 f'(a) 是極限，不是函數本身。極限是當 x 趨向 a 時的值，但當 x=a 時，(f(x)-f(a))/(x-a) 是未定式（0/0），在 x=a 處沒有定義。所以，學生錯誤地將極限的表達式代入 x=a，這在數學上是不正確的。

具體來說：f'(a) 是 lim_{x->a} [f(x)-f(f(a))]/(x-a)，但這個極限只在 x 接近 a 時有定義，當 x=a 時，分母為 0，所以 (f(x)-f(a))/(x-a) 在 x=a 處沒有值。學生說 ""代入 x=a"" 來得到 f(a)-f(a)=0，這顯然是錯的，因為當 x=a 時，這個表達式是未定式，不是 0。

在參考解中，他們寫 f(x)-f(a) = [(f(x)-f(a))/(x-a)] * (x-a) 對於 x ≠ a，然後取極限。學生的草稿直接代入 x=a，但 x=a 時，這個等式不成立，因為分母為 0。

學生的步驟：從 f'(a) = lim_{x->a} [f(x)-f(a)]/(x-a) 代入 x=a。但極限是當 x 趨向 a 時的值，不是函數在 x=a 的值。所以，代入 x=a 是錯誤的。

此外，學生說 ""代入 x=a 來得到 f(a)-f(a)=0""，但 f(a)-f(a) 是 0，這本身是對的，但問題在於：這個 0 是從哪裡來的？學生暗示從極限的表達式代入 x=a 來得到，但極限的表達式在 x=a 時沒有定義。

更精確地說：學生的錯誤在於假設 (f(x)-f(a))/(x-a) 在 x=a 時有值，但實際上，這個分式在 x=a 時是未定式，所以不能代入 x=a。

在教學上，這是一個常見的錯誤：學生可能混淆了極限和函數值。

現在，檢查是否有其他問題。

學生說 ""證明連續""，但他們的步驟是：代入 x=a 來得到 0，但這沒有直接證明連續。連續性需要 lim_{x->a} f(x) = f(a)。

在學生的草稿中，他們沒有提到極限；他們直接代入 x=a 來得到 f(a)-f(a)=0，但這不是連續性的證明。連續性是關於當 x 接近 a 時 f(x) 接近 f(a)，而不是在 x=a 時的值。

學生的表述：""代入 x=a 來得到 f(a)-f(a)=0"" — 這看起來像是在說 f(a) - f(a) = 0，但這總是成立的，與可導無關。他們的邏輯是：因為 f'(a) 是極限，所以代入 x=a 會給 0，但這不正確。

具體錯誤：學生錯誤地將極限的表達式視為一個函數，並在 x=a 處評估它。但極限的表達式是當 x 接近 a 時的行為，不是在 x=a 的點值。

所以，根本問題：學生沒有區分極限和函數值。他們假設 (f(x)-f(a))/(x-a) 在 x=a 時有定義，但實際上，對於可導函數，這個分式在 x=a 時是未定式，沒有定義。

此外，學生的結論 ""f(a)-f(a)=0"" 是正確的，但這不是連續性的證明；連續性需要 lim_{x->a} f(x) = f(a)。

在草稿中，學生說 ""證明連續""，但他們的步驟沒有顯示任何極限；他們只是代入 x=a 來得到 0，這不涉及極限。

所以，問題有兩點：

1. 代入 x=a 是錯誤的，因為 (f(x)-f(a))/(x-a) 在 x=a 時未定。

2. 他們沒有證明 lim_{x->a} f(x) = f(a)；他們只得到了 f(a)-f(a)=0，這總是成立的，與可導無關。

但問題是：學生的草稿是 ""代入 x=a 來得到 f(a)-f(a)=0""，但 f(a)-f(a) 是 0，這在數學上是對的，但上下文錯誤。

在教學標準下，這是一個缺漏：學生沒有說明為什麼代入 x=a 會給 0。實際上，代入 x=a 時，分式無義，所以不能代入。

另一個角度：學生可能意指從極限的定義推導，但他們的步驟不正確。

參考解是正確的：他們寫 f(x)-f(a) = [ (f(x)-f(a))/(x-a) ] * (x-a) 對於 x ≠ a，然後取極限 x->a，得到 lim [f(x)-f(a)] = f'(a) * 0 = 0，所以 lim f(x) = f(a)。

學生的草稿：從 f'(a) = lim [f(x)-f(a)]/(x-a) 代入 x=a。但這不是標準做法；極限不是函數。

所以，具體錯誤：學生錯誤地假設極限的表達式在 x=a 時有值，並代入它。

在教學上，這必須明確指出：極限是當 x 趨向 a 時的值，不是在 x=a 時的函數值。

此外，學生的結論 ""f(a)-f(a)=0"" 本身是正確的，但這不是連續性的證明；連續性需要極限。

但學生說 ""證明連續""，所以他們的整個推理是錯誤的。

現在，列出問題：

- 在代入 x=a 的步驟中，學生假設 (f(x)-f(a))/(x-a) 在 x=a 時有定義，但實際上，對於可導函數，這個分式在 x=a 時是未定式（0/0），沒有定義。因此，不能代入 x=a。

- 學生的結論 f(a)-f(a)=0 是正確的，但這不證明連續性；連續性需要 lim_{x->a} f(x) = f(a)，而學生的步驟沒有涉及極限。

在草稿中，學生說 ""代入 x=a 來得到 f(a)-f(a)=0""，但 f(a)-f(a) 是 0，這總是成立，所以他們的推理是：因為 f'(a) 是極限，所以代入 x=a 會給 0。但這邏輯錯誤。

所以，根本問題：學生沒有正確理解極限的定義。他們將極限的表達式誤解為一個在 x=a 時有值的函數。

根據規則：數學錯誤：斷言不成立、計算錯等。

這裡，斷言：代入 x=a 會給 f(a)-f(a)=0，但實際上，代入 x=a 時，表達式無義，所以不能給 0。

另一個點：學生說 ""proving continuity""，但他們的步驟沒有顯示任何極限，所以他們沒有證明連續性。

但問題是針對草稿的缺漏。

規則2：某一步結論依賴的事實沒有明說。

例如，由 cv=0 推 c=0 沒說 v≠0。

這裡，學生從 f'(a) = lim ... 代入 x=a 來得到 0。但代入 x=a 時，需要 (f(x)-f(a))/(x-a) 在 x=a 時有值，但實際上沒有。

所以，缺漏：學生沒有說明 (f(x)-f(a))/(x-a) 在 x=a 時有定義。

此外，學生的結論 f(a)-f(a)=0 是正確的，但這不是連續性的證明；他們需要證明 lim f(x) = f(a)。

但學生的草稿是 ""代入 x=a 來得到 f(a)-f(a)=0""，然後說 ""proving continuity""，所以他們的推理鏈斷了。

在教學上，這是一個常見錯誤。

現在，寫成 JSON 陣列。

我需要精確說明。

可能的問題：

1. 學生錯誤地假設分式 (f(x)-f(a))/(x-a) 在 x=a 時有定義，但實際上，對於可導函數，該分式在 x=a 時是未定式（0/0），沒有定義。

2. 學生的結論 f(a)-f(a)=0 本身是正確的，但這不證明連續性；連續性需要證明 lim_{x->a} f(x) = f(a)，而學生的步驟沒有涉及極限。

但問題是：學生的草稿是 ""代入 x=a 來得到 f(a)-f(a)=0""，所以他們的錯誤在於代入步驟。

另一個問題：學生說 ""substitute x=a""，但 x=a 時，分母為 0，所以代入無效。

在數學中，代入 x=a 到分式中是無意義的。

所以，核心錯誤：學生沒有區分極限和函數值；他們將極限的表達式視為一個在 x=a 時有值的函數。

具體到步驟：在 ""substitute x=a"" 這一步，學生假設 (f(x)-f(a))/(x-a) 在 x=a 時有值，但實際上沒有。

因此，缺漏：學生沒有明確指出 (f(x)-f(a))/(x-a) 在 x=a 時有定義。

此外，學生的結論 ""f(a)-f(a)=0"" 是正確的，但這不是連續性的證明；他們需要從極限推導。

但學生的草稿中，他們說 ""proving continuity""，所以整個證明是錯誤的。

我認為主要問題是代入步驟的錯誤。

讓我擬定問題：

- 在代入 x=a 的步驟中，學生假設 (f(x)-f(a))/(x-a) 在 x=a 時有定義，但實際上，該分式在 x=a 時是未定式（0/0），沒有定義。

- 學生的結論 f(a)-f(a)=0 不能用於證明連續性，因為連續性要求 lim_{x->a} f(x) = f(a)，而學生的步驟沒有考慮極限。

但第二點可能太泛。

規則：每項用一句話精確說明。

另外，題目說 ""題目只寫「遞增／increasing」而未寫「嚴格／strictly」時，一律按單調不減理解""，但這裡題目是可導和連續，不涉及遞增，所以不相關。

學生寫 ""單調不減"" 是精確，但這裡沒有。

現在，寫 JSON。

首先，問題1：學生錯誤地將極限的表達式 (f(x)-f(a))/(x-a) 視為在 x=a 時有定義的函數，但實際上，對於可導函數，該分式在 x=a 時是未定式（0/0），沒有定義。

問題2：學生的結論 f(a)-f(a)=0 是正確的，但這不等價於連續性；連續性需要 lim_{x->a} f(x) = f(a)，而學生的步驟沒有推導出這個極限。

但學生的草稿是 ""代入 x=a 來得到 f(a)-f(a)=0""，所以他們的錯誤在於代入步驟。

在教學上，這是一個標準錯誤：學生可能混淆了極限和函數值。

另一個點：學生說 ""substitute x=a""，但 x=a 時，f(x)-f(a) = 0，但 (x-a)=0，所以分式無義。

所以，精確問題：

1. 在 ""substitute x=a"" 這一步，學生假設 (f(x)-f(a))/(x-a) 在 x=a 時有值，但實際上，該分式在 x=a 時未定（0/0），沒有定義。

2. 學生的結論 f(a)-f(a)=0 不能直接證明連續性，因為連續性要求當 x 接近 a 時 f(x) 接近 f(a)，而學生的步驟沒有涉及極限。

但問題2可能不是必須的，因為學生的整個推理是錯誤的。

看參考解：參考解是正確的，學生的草稿是錯誤的。

我認為主要問題是第一點。

在規則中： ""由 cv=0 推 c=0 卻沒說 v≠0"" — 類似地，這裡學生沒有說分式在 x=a 時有定義。

所以，問題：學生沒有明確指出 (f(x)-f(a))/(x-a) 在 x=a 時有定義。

此外，學生的結論 f(a)-f(a)=0 是正確的，但這不是連續性的證明；他們需要證明 lim f(x) = f(a)。

但學生的草稿中，他們說 ""proving continuity""，所以他們的證明是不完整的。

為了嚴格，我列出：

- 學生在代入 x=a 時，假設 (f(x)-f(a))/(x-a) 在 x=a 時有定義，但實際上，對於可導函數，該分式在 x=a 時是未定式（0/0），沒有定義。

- 學生的結論 f(a)-f(a)=0 是正確的，但這不證明連續性；連續性需要證明 lim_{x->a} f(x) = f(a)，而學生的步驟沒有推導出這個極限。

但第二點可能太長。

或許只有一個問題。

在學生草稿中，他們說 ""substitute x=a to obtain f(a)-f(a)=0""，但 f(a)-f(a) 是 0，這在數學上是對的，但他們的 ""obtain"" 是錯誤的，因為代入無效。

所以，核心：學生錯誤地執行了代入操作。

在教學標準下，這是一個缺漏：學生沒有說明為什麼代入 x=a 會給 0；實際上，代入 x=a 時，表達式無義。

所以，問題：在 ""substitute x=a"" 這一步，學生沒有明確指出 (f(x)-f(a))/(x-a) 在 x=a 時有定義，因此代入無效。

此外，學生的結論 ""f(a)-f(a)=0"" 本身是正確的，但這不意味著連續性；他們需要從極限推導。

但對於這個問題，我認為主要問題是代入步驟的錯誤。

讓我寫成 JSON。

首先，問題：學生在代入 x=a 時，假設分式有定義，但實際上沒有。

用一句話：在代入 x=a 的步驟中，學生假設 (f(x)-f(a))/(x-a) 在 x=a 時有定義，但實際上，該分式在 x=a 時是未定式（0/0），沒有定義。

另一個問題：學生的證明沒有涉及極限，因此不能證明連續性。但學生的草稿是 ""代入 x=a 來得到 f(a)-f(a)=0""，然後說 ""proving continuity""，所以他們的推理鏈斷了。

但規則說： ""某一步結論依賴的事實沒有明說""。

例如，這裡，從 ""substitute x=a"" 來得到 0，但這依賴於分式在 x=a 時有值，但沒有明說。

所以，我認為一個問題就夠了。

但規則說 ""必須列出所有彼此獨立的根本問題""，所以可能有兩個。

試著寫：

1. 在 ""substitute x=a"" 這一步，學生沒有明確指出 (f(x)-f(a))/(x-a) 在 x=a 時有定義，因此代入操作無效。

2. 學生的結論 f(a)-f(a)=0 不能用於證明連續性，因為連續性要求 lim_{x->a} f(x) = f(a)，而學生的步驟沒有推導出這個極限。

但第二點可能不是學生的錯誤，而是他們的結論不正確。

在草稿中，他們說 ""proving continuity""，但他們的步驟是錯誤的，所以問題在於步驟。

另一個想法：學生說 ""substitute x=a to obtain f(a)-f(a)=0""，但 f(a)-f(a) 是 0，這總是成立，所以他們的 ""obtain"" 是無意義的，因為代入無效。

所以，核心問題是代入步驟的無效性。

我決定：主要問題是學生假設分式在 x=a 時有定義。

在 JSON 中，用中文？ 題目是中文，但輸出是 JSON 字串，內容用中文？ 看規則： ""只輸出 JSON 字串陣列""，但沒有指定語言。 用戶是中文，但 JSON 通常用英文？ 用戶消息是中文，但輸出應該是英文？ 等等。

看用戶消息： ""使用者會給你：題目、正確的參考解、學生寫的草稿或嘗試。"" 題目是中文，但參考解是英文？ 用戶寫 ""Problem: Prove that differentiability of f at a implies continuity at a."" 用英文。

學生草稿是英文。

所以，輸出應該用英文，因為是數學內容。

在規則中： ""每項用一句話精確說明""，用英文。

例如： ""In the step of substituting x=a, the student assumes that (f(x)-f(a))/(x-a) is defined at x=a, but it is undefined (0/0) for differentiable functions.""

但需要精確。

另外，題目說 ""題目只寫「遞增／increasing」""，但這裡不相關。

現在，寫問題。

問題1: 學生在代入 x=a 時，假設 (f(x)-f(a))/(x-a) 在 x=a 時有定義，但實際上，對於可導函數，該分式在 x=a 時是未定式（0/0），沒有定義。

問題2: 學生的結論 f(a)-f(a)=0 是正確的，但這不證明連續性；連續性需要 lim_{x->a} f(x) = f(a)，而學生的步驟沒有涉及極限。

但問題2 可能不是學生的錯誤，而是他們的證明不完整。

在教學上，學生可能沒有理解極限的定義。

我認為對於這個草稿，主要問題是代入步驟的錯誤。

讓我查一下標準教學。

在微積分中，常見錯誤：學生說 ""f'(a) = (f(a)-f(a))/(a-a)"" 但這無意義。

所以，問題：學生錯誤地將極限的表達式代入 x=a，因為極限的表達式只在 x 接近 a 時有定義，不是在 x=a 時。

所以，精確問題： ""The student incorrectly assumes that the expression (f(x)-f(a))/(x-a) is defined at x=a, but it is undefined there for differentiable functions.""

此外， ""The student's conclusion f(a)-f(a)=0 does not imply continuity, as continuity requires the limit of f(x) as x approaches a to equal f(a), which is not established.""

但為了簡潔。

規則： ""每項用一句話精確說明""

所以，我寫兩個問題。

第一個：在 ""substitute x=a"" 這一步，學生假設 (f(x)-f(a))/(x-a) 在 x=a 時有定義，但實際上，該分式在 x=a 時是未定式（0/0），沒有定義。

第二個：學生的結論 f(a)-f(a)=0 不能用於證明連續性，因為連續性需要 lim_{x->a} f(x) = f(a)，而學生的步驟沒有推導出這個極限。

在 JSON 中。

用英文。

""[""In the step of substituting x=a, the student assumes that (f(x)-f(a))/(x-a) is defined at x=a, but it is undefined (0/0) for differentiable functions."", ""The conclusion f(a)-f(a)=0 does not prove continuity, as continuity requires lim_{x->a} f(x) = f(a), which is not derived in the student's steps.""]""

但第二個可能太長，而且學生的草稿中，他們說 ""proving continuity""，所以他們的證明是錯誤的。

另一個點：學生說 ""substitute x=a to obtain f(a)-f(a)=0""，但 f(a)-f(a) 是 0，這在數學上是對的，但他們的 ""obtain"" 是錯誤的，因為代入無效。

所以，問題是代入操作無效。

我認為一個問題就夠了：學生沒有說明分式在 x=a 時有定義。

在教學上，這是一個缺漏。

例如，類似 ""由 cv=0 推 c=0 卻沒說 v≠0""。

這裡，由分式在 x=a 時有值推 f(a)-f(a)=0，但沒有說分式在 x=a 時有值。

所以，問題：學生沒有明確指出 (f(x)-f(a))/(x-a) 在 x=a 時有定義。

因此，JSON: [""The student does not specify that (f(x)-f(a))/(x-a) is defined at x=a, which is necessary for the substitution to be valid.""]

但需要更精確。

""在代入 x=a 的步驟中，學生沒有明確指出 (f(x)-f(a))/(x-a) 在 x=a 時有定義，因此代入操作無效。""

用英文: ""In the substitution step at x=a, the student does not explicitly state that (f(x)-f(a))/(x-a) is defined at x=a, which is required for the substitution to be valid.""

是的。

另外，學生的結論 f(a)-f(a)=0 是正確的，但這不證明連續性，但學生的草稿中，他們說 ""proving continuity""，所以他們的證明是錯誤的，但問題是針對草稿的缺漏。

我認為對於這個，一個問題就夠了。

但規則說 ""必須列出所有彼此獨立的根本問題""，所以可能有兩個。

試著寫兩個。

1. 學生錯誤地假設 (f(x)-f(a))/(x-a) 在 x=a 時有定義，但實際上，對於可導函數，該分式在 x=a 時是未定式（0/0），沒有定義。

2. 學生的結論 f(a)-f(a)=0 不能用於證明連續性，因為連續性需要極限，而學生的步驟沒有涉及極限。

在 JSON 中。

用英文。

[""The student incorrectly assumes that (f(x)-f(a))/(x-a) is defined at x=a, but it is undefined (0/0) for differentiable functions."", ""The conclusion f(a)-f(a)=0 does not imply continuity, as continuity requires the limit of f(x) as x approaches a to equal f(a), which is not addressed in the student's proof.""]

但第二個問題是學生的結論不正確，但 f(a)-f(a)=0 是正確的，只是不夠。

在上下文中，學生說 ""proving continuity""，所以他們的證明是無效的。

我認為這兩個問題。

為了安全，我寫一個。

看參考解：參考解是正確的，學生的草稿是錯誤的。

在學生草稿中，他們說 ""substitute x=a""，但 x=a 時，f(x) 是 f(a)，但分式無義。

所以，問題：學生沒有考慮到分式在 x=a 時無義。

最終決定：一個問題就夠了。

JSON: [""In the substitution step, the student assumes that (f(x)-f(a))/(x-a) is defined at x=a, but it is undefined there for differentiable functions.""]

但規則說 ""必須列出所有""，所以如果只有一個，就輸出一個。

在草稿中，他們說 ""obtain f(a)-f(a)=0""，但 f(a)-f(a) 是 0，這在數學上是對的，但他們的 ""obtain"" 是錯誤的。

所以，問題是代入無效。

我認為這是主要問題。

另外，學生的證明沒有使用極限，但他們的草稿是 ""substitute x=a""，所以他們可能意圖從極限推導，但錯誤地代入。

在教學上，這是一個標準錯誤。

我將輸出一個問題。

但規則說 ""完全沒有問題就輸出空陣列""，這裡有問題。

所以，JSON: [""The student does not specify that the expression (f(x)-f(a))/(x-a) is defined at x=a, which is necessary for the substitution to be valid.""]

用更精確的語言。

""在代入 x=a 的步驟中，學生沒有明確指出 (f(x)-f(a))/(x-a) 在 x=a 時有定義，因此代入操作無效。""

英文: ""In the step of substituting x=a, the student does not explicitly state that (f(x)-f(a))/(x-a) is defined at x=a, making the substitution invalid.""

是的。

為了更嚴格， ""for differentiable functions, (f(x)-f(a))/(x-a) is undefined at x=a.""

但學生的草稿是針對可導函數，所以隱含。

在問題中，學生說 ""differentiability of f at a implies continuity"", 所以假設 f 可導 at a.

所以， (f(x)-f(a))/(x-a) 在 x=a 時無義。

所以，問題：學生沒有說明分式在 x=a 時有定義。

我認為這就夠了。

所以，JSON: [""In the substitution step at x=a, the student assumes the expression (f(x)-f(a))/(x-a) is defined, but it is undefined for differentiable functions.""]

但 ""assumes"" 可能不準確；學生沒有明說，但他們假設了。

規則2: ""某一步結論依賴的事實沒有明說"" — 這裡，結論 f(a)-f(a)=0 依賴於分式在 x=a 時有值，但沒有明說。

所以， ""The student's conclusion that f(a)-f(a)=0 depends on the expression (f(x)-f(a))/(x-a) being defined at x=a, but this is not stated.""

是的。

在教學上，這是一個缺漏。

所以，我將用這個。

最終 JSON: [""The student's conclusion f(a)-f(a)=0 depends on the expression (f(x)-f(a))/(x-a) being defined at x=a, but this is not explicitly stated in the proof.""]

為了更精確。

""在代入 x=a 的步驟中，學生沒有明確指出 (f(x)-f(a))/(x-a) 在 x=a 時有定義，因此不能代入得到 f(a)-f(a)=0。""

英文: ""The student does not explicitly state that (f(x)-f(a))/(x-a) is defined at x=a, which is necessary for the substitution to yield f(a)-f(a)=0.""

但 f(a)-f(a)=0 本身是 0，但代入無效。

我認為這就夠了。

我決定用: [""In the substitution step, the student assumes that (f(x)-f(a))/(x-a) is defined at x=a, but it is undefined for differentiable functions.""]

但 ""assumes"" 可能不對；學生沒有說，但他們做代入，所以他們假設了。

在教學標準，這是一個缺漏。

另一個方式: 學生的證明缺少了極限的處理。

但學生的草稿是 ""substitute x=a""，所以他們可能想直接代入。

我將輸出一個問題。

所以，JSON: [""The student incorrectly substitutes x=a into the expression (f(x)-f(a))/(x-a) without verifying that it is defined at x=a, which it is not for differentiable functions.""]

是的。

用這個。

為了符合規則。

""必須列出所有彼此獨立的根本問題"" — 這裡可能只有一個。

所以，我輸出 [""The student does not specify that (f(x)-f(a))/(x-a) is defined at x=a, which is required for the substitution to be valid.""]

在中文? 但用戶是中文，但輸出是 JSON 字串，內容用英文? 用戶消息是中文，但參考解是英文，所以可能用英文。

看規則: ""只輸出 JSON 字串陣列""，沒有指定語言，但數學內容通常用英文。

在之前的例子，可能用英文。

我用英文。

最終決定: [""In the step where the student substitutes x=a, they assume that (f(x)-f(a))/(x-a) is defined at x=a, but it is undefined (0/0) for differentiable functions.""]

但 ""0/0"" 可能不必要。

簡單: [""The student assumes (f(x)-f(a))/(x-a) is defined at x=a without justification, but it is undefined for differentiable functions.""]

是的。

我將用這個。",,,,True,False,True,True,single_analyst_semantic_adjudication,Root issue is present and the required structured output parses.
Base-Thinking reviewer,R5,uniform continuity,"Heine-Cantor requires a compact domain; (0,1) is not compact.","['The claim that every continuous function on an interval is uniformly continuous is false, as counterexamples exist such as f(x) = 1/x on (0,1).', 'Heine-Cantor theorem requires the domain to be compact, but (0,1) is not compact, so its premise is not satisfied.']",True,True,True,True,"[""The claim that every continuous function on an interval is uniformly continuous is false, as counterexamples exist such as f(x) = 1/x on (0,1)."", ""Heine-Cantor theorem requires the domain to be compact, but (0,1) is not compact, so its premise is not satisfied.""]","首先，問題是：判斷是否每個在 (0,1) 上的連續函數都是 uniformly continuous。參考解說這個陳述是假的，因為 f(x)=1/x 在 (0,1) 上連續但不 uniformly continuous。

學生的草稿是：Every continuous function on an interval is uniformly continuous, so continuity on (0,1) is enough by Heine-Cantor.

我需要根據嚴格的教學標準來審閱學生的草稿，找出缺漏或錯誤。

關鍵點：
- 題目說 ""遞增／increasing"" 但這裡是 ""uniformly continuous""，所以不直接相關。題目是關於 uniform continuity，不是 monotonicity。
- 學生說：每個在區間上的連續函數都是 uniformly continuous，所以 (0,1) 上的連續函數只需用 Heine-Cantor 定理就夠了。

Heine-Cantor 定理：它說如果一個函數在緊緻集上連續，那麼它是 uniformly continuous。但 (0,1) 不是緊緻集，因為它是開區間，不包含端點。

學生的錯誤在於：Heine-Cantor 定理適用於緊緻區間，而不是開區間。例如，[0,1] 是緊緻的，但 (0,1) 不是。

學生的陳述：""Every continuous function on an interval is uniformly continuous"" – 這不正確。因為有開區間，比如 (0,1)，連續函數不一定 uniform continuous。例如 f(x)=1/x 在 (0,1) 上連續但不 uniform continuous。

學生說 ""so continuity on (0,1) is enough by Heine-Cantor"" – 但 Heine-Cantor 要求區間是緊緻的，而 (0,1) 不是緊緻的，所以不能直接應用。

具體缺漏：
1. 學生假設了 ""every continuous function on an interval is uniformly continuous""，但這不是真的。例如，開區間上的連續函數可能不 uniform continuous。
2. 他提到 Heine-Cantor，但 Heine-Cantor 定理的條件是函數在緊緻集上連續，而 (0,1) 不是緊緻集，所以不能用。

在教學標準下：
- 數學錯誤：斷言不成立。學生斷言 ""every continuous function on an interval is uniformly continuous""，但這錯誤，因為有反例（如 (0,1) 上的 1/x）。
- 依據缺漏：學生說 ""by Heine-Cantor""，但沒有說明 Heine-Cantor 的前提（區間必須緊緻），而 (0,1) 不是緊緻的，所以前提不滿足。

另外，題目是 (0,1)，是開區間，不是閉區間。

學生的草稿中，他說 ""on an interval""，但沒有指定是開還是閉。在數學中，""interval"" 可以是開、閉、半開等。但 Heine-Cantor 通常針對緊緻區間（如閉區間）。

關鍵錯誤：學生誤以為所有區間上的連續函數都是 uniform continuous，但這不正確。

在參考解中，它說 f(x)=1/x 在 (0,1) 上連續但不 uniform continuous，所以學生的陳述是錯誤的。

現在，列出問題點：

1. 學生斷言 ""every continuous function on an interval is uniformly continuous"" – 這斷言不成立，因為存在反例（如 (0,1) 上的 1/x）。所以這是數學錯誤：斷言不成立。

2. 學生說 ""so continuity on (0,1) is enough by Heine-Cantor"" – 但 Heine-Cantor 定理要求區間是緊緻的，而 (0,1) 不是緊緻的（因為開區間），所以不能應用 Heine-Cantor。學生沒有說明 Heine-Cantor 的前提條件（緊緻性），因此是依據缺漏。

另外，學生說 ""on an interval""，但 (0,1) 是開區間，不是緊緻的，所以即使他說 ""on an interval""，也沒有指定是緊緻的區間。

在教學中，學生必須明確區間是否緊緻。

問題點必須是獨立的：

- 第一個問題：學生的斷言 ""every continuous function on an interval is uniformly continuous"" 是錯誤的。因為在開區間上，連續函數不一定 uniform continuous。例如，(0,1) 上的 1/x。

- 第二個問題：學生想用 Heine-Cantor，但 Heine-Cantor 需要緊緻集，而 (0,1) 不是緊緻的，所以前提不滿足。學生沒有陳述 Heine-Cantor 的前提（區間必須緊緻）。

學生的草稿是：""Every continuous function on an interval is uniformly continuous, so continuity on (0,1) is enough by Heine-Cantor.""

所以，問題在於：
- 他錯誤地認為所有區間上的連續函數都是 uniform continuous（這不正確）。
- 他錯誤地應用 Heine-Cantor 到 (0,1)，因為 (0,1) 不是緊緻的。

在嚴格教學標準下，這些都需要指出。

規則：每項用一句話精確說明在哪一步、缺了什麼或錯在哪。

所以，我需要寫成 JSON 陣列。

可能的問題：
1. 學生斷言「每個在區間上的連續函數都是 uniformly continuous」，但此斷言不成立，因為存在反例（如 (0,1) 上的 f(x)=1/x）。
2. 學生引用 Heine-Cantor 定理時，未說明該定理要求區間為緊緻集，而 (0,1) 是開區間非緊緻，故前提不滿足。

學生說 ""on an interval""，但沒有指定區間類型。在上下文中，(0,1) 是開區間。

另一個角度：Heine-Cantor 定理通常表述為：如果 f 是 [a,b] 上的連續函數，則 f 是 uniform continuous on [a,b]。但 (0,1) 不是 [a,b]。

所以，問題是學生誤用了 Heine-Cantor。

在教學中，學生必須知道 Heine-Cantor 需要緊緻性。

現在，檢查是否有其他問題。

學生說 ""so continuity on (0,1) is enough by Heine-Cantor"" – 但 Heine-Cantor 不適用於開區間，所以 ""enough"" 是錯誤的。

另外，題目是 (0,1)，是開區間，但學生說 ""on an interval""，可能被誤解。

但主要問題是兩個。

規則：必須列出所有彼此獨立的根本問題。

所以，我認為有兩個獨立問題：

1. 學生錯誤地斷言所有區間上的連續函數都是 uniformly continuous，但此陳述不成立（反例存在）。

2. 學生應用 Heine-Cantor 定理時，未驗證其前提（區間必須緊緻），而 (0,1) 不是緊緻集。

在學生的草稿中，他說 ""every continuous function on an interval""，但 ""interval"" 在數學中可以是任何區間，但 Heine-Cantor 需要緊緻區間。所以，他混淆了。

另一個點：學生可能以為 ""interval"" 意味著緊緻，但通常不。

在教學中，學生必須區分開區間和閉區間。

現在，寫成 JSON 陣列。

每項用一句話。

例如：
- ""學生斷言每個在區間上的連續函數都是 uniformly continuous，但此斷言不成立，因為存在反例如 (0,1) 上的 f(x)=1/x。""
- ""學生引用 Heine-Cantor 定理時，未說明該定理要求區間為緊緻集，而 (0,1) 是開區間非緊緻，故前提不滿足。""

但要精確。

規則：只輸出 JSON 字串陣列。

不要有其他文字。

所以，我需要生成 [""..."",""...""]

先確認問題。

在參考解中，它說 ""the statement is false""，所以學生的草稿是錯誤的。

學生的草稿是：Every continuous function on an interval is uniformly continuous, so continuity on (0,1) is enough by Heine-Cantor.

問題：
- ""Every continuous function on an interval is uniformly continuous"" – 這不是真的。例如，在 (0,1) 上，f(x)=1/x 連續但不 uniform continuous。所以，學生的斷言錯誤。
- 他說 ""so continuity on (0,1) is enough by Heine-Cantor"" – 但 Heine-Cantor 不適用於 (0,1)，因為 (0,1) 不是緊緻集。Heine-Cantor 要求函數在緊緻集上連續，而 (0,1) 不是緊緻的。

另外，Heine-Cantor 定理的標準表述：如果 X 是緊緻度量空間，且 f: X → ℝ 連續，則 f 是 uniform continuous on X。但 (0,1) 作為子集 of ℝ 不是緊緻的。

所以，學生沒有檢查 (0,1) 是否緊緻。

在教學中，學生必須明確區間是否緊緻。

現在，寫問題點：

1. 學生錯誤地斷言「每個在區間上的連續函數都是 uniformly continuous」，但此陳述不成立，因為存在反例（如 (0,1) 上的 f(x)=1/x）。

2. 學生應用 Heine-Cantor 定理時，未陳述該定理的前提條件（區間必須為緊緻集），而 (0,1) 是開區間非緊緻，故前提不滿足。

這些是獨立的問題。

是否有更多？

學生說 ""on an interval""，但 (0,1) 是開區間，而 Heine-Cantor 通常針對閉區間。但學生沒有指定。

在問題中，題目是 (0,1)，所以學生的草稿中提到了 (0,1)，但錯誤地應用。

另一個點：學生說 ""every continuous function on an interval""，但 ""interval"" 在數學中可能被誤解，但這裡是清楚的。

在教學標準下，這些應該是問題。

現在，用中文寫？不，問題是用英文的，但輸出是 JSON 字串，內容用中文？看規則。

用戶是用中文寫的，但題目和草稿是英文。

在規則中，沒有指定語言。但既然是教學標準，可能用中文或英文？用戶消息是中文，但內容是英文。

看用戶消息： ""Problem: Decide whether every continuous function on (0,1) is uniformly continuous."" 這是英文。

學生草稿是英文。

所以，我應該用英文寫 JSON 陣列？但規則說 ""每項用一句話""，在中文上下文中。

用戶是中文，但系統是英文？ 用戶說 ""你是數學系課程的證明審閱助教""，所以可能用中文。

但為了安全，我應該用英文，因為題目和草稿是英文。

在規則中： ""每項用一句話精確說明"" – 但沒有指定語言。

在之前的例子中，可能用英文。

看用戶消息： ""只輸出 JSON 字串陣列（如 [""…"",""…""]）""，所以內容是字串。

在中文教學中，可能用中文。

但為了簡單，既然題目是英文，我用英文寫。

在問題描述中，用戶用中文，但內容是數學。

我決定用英文寫問題說明，因為草稿是英文。

例如：

[""The claim that every continuous function on an interval is uniformly continuous is false, as there exist counterexamples such as f(x)=1/x on (0,1)."", ""Heine-Cantor theorem requires the interval to be compact, but (0,1) is not compact, so its premise is not satisfied.""]

但要精確。

第一個問題：學生斷言 ""every continuous function on an interval is uniformly continuous"" – 但這不是對所有區間成立。例如，在開區間上，連續函數可能不 uniform continuous。

在數學中，""interval"" 通常指連通子集，但 Heine-Cantor 需要緊緻。

所以，問題是：學生的斷言不成立，因為有反例。

第二個：學生想用 Heine-Cantor，但 (0,1) 不是緊緻的。

另外，學生說 ""so continuity on (0,1) is enough"" – 但 Heine-Cantor 不適用，所以不夠。

現在，寫成一句話。

第一個問題：學生錯誤地斷言每個在區間上的連續函數都是 uniformly continuous，但此陳述不成立（反例存在）。

第二個問題：學生引用 Heine-Cantor 定理時，未說明該定理要求區間為緊緻集，而 (0,1) 是開區間非緊緻，故前提不滿足。

用英文：

[""The statement that every continuous function on an interval is uniformly continuous is incorrect, as counterexamples exist such as f(x) = 1/x on (0,1)."", ""The Heine-Cantor theorem requires the domain to be compact, but (0,1) is not compact, so the premise is not satisfied.""]

更精確。

在學生草稿中，他說 ""on an interval""，但沒有指定是開還是閉。但反例是開區間。

在教學中，學生必須知道 Heine-Cantor 需要緊緻性。

另一個點：學生說 ""every continuous function on an interval""，但 ""interval"" 在數學中可以是緊緻的（如 [a,b]），但學生沒有區分。然而，在上下文中，他應用到 (0,1)，是開區間，所以問題在於他沒有考慮區間是否緊緻。

但主要問題是兩個。

我認為這兩個是獨立的。

現在，檢查是否有問題是 ""嚴格與非嚴格不等號"" 但這裡沒有不等號，是 uniform continuity。

題目是 ""遞增"" 但這裡是 ""uniformly continuous""，所以不相關。

學生的草稿中沒有不等號。

所以，只針對這些。

另外，規則： ""學生寫「單調不減／非減少／nondecreasing」是精確表述，**不是缺漏**"" – 但這裡沒有單調性，所以不適用。

所以，我認為兩個問題。

寫 JSON 陣列。

用英文，因為題目是英文。

為了匹配，用英文。

最終 JSON: [""The claim that every continuous function on an interval is uniformly continuous is false, as there exist counterexamples like f(x) = 1/x on (0,1)."", ""Heine-Cantor theorem applies only to compact intervals, but (0,1) is not compact, so its premise is not satisfied.""]

更精確：第一個問題是學生的斷言錯誤，第二個是應用錯誤。

在第二個中，學生說 ""by Heine-Cantor""，但 Heine-Cantor 通常用於緊緻集，而 (0,1) 不是。

在教學中，學生必須明確前提。

另一個細節：Heine-Cantor 定理的標準表述是：如果 f 是緊緻集上的連續函數，則 f 是 uniform continuous on that set.

所以，對於 (0,1)，它不是緊緻的。

學生的草稿中，他說 ""continuity on (0,1) is enough""，但 Heine-Cantor 不適用，所以不夠。

問題點：

1. 學生斷言 ""every continuous function on an interval is uniformly continuous"" – 但這不正確，因為在開區間上，連續函數可能不 uniform continuous。

2. 學生想用 Heine-Cantor 來證明 (0,1) 上的連續函數是 uniform continuous，但 Heine-Cantor 要求區間緊緻，而 (0,1) 不是緊緻的。

所以，JSON 陣列：

[
  ""The assertion that every continuous function on an interval is uniformly continuous is incorrect, as counterexamples exist such as f(x) = 1/x on (0,1)."",
  ""The Heine-Cantor theorem requires the domain to be compact, but (0,1) is not compact, so the theorem cannot be applied.""
]

我認為這兩個是獨立的問題。

在學生草稿中，他說 ""so continuity on (0,1) is enough by Heine-Cantor""，但 ""enough"" 意思是 ""sufficient""，但 Heine-Cantor 不適用，所以不夠。

但問題是：他沒有檢查 (0,1) 是否緊緻。

在教學中，學生必須陳述前提。

所以，第二個問題是：學生未驗證 Heine-Cantor 的前提（區間緊緻）。

現在，輸出 JSON。

不要有其他文字。

所以，我應該輸出：[""The assertion that every continuous function on an interval is uniformly continuous is incorrect, as counterexamples exist such as f(x) = 1/x on (0,1)."", ""Heine-Cantor theorem requires the domain to be compact, but (0,1) is not compact, so its premise is not satisfied.""]

為了更精確，用 ""the statement"" 代替 ""the assertion""。

但 ""assertion"" 也行。

在中文中，但我想用英文。

用戶消息是中文，但內容是數學英文。

為了安全，我用英文。

在規則中，沒有指定語言，但既然題目是英文，用英文。

我決定用英文。

最終 JSON 陣列。

寫成：

[
  ""The claim that every continuous function on an interval is uniformly continuous is false, as there exist counterexamples like f(x) = 1/x on (0,1)."",
  ""The Heine-Cantor theorem applies only to compact intervals, but (0,1) is not compact, so the premise is not satisfied.""
]

是的。

現在，確認是否有更多問題。

學生說 ""on an interval""，但 (0,1) 是開區間，而 Heine-Cantor 通常針對閉區間，但緊緻性是關鍵。

在教學中，學生可能不知道 (0,1) 不是緊緻的。

但問題是明確的。

另一個點：學生說 ""every continuous function on an interval""，但 ""interval"" 在數學中可能被誤解，但這裡是標準。

我認為兩個問題足夠。

所以，輸出 JSON 字串陣列。

在 JSON 中，字串用雙引號。

所以， [""The claim that every continuous function on an interval is uniformly continuous is false, as there exist counterexamples like f(x) = 1/x on (0,1)."", ""The Heine-Cantor theorem requires the domain to be compact, but (0,1) is not compact, so its premise is not satisfied.""]

為了更嚴格，第一個問題：學生的斷言不成立，因為在開區間上，連續函數可能不 uniform continuous。

但參考解給了反例。

在問題中，題目是 (0,1)，所以反例是 (0,1) 上的 1/x。

所以，OK。

現在，寫。
[""The claim that every continuous function on an interval is uniformly continuous is false, as counterexamples exist such as f(x) = 1/x on (0,1)."", ""Heine-Cantor theorem requires the domain to be compact, but (0,1) is not compact, so its premise is not satisfied.""]",523,4400,0.328070462,27.310244800999957,False,stop,1.0,"首先，問題是：判斷是否每個在 (0,1) 上的連續函數都是 uniformly continuous。參考解說這個陳述是假的，因為 f(x)=1/x 在 (0,1) 上連續但不 uniformly continuous。

學生的草稿是：Every continuous function on an interval is uniformly continuous, so continuity on (0,1) is enough by Heine-Cantor.

我需要根據嚴格的教學標準來審閱學生的草稿，找出缺漏或錯誤。

關鍵點：
- 題目說 ""遞增／increasing"" 但這裡是 ""uniformly continuous""，所以不直接相關。題目是關於 uniform continuity，不是 monotonicity。
- 學生說：每個在區間上的連續函數都是 uniformly continuous，所以 (0,1) 上的連續函數只需用 Heine-Cantor 定理就夠了。

Heine-Cantor 定理：它說如果一個函數在緊緻集上連續，那麼它是 uniformly continuous。但 (0,1) 不是緊緻集，因為它是開區間，不包含端點。

學生的錯誤在於：Heine-Cantor 定理適用於緊緻區間，而不是開區間。例如，[0,1] 是緊緻的，但 (0,1) 不是。

學生的陳述：""Every continuous function on an interval is uniformly continuous"" – 這不正確。因為有開區間，比如 (0,1)，連續函數不一定 uniform continuous。例如 f(x)=1/x 在 (0,1) 上連續但不 uniform continuous。

學生說 ""so continuity on (0,1) is enough by Heine-Cantor"" – 但 Heine-Cantor 要求區間是緊緻的，而 (0,1) 不是緊緻的，所以不能直接應用。

具體缺漏：
1. 學生假設了 ""every continuous function on an interval is uniformly continuous""，但這不是真的。例如，開區間上的連續函數可能不 uniform continuous。
2. 他提到 Heine-Cantor，但 Heine-Cantor 定理的條件是函數在緊緻集上連續，而 (0,1) 不是緊緻集，所以不能用。

在教學標準下：
- 數學錯誤：斷言不成立。學生斷言 ""every continuous function on an interval is uniformly continuous""，但這錯誤，因為有反例（如 (0,1) 上的 1/x）。
- 依據缺漏：學生說 ""by Heine-Cantor""，但沒有說明 Heine-Cantor 的前提（區間必須緊緻），而 (0,1) 不是緊緻的，所以前提不滿足。

另外，題目是 (0,1)，是開區間，不是閉區間。

學生的草稿中，他說 ""on an interval""，但沒有指定是開還是閉。在數學中，""interval"" 可以是開、閉、半開等。但 Heine-Cantor 通常針對緊緻區間（如閉區間）。

關鍵錯誤：學生誤以為所有區間上的連續函數都是 uniform continuous，但這不正確。

在參考解中，它說 f(x)=1/x 在 (0,1) 上連續但不 uniform continuous，所以學生的陳述是錯誤的。

現在，列出問題點：

1. 學生斷言 ""every continuous function on an interval is uniformly continuous"" – 這斷言不成立，因為存在反例（如 (0,1) 上的 1/x）。所以這是數學錯誤：斷言不成立。

2. 學生說 ""so continuity on (0,1) is enough by Heine-Cantor"" – 但 Heine-Cantor 定理要求區間是緊緻的，而 (0,1) 不是緊緻的（因為開區間），所以不能應用 Heine-Cantor。學生沒有說明 Heine-Cantor 的前提條件（緊緻性），因此是依據缺漏。

另外，學生說 ""on an interval""，但 (0,1) 是開區間，不是緊緻的，所以即使他說 ""on an interval""，也沒有指定是緊緻的區間。

在教學中，學生必須明確區間是否緊緻。

問題點必須是獨立的：

- 第一個問題：學生的斷言 ""every continuous function on an interval is uniformly continuous"" 是錯誤的。因為在開區間上，連續函數不一定 uniform continuous。例如，(0,1) 上的 1/x。

- 第二個問題：學生想用 Heine-Cantor，但 Heine-Cantor 需要緊緻集，而 (0,1) 不是緊緻的，所以前提不滿足。學生沒有陳述 Heine-Cantor 的前提（區間必須緊緻）。

學生的草稿是：""Every continuous function on an interval is uniformly continuous, so continuity on (0,1) is enough by Heine-Cantor.""

所以，問題在於：
- 他錯誤地認為所有區間上的連續函數都是 uniform continuous（這不正確）。
- 他錯誤地應用 Heine-Cantor 到 (0,1)，因為 (0,1) 不是緊緻的。

在嚴格教學標準下，這些都需要指出。

規則：每項用一句話精確說明在哪一步、缺了什麼或錯在哪。

所以，我需要寫成 JSON 陣列。

可能的問題：
1. 學生斷言「每個在區間上的連續函數都是 uniformly continuous」，但此斷言不成立，因為存在反例（如 (0,1) 上的 f(x)=1/x）。
2. 學生引用 Heine-Cantor 定理時，未說明該定理要求區間為緊緻集，而 (0,1) 是開區間非緊緻，故前提不滿足。

學生說 ""on an interval""，但沒有指定區間類型。在上下文中，(0,1) 是開區間。

另一個角度：Heine-Cantor 定理通常表述為：如果 f 是 [a,b] 上的連續函數，則 f 是 uniform continuous on [a,b]。但 (0,1) 不是 [a,b]。

所以，問題是學生誤用了 Heine-Cantor。

在教學中，學生必須知道 Heine-Cantor 需要緊緻性。

現在，檢查是否有其他問題。

學生說 ""so continuity on (0,1) is enough by Heine-Cantor"" – 但 Heine-Cantor 不適用於開區間，所以 ""enough"" 是錯誤的。

另外，題目是 (0,1)，是開區間，但學生說 ""on an interval""，可能被誤解。

但主要問題是兩個。

規則：必須列出所有彼此獨立的根本問題。

所以，我認為有兩個獨立問題：

1. 學生錯誤地斷言所有區間上的連續函數都是 uniformly continuous，但此陳述不成立（反例存在）。

2. 學生應用 Heine-Cantor 定理時，未驗證其前提（區間必須緊緻），而 (0,1) 不是緊緻集。

在學生的草稿中，他說 ""every continuous function on an interval""，但 ""interval"" 在數學中可以是任何區間，但 Heine-Cantor 需要緊緻區間。所以，他混淆了。

另一個點：學生可能以為 ""interval"" 意味著緊緻，但通常不。

在教學中，學生必須區分開區間和閉區間。

現在，寫成 JSON 陣列。

每項用一句話。

例如：
- ""學生斷言每個在區間上的連續函數都是 uniformly continuous，但此斷言不成立，因為存在反例如 (0,1) 上的 f(x)=1/x。""
- ""學生引用 Heine-Cantor 定理時，未說明該定理要求區間為緊緻集，而 (0,1) 是開區間非緊緻，故前提不滿足。""

但要精確。

規則：只輸出 JSON 字串陣列。

不要有其他文字。

所以，我需要生成 [""..."",""...""]

先確認問題。

在參考解中，它說 ""the statement is false""，所以學生的草稿是錯誤的。

學生的草稿是：Every continuous function on an interval is uniformly continuous, so continuity on (0,1) is enough by Heine-Cantor.

問題：
- ""Every continuous function on an interval is uniformly continuous"" – 這不是真的。例如，在 (0,1) 上，f(x)=1/x 連續但不 uniform continuous。所以，學生的斷言錯誤。
- 他說 ""so continuity on (0,1) is enough by Heine-Cantor"" – 但 Heine-Cantor 不適用於 (0,1)，因為 (0,1) 不是緊緻集。Heine-Cantor 要求函數在緊緻集上連續，而 (0,1) 不是緊緻的。

另外，Heine-Cantor 定理的標準表述：如果 X 是緊緻度量空間，且 f: X → ℝ 連續，則 f 是 uniform continuous on X。但 (0,1) 作為子集 of ℝ 不是緊緻的。

所以，學生沒有檢查 (0,1) 是否緊緻。

在教學中，學生必須明確區間是否緊緻。

現在，寫問題點：

1. 學生錯誤地斷言「每個在區間上的連續函數都是 uniformly continuous」，但此陳述不成立，因為存在反例（如 (0,1) 上的 f(x)=1/x）。

2. 學生應用 Heine-Cantor 定理時，未陳述該定理的前提條件（區間必須為緊緻集），而 (0,1) 是開區間非緊緻，故前提不滿足。

這些是獨立的問題。

是否有更多？

學生說 ""on an interval""，但 (0,1) 是開區間，而 Heine-Cantor 通常針對閉區間。但學生沒有指定。

在問題中，題目是 (0,1)，所以學生的草稿中提到了 (0,1)，但錯誤地應用。

另一個點：學生說 ""every continuous function on an interval""，但 ""interval"" 在數學中可能被誤解，但這裡是清楚的。

在教學標準下，這些應該是問題。

現在，用中文寫？不，問題是用英文的，但輸出是 JSON 字串，內容用中文？看規則。

用戶是用中文寫的，但題目和草稿是英文。

在規則中，沒有指定語言。但既然是教學標準，可能用中文或英文？用戶消息是中文，但內容是英文。

看用戶消息： ""Problem: Decide whether every continuous function on (0,1) is uniformly continuous."" 這是英文。

學生草稿是英文。

所以，我應該用英文寫 JSON 陣列？但規則說 ""每項用一句話""，在中文上下文中。

用戶是中文，但系統是英文？ 用戶說 ""你是數學系課程的證明審閱助教""，所以可能用中文。

但為了安全，我應該用英文，因為題目和草稿是英文。

在規則中： ""每項用一句話精確說明"" – 但沒有指定語言。

在之前的例子中，可能用英文。

看用戶消息： ""只輸出 JSON 字串陣列（如 [""…"",""…""]）""，所以內容是字串。

在中文教學中，可能用中文。

但為了簡單，既然題目是英文，我用英文寫。

在問題描述中，用戶用中文，但內容是數學。

我決定用英文寫問題說明，因為草稿是英文。

例如：

[""The claim that every continuous function on an interval is uniformly continuous is false, as there exist counterexamples such as f(x)=1/x on (0,1)."", ""Heine-Cantor theorem requires the interval to be compact, but (0,1) is not compact, so its premise is not satisfied.""]

但要精確。

第一個問題：學生斷言 ""every continuous function on an interval is uniformly continuous"" – 但這不是對所有區間成立。例如，在開區間上，連續函數可能不 uniform continuous。

在數學中，""interval"" 通常指連通子集，但 Heine-Cantor 需要緊緻。

所以，問題是：學生的斷言不成立，因為有反例。

第二個：學生想用 Heine-Cantor，但 (0,1) 不是緊緻的。

另外，學生說 ""so continuity on (0,1) is enough"" – 但 Heine-Cantor 不適用，所以不夠。

現在，寫成一句話。

第一個問題：學生錯誤地斷言每個在區間上的連續函數都是 uniformly continuous，但此陳述不成立（反例存在）。

第二個問題：學生引用 Heine-Cantor 定理時，未說明該定理要求區間為緊緻集，而 (0,1) 是開區間非緊緻，故前提不滿足。

用英文：

[""The statement that every continuous function on an interval is uniformly continuous is incorrect, as counterexamples exist such as f(x) = 1/x on (0,1)."", ""The Heine-Cantor theorem requires the domain to be compact, but (0,1) is not compact, so the premise is not satisfied.""]

更精確。

在學生草稿中，他說 ""on an interval""，但沒有指定是開還是閉。但反例是開區間。

在教學中，學生必須知道 Heine-Cantor 需要緊緻性。

另一個點：學生說 ""every continuous function on an interval""，但 ""interval"" 在數學中可以是緊緻的（如 [a,b]），但學生沒有區分。然而，在上下文中，他應用到 (0,1)，是開區間，所以問題在於他沒有考慮區間是否緊緻。

但主要問題是兩個。

我認為這兩個是獨立的。

現在，檢查是否有問題是 ""嚴格與非嚴格不等號"" 但這裡沒有不等號，是 uniform continuity。

題目是 ""遞增"" 但這裡是 ""uniformly continuous""，所以不相關。

學生的草稿中沒有不等號。

所以，只針對這些。

另外，規則： ""學生寫「單調不減／非減少／nondecreasing」是精確表述，**不是缺漏**"" – 但這裡沒有單調性，所以不適用。

所以，我認為兩個問題。

寫 JSON 陣列。

用英文，因為題目是英文。

為了匹配，用英文。

最終 JSON: [""The claim that every continuous function on an interval is uniformly continuous is false, as there exist counterexamples like f(x) = 1/x on (0,1)."", ""Heine-Cantor theorem applies only to compact intervals, but (0,1) is not compact, so its premise is not satisfied.""]

更精確：第一個問題是學生的斷言錯誤，第二個是應用錯誤。

在第二個中，學生說 ""by Heine-Cantor""，但 Heine-Cantor 通常用於緊緻集，而 (0,1) 不是。

在教學中，學生必須明確前提。

另一個細節：Heine-Cantor 定理的標準表述是：如果 f 是緊緻集上的連續函數，則 f 是 uniform continuous on that set.

所以，對於 (0,1)，它不是緊緻的。

學生的草稿中，他說 ""continuity on (0,1) is enough""，但 Heine-Cantor 不適用，所以不夠。

問題點：

1. 學生斷言 ""every continuous function on an interval is uniformly continuous"" – 但這不正確，因為在開區間上，連續函數可能不 uniform continuous。

2. 學生想用 Heine-Cantor 來證明 (0,1) 上的連續函數是 uniform continuous，但 Heine-Cantor 要求區間緊緻，而 (0,1) 不是緊緻的。

所以，JSON 陣列：

[
  ""The assertion that every continuous function on an interval is uniformly continuous is incorrect, as counterexamples exist such as f(x) = 1/x on (0,1)."",
  ""The Heine-Cantor theorem requires the domain to be compact, but (0,1) is not compact, so the theorem cannot be applied.""
]

我認為這兩個是獨立的問題。

在學生草稿中，他說 ""so continuity on (0,1) is enough by Heine-Cantor""，但 ""enough"" 意思是 ""sufficient""，但 Heine-Cantor 不適用，所以不夠。

但問題是：他沒有檢查 (0,1) 是否緊緻。

在教學中，學生必須陳述前提。

所以，第二個問題是：學生未驗證 Heine-Cantor 的前提（區間緊緻）。

現在，輸出 JSON。

不要有其他文字。

所以，我應該輸出：[""The assertion that every continuous function on an interval is uniformly continuous is incorrect, as counterexamples exist such as f(x) = 1/x on (0,1)."", ""Heine-Cantor theorem requires the domain to be compact, but (0,1) is not compact, so its premise is not satisfied.""]

為了更精確，用 ""the statement"" 代替 ""the assertion""。

但 ""assertion"" 也行。

在中文中，但我想用英文。

用戶消息是中文，但內容是數學英文。

為了安全，我用英文。

在規則中，沒有指定語言，但既然題目是英文，用英文。

我決定用英文。

最終 JSON 陣列。

寫成：

[
  ""The claim that every continuous function on an interval is uniformly continuous is false, as there exist counterexamples like f(x) = 1/x on (0,1)."",
  ""The Heine-Cantor theorem applies only to compact intervals, but (0,1) is not compact, so the premise is not satisfied.""
]

是的。

現在，確認是否有更多問題。

學生說 ""on an interval""，但 (0,1) 是開區間，而 Heine-Cantor 通常針對閉區間，但緊緻性是關鍵。

在教學中，學生可能不知道 (0,1) 不是緊緻的。

但問題是明確的。

另一個點：學生說 ""every continuous function on an interval""，但 ""interval"" 在數學中可能被誤解，但這裡是標準。

我認為兩個問題足夠。

所以，輸出 JSON 字串陣列。

在 JSON 中，字串用雙引號。

所以， [""The claim that every continuous function on an interval is uniformly continuous is false, as there exist counterexamples like f(x) = 1/x on (0,1)."", ""The Heine-Cantor theorem requires the domain to be compact, but (0,1) is not compact, so its premise is not satisfied.""]

為了更嚴格，第一個問題：學生的斷言不成立，因為在開區間上，連續函數可能不 uniform continuous。

但參考解給了反例。

在問題中，題目是 (0,1)，所以反例是 (0,1) 上的 1/x。

所以，OK。

現在，寫。",,,,True,False,True,True,single_analyst_semantic_adjudication,Root issue is present and the required structured output parses.
Base-Thinking reviewer,R6,Mean Value Theorem hypotheses,Continuity alone is insufficient; differentiability on the whole open interval fails at zero.,"['The student did not verify that f is differentiable on (-1,1) when claiming MVT applies to f on [-1,1].']",True,False,False,False,"[""The student did not verify that f is differentiable on (-1,1) when claiming MVT applies to f on [-1,1].""]","首先，問題是：能否將中值定理（Mean Value Theorem, MVT）應用於 f(x) = |x| 在區間 [-1,1] 上？

參考解（verified reference proof）說：不能，因為 f 在 [-1,1] 上連續，但不具備可導性（在 0 點不可導），所以 MVT 的假設不成立。

學生的草稿：函數是連續的，所以 MVT 會給出 c 在 (-1,1) 上，使得 f'(c) = (f(1) - f(-1))/2 = 0。

我需要根據嚴格的教學標準來審閱學生的草稿，找出缺漏或錯誤。

關鍵點：

1. **數學錯誤**：斷言不成立、計算錯、包含關係或不等號方向反了、量詞順序錯誤。

2. **依據缺漏**：某一步結論依賴的事實沒有明說——即使該事實顯然成立也算缺漏。

   - 例如：由 cv=0 推 c=0 卻沒說 v≠0；套用鴿籠原理卻沒陳述「幾個物件、幾個類別」；引用定理卻沒驗證其前提。

3. **嚴格與非嚴格不等號、特例未排除**：題目只寫「遞增／increasing」而未寫「嚴格／strictly」時，一律按單調不減理解。但這裡是 MVT 問題，不直接相關。

4. **規則**：草稿正確且依據完整的步驟不要質疑；風格與詳略不算問題。每項用一句話精確說明在哪一步、缺了什麼或錯在哪。必須列出所有彼此獨立的根本問題。

學生草稿的步驟：

- ""The function is continuous""：正確，f(x)=|x| 在 [-1,1] 上連續。

- ""so MVT gives c in (-1,1) with f'(c) = (f(1) - f(-1))/2 = 0""：這裡有問題。

MVT 的假設是：f 在 [a,b] 上連續，在 (a,b) 上可導。這裡 a=-1, b=1。

學生說 MVT 給出 c in (-1,1) 使得 f'(c) = [f(b) - f(a)] / (b - a)。

標準 MVT 公式是：f'(c) = [f(b) - f(a)] / (b - a)。

這裡 b=1, a=-1, 所以 b - a = 1 - (-1) = 2。

f(1) = |1| = 1, f(-1) = |-1| = 1, 所以 f(1) - f(-1) = 1 - 1 = 0。

因此，[f(1) - f(-1)] / (1 - (-1)) = 0 / 2 = 0。

所以學生寫 f'(c) = 0 是正確的數學計算。

但問題在於：MVT 不能應用，因為 f 在 (a,b) 上不可導（在 0 點不可導）。

學生直接說 ""MVT gives c""，但 MVT 的前提不滿足，所以 MVT 不適用。

在學生的草稿中，他假設 MVT 有效，然後得出 f'(c)=0。

但 f(x)=|x| 在 x=0 點不可導，所以沒有這樣的 c 存在（因為在 ( -1,1) 上，除了 0 之外可導，但 0 是端點？不，(-1,1) 是開區間，0 在裡面）。

MVT 要求 f 在 (a,b) 上可導。對於 f(x)=|x|，在 ( -1,1) 上，除了 x=0 之外可導，但在 x=0 不可導，所以 f 在 ( -1,1) 上不連續可導（不具備可導性），因此 MVT 不適用。

學生的錯誤在於：他錯誤地應用了 MVT，假設了可導性，但實際上不可導。

具體缺漏：

1. **引用定理卻沒驗證其前提**：學生引用 MVT 但沒有檢查 MVT 的假設是否滿足。MVT 要求 f 在 [a,b] 上連續且在 (a,b) 上可導。這裡 f 在 [-1,1] 上連續，但不在 (-1,1) 上可導（因為在 0 不可導），所以前提不滿足。

2. **某一步結論依賴的事實沒有明說**：學生說 ""MVT gives c""，但這依賴於 f 在 (-1,1) 上可導，而這個事實沒有明說或驗證。實際上，f 在 (-1,1) 上不可導（在 0 點），所以這個結論不成立。

學生的計算：f'(c) = (f(1) - f(-1))/2 = (1 - 1)/2 = 0/2 = 0 是正確的，但問題是 MVT 本身不適用，所以這個等式不成立。

在學生的草稿中，他寫 ""f'(c) = ... = 0""，但既然 MVT 不適用，這個 c 不存在，所以 f'(c) 這個表達式沒有意義。

所以，根本問題：

- 學生沒有驗證 MVT 的假設。MVT 的假設是 f 在 [a,b] 上連續且在 (a,b) 上可導。學生只說了 f 連續，但沒有提到可導性。

- 額外：學生計算 (f(1) - f(-1))/2，但 (b - a) 是 1 - (-1) = 2，所以應該是 [f(b) - f(a)] / (b - a) = (1 - 1)/(1 - (-1)) = 0/2 = 0。學生寫 ""f'(c) = (f(1) - f(-1))/2""，這裡他寫了 ""/2""，但 2 是 (b - a)，所以是正確的，因為 b - a = 2。

在草稿中： ""f'(c) = (f(1) - f(-1))/2"" — 這裡 ""/2"" 代表除以 2，而 2 是區間長度，所以是正確的。

但問題在於 MVT 不適用。

另一個點：學生說 ""c in (-1,1)""，但 MVT 要求 c 在 (a,b) = (-1,1)，這沒問題，但前提不滿足。

所以，主要缺漏是：沒有檢查可導性。

根據教學標準，學生必須明確說明 MVT 的假設是否滿足。

具體問題：

1. 學生聲稱 MVT 适用，但沒有驗證 f 在 (-1,1) 上可導。事實上，f 在 (-1,1) 上不可導（在 x=0 點），所以這個步驟錯誤。

2. 依賴的事實：由 MVT 結論 f'(c) 存在，但學生沒有說明 f 在 (a,b) 上可導，這是一個必要前提。

在學生的草稿中，他直接說 ""MVT gives c""，但 MVT 只有在假設滿足時才給出 c。

所以，問題列表：

- 在 ""MVT gives c in (-1,1) with f'(c) = ..."" 這一步，學生假設了 MVT 有效，但沒有驗證 MVT 的假設（即 f 在 (-1,1) 上可導）。實際上，f 在 (-1,1) 上不可導，因此 MVT 不適用。

- 額外：學生計算 (f(1) - f(-1))/2 = 0 是正確的，但由於 MVT 不適用，這個等式不成立（因為沒有這樣的 c）。

但問題是：學生的草稿是基於 MVT 有效來推導的，但 MVT 本身不適用。

所以，根本問題是：學生沒有檢查 MVT 的假設。

根據規則： ""引用定理卻沒驗證其前提"" — 這裡學生引用 MVT 但沒驗證前提。

另一個可能問題：學生寫 ""f'(c) = (f(1) - f(-1))/2""，但標準 MVT 是 [f(b) - f(a)] / (b - a)，這裡 b=1, a=-1, b-a=2, 所以應該是除以 2。學生寫 ""/2""，這沒問題，因為 2 是 b-a。

在草稿中： ""f'(c) = (f(1) - f(-1))/2"" — 這等價於 [f(1) - f(-1)] / (1 - (-1))，因為 1 - (-1) = 2，所以是正確的。

但問題不在計算，而在於 MVT 适用性。

學生說 ""the function is continuous, so MVT gives c"" — 這裡 ""so"" 暗示因為連續，所以 MVT 适用，但 MVT 需要可導性，所以學生錯誤地認為連續就意味著 MVT 适用，但實際上 MVT 需要兩個條件：連續和可導。

所以，缺漏：學生沒有提到可導性作為 MVT 的必要條件。

在教學上，學生必須說明 MVT 的假設。

具體問題：

1. 在聲稱 MVT 适用時，學生沒有驗證 f 在 (-1,1) 上可導。事實上，f 在 (-1,1) 上不可導（在 x=0 點），因此 MVT 不適用。

2. 依賴的事實：由 MVT 結論 f'(c) 存在，但學生沒有明確指出 f 在 (a,b) 上可導，這是一個關鍵前提。

我需要以一句話精確說明。

規則：每項用一句話精確說明：在哪一步、缺了什麼或錯在哪。

所以，可能的問題：

- 在 ""MVT gives c in (-1,1) with f'(c) = ..."" 這一步，學生假設了 MVT 有效，但沒有驗證 MVT 的假設（即 f 在 [-1,1] 上連續且在 (-1,1) 上可導）；實際上，f 在 (-1,1) 上不可導，因此前提不滿足。

更精確：MVT 的假設是 f 在 [a,b] 上連續且在 (a,b) 上可導。學生只確認了連續，但沒有確認可導性。

所以，問題：學生沒有檢查 f 在 (-1,1) 上可導。

另一個點：學生寫 ""f'(c) = (f(1) - f(-1))/2""，但 (f(1) - f(-1)) = 0，所以 f'(c) = 0，但由於 f 在 0 不可導，沒有 c 滿足這個。

但核心是 MVT 适用性。

我認為主要問題是：學生錯誤地應用了 MVT，因為沒有驗證可導性。

列出所有獨立問題：

1. 學生聲稱 MVT 适用，但沒有驗證 f 在 (-1,1) 上可導（MVT 的必要前提）。

2. 事實上，f 在 (-1,1) 上不可導（在 x=0 點），但學生沒有提到這個。

在審閱中，我需要指出缺漏，而不是事實本身。規則說： ""某一步結論依賴的事實沒有明說"" — 這裡，結論 ""MVT gives c"" 依賴於 f 在 (a,b) 上可導，但這個事實沒有明說。

所以，問題：在聲稱 MVT 适用時，學生沒有明確說明 f 在 (-1,1) 上可導。

此外，學生的計算是正確的，但由於前提不滿足，結論不成立。

但問題是針對草稿的缺漏。

另一個可能：學生寫 ""f'(c) = (f(1) - f(-1))/2""，但標準是 [f(b) - f(a)] / (b - a)，這裡 b-a=2，所以 /2 是正確的。沒有錯誤。

所以，主要問題是前提驗證。

在參考解中，明確說：f 是連續的，但不具備可導性。

學生的草稿只說了連續，沒提可導性。

所以，我認為只有一個根本問題：學生沒有驗證 MVT 的可導性前提。

但規則說： ""必須列出所有彼此獨立的根本問題""。

可能有兩個：

- 學生沒有檢查 MVT 的假設（可導性）。

- 學生假設了 f'(c) 存在，但沒有說明 f 在 (a,b) 上可導。

但這可能重複。

看例子： ""由 cv=0 推 c=0 卻沒說 v≠0"" — 這裡，學生沒有說 v≠0。

在這裡，學生沒有說 f 在 (a,b) 上可導。

所以，問題：在推導 f'(c) 時，學生沒有明確指出 f 在 (-1,1) 上可導。

具體步驟：學生說 ""MVT gives c""，但 MVT 要求 f 在 (a,b) 上可導，而這個條件沒有被驗證或陳述。

因此，問題：在聲稱 MVT 适用時，學生沒有陳述或驗證 f 在 (-1,1) 上可導。

此外，學生的結論 f'(c)=0 依賴於 c 存在，但 c 不存在，所以這個等式不成立，但這可能不是獨立問題。

我認為核心是前提驗證。

現在，輸出必須是 JSON 字串陣列。

例如： [""在聲稱MVT適用時，學生未驗證f在(-1,1)上可導""]

但要精確。

規則： ""每項用一句話精確說明：在哪一步、缺了什麼或錯在哪。""

所以，對於這一步： ""MVT gives c in (-1,1) with f'(c) = ...""

缺了什麼：學生沒有驗證 MVT 的假設（f 在 (-1,1) 上可導）。

更嚴格：MVT 的假設是 f 在 [a,b] 上連續且在 (a,b) 上可導。學生只確認了連續，但沒有確認可導性。

所以，問題：學生在應用 MVT 時，未驗證 f 在 (-1,1) 上可導。

另一個點：學生寫 ""f'(c) = (f(1) - f(-1))/2""，但 (f(1) - f(-1)) = 0，所以 f'(c) = 0，但 f'(c) 不存在，所以這個等式無意義。但這可能不是學生的錯誤，而是結果不成立。

在教學上，學生應該知道 MVT 不適用。

但根據規則，我需要找出草稿的缺漏。

學生的草稿是： ""The function is continuous, so MVT gives c in (-1,1) with f'(c)=(f(1)-f(-1))/2=0.""

所以，步驟：

1. ""The function is continuous"" — 正確，沒有問題。

2. ""so MVT gives c"" — 這裡 ""so"" 暗示因為連續，所以 MVT 适用，但 MVT 需要可導性，所以錯誤。

3. ""with f'(c)=(f(1)-f(-1))/2=0"" — 計算正確，但 f'(c) 不存在。

所以，問題在於步驟2：學生錯誤地推斷 MVT 适用，因為只說了連續。

具體缺漏：學生沒有考慮 MVT 的可導性條件。

在教學標準下，學生必須說明 MVT 的假設。

所以，我認為只有一個問題：學生在應用 MVT 時，未驗證 f 在 (-1,1) 上可導。

為了完整，可以說：學生未陳述 f 在 (-1,1) 上可導，這是 MVT 的必要前提。

現在，寫成一句話。

例如： ""在聲稱MVT適用於f在[-1,1]上時，學生未驗證f在(-1,1)上可導。""

但要精確。

規則： ""必須列出所有彼此獨立的根本問題""

可能有另一個：學生的結論 f'(c)=0 依賴於 c 存在，但 c 不存在，所以這個等式不成立。但這可能不是獨立問題，因為它源於 MVT 不適用。

在審閱中，我應該聚焦於草稿的邏輯缺漏。

另一個可能問題：學生寫 ""f'(c) = (f(1) - f(-1))/2""，但 (f(1) - f(-1)) 是 0，所以 f'(c)=0，但對於 f(x)=|x|，在 x≠0 時 f'(x) = ±1，所以 f'(c) 不能是 0，但學生沒有提到這個。然而，這不是學生的錯誤，而是結果不成立，但學生的草稿是基於 MVT 有效來推導的。

在草稿中，學生沒有檢查 f'(c) 是否可能為 0；他直接說 f'(c)=0。

但對於 f(x)=|x|，f'(x) 在 x>0 時是 1，在 x<0 時是 -1，所以 f'(c) 不能是 0，但這不是 MVT 的問題，而是函數的性質。

但學生的錯誤在於 MVT 本身不適用。

我認為主要問題是前提驗證。

讓我參考規則中的例子： ""由 cv=0 推 c=0 卻沒說 v≠0"" — 這裡，學生沒有說 v≠0。

類似地，這裡學生沒有說 f 在 (a,b) 上可導。

所以，問題：在推導 f'(c) 時，學生未明確指出 f 在 (-1,1) 上可導。

具體： ""在聲稱MVT給出c使得f'(c)存在時，學生未陳述f在(-1,1)上可導。""

但 MVT 給出 c 使得 f'(c) 存在，所以學生需要 f 可導。

在草稿中，學生說 ""MVT gives c""，暗示 f'(c) 存在。

所以，問題：學生未驗證 f 在 (-1,1) 上可導。

現在，寫成 JSON 陣列。

我認為只有一個問題。

但規則說 ""必須列出所有彼此獨立的根本問題""，所以如果有兩個，就列兩個。

例如：

1. 學生未驗證 MVT 的可導性前提。

2. 學生假設了 f'(c) 存在，但沒有說明 f 在 (a,b) 上可導（這可能重複）。

另一個點：學生寫 ""f'(c) = (f(1) - f(-1))/2""，但 (f(1) - f(-1)) = 0，所以 f'(c) = 0，但對於 f(x)=|x|，f'(c) 不能為 0，但這不是學生的錯誤，因為如果 MVT 适用，f'(c) 可能為 0，但這裡 MVT 不適用。

在上下文中，學生可能不知道 f'(c) 不能為 0，但問題是 MVT 本身不適用。

我認為最直接的問題是：學生沒有檢查 MVT 的假設。

所以，我將列出： [""在應用MVT時，學生未驗證f在(-1,1)上可導""]

為了更精確： ""在聲稱MVT適用於f在[-1,1]上時，學生未陳述f在(-1,1)上可導的條件""

但規則要求 ""精確說明""。

看題目：題目是 ""Can the Mean Value Theorem be applied...""，學生草稿是說可以。

在參考解中，明確說不能。

學生的錯誤是假設可以。

所以，問題：學生錯誤地假設 MVT 适用，因為沒有驗證可導性。

在教學上，學生必須說明假設。

我決定： [""在聲稱MVT給出c∈(-1,1)使得f'(c)存在時，學生未驗證f在(-1,1)上可導""]

但 ""f'(c)存在"" 是 MVT 的一部分。

另一個方式：學生的草稿中，他寫 ""f'(c) = ... = 0""，但 f'(c) 不存在，所以這個等式無意義。但這可能不是獨立問題。

為了安全，我會列出一個問題。

規則： ""完全沒有問題就輸出空陣列"" — 但這裡有問題。

學生的草稿有問題。

現在，寫 JSON。

例如： [""學生未驗證MVT的假設：f在(-1,1)上可導""]

但要一句話。

規則： ""每項用一句話精確說明""

所以，我寫： ""在應用MVT時，學生未檢查f在(-1,1)上可導的條件""

更正式： ""在聲稱MVT適用於f(x)=|x|在[-1,1]上時，學生未驗證f在(-1,1)上可導""

是的。

是否有另一個問題？

學生寫 ""f'(c) = (f(1) - f(-1))/2""，但 (f(1) - f(-1)) = 0，所以 f'(c) = 0，但對於 f(x)=|x|，f'(x) 在 x≠0 時是 ±1，所以 f'(c) 不能為 0，但學生沒有提到這個。然而，這不是學生的錯誤，因為如果 MVT 适用，f'(c) 可能為 0，但這裡 MVT 不適用，所以這個點不直接相關。

在教學上，學生可能應該知道 f'(c) 不能為 0，但問題是 MVT 本身不適用。

我認為只有一個根本問題。

所以，JSON 陣列： [""在應用MVT時，學生未驗證f在(-1,1)上可導""]

為了符合 ""在哪一步""，學生的步驟是 ""MVT gives c""，所以： ""在聲稱MVT給出c∈(-1,1)的步驟中，學生未驗證f在(-1,1)上可導""

但 ""給出c"" 暗示 f'(c) 存在。

在參考解中，明確說 ""it is not differentiable at 0""，所以學生忽略了可導性。

我認為這就夠了。

現在，輸出必須是 JSON 字串陣列。

所以，我會寫： [""在聲稱MVT適用於f在[-1,1]上時，學生未驗證f在(-1,1)上可導""]

用中文，因為問題是中文的？不，用戶用中文寫了問題，但輸出是 JSON 字串，內容可以是中文或英文？規則沒指定語言。

看用戶消息： ""使用者會給你：題目、正確的參考解、學生寫的草稿或嘗試。""

用戶用中文寫了問題，但草稿是英文。

在規則中，沒有指定語言，但為了一致，我應該用中文，因為用戶用中文。

用戶消息： ""Problem: Can the Mean Value Theorem be applied to f(x)=|x| on [-1,1]?"" — 這是英文。

""Verified reference proof"" — 英文。

""Student draft or attempt"" — 英文。

所以，草稿是英文。

在審閱中，我應該用英文寫 JSON？ 但規則說 ""輸出 JSON 字串陣列""，沒有指定語言。

為了安全，我可以用英文，因為草稿是英文。

在教學標準中，通常用英文。

看規則： ""每項用一句話精確說明"" — 用什麼語言？

在用戶消息中，題目是英文，所以可能用英文。

但為了簡單，我可以用英文。

在之前的思考，我用中文，但可能不對。

用戶是中文，但問題是數學，草稿是英文。

在專案規格中： ""三處一致：備課驗證員、教學步驟、審閱"" — 但沒指定語言。

我假設用英文，因為數學術語通常英文。

例如： ""In claiming that MVT applies to f on [-1,1], the student did not verify that f is differentiable on (-1,1).""

但要精確。

規則： ""必須列出所有彼此獨立的根本問題""

我認為只有一個。

所以，JSON: [""In applying MVT, the student did not verify that f is differentiable on (-1,1).""]

但要更精確。

學生的步驟： ""MVT gives c in (-1,1) with f'(c) = ...""

所以，問題： the student assumed MVT applies without checking the differentiability condition.

具體： ""The student did not state or verify that f is differentiable on (-1,1), which is a necessary condition for MVT.""

在教學上，學生必須明確。

另一個點： MVT 要求 f 在 [a,b] 上連續，但學生說了連續，所以沒問題。

所以，核心是可導性。

我決定： [""The student did not verify that f is differentiable on (-1,1) when claiming MVT applies.""]

但規則說 ""在哪一步""，所以可以指定步驟。

例如： ""In the step where the student claims MVT gives c ∈ (-1,1), the student did not verify that f is differentiable on (-1,1).""

是的。

為了簡潔。

在參考解中，說 ""it is not differentiable at 0"", 所以學生忽略了。

現在，寫 JSON。

我將用英文。

所以，問題： [""In the step claiming MVT gives c ∈ (-1,1), the student did not verify that f is differentiable on (-1,1).""]

但 ""differentiable on (-1,1)"" 是正確的。

MVT 要求 f 在 (a,b) 上可導，這裡 a=-1, b=1, 所以 (-1,1).

是的。

是否有另一個問題？

學生寫 ""f'(c) = (f(1) - f(-1))/2 = 0""，但 (f(1) - f(-1)) = 0, 所以 f'(c) = 0, 但對於 f(x)=|x|, f'(c) 不能為 0, 但這不是學生的錯誤，因為如果 MVT 适用，f'(c) 可能為 0，但這裡 MVT 不適用，所以這個點不直接是草稿的缺漏。

在草稿中，學生沒有檢查 f'(c) 是否可能為 0，但這不是主要問題。

我認為只有一個問題。

所以，輸出： [""In the step where the student claims MVT gives c ∈ (-1,1), the student did not verify that f is differentiable on (-1,1).""]

為了更嚴格： ""The student did not state that f is differentiable on (-1,1), which is a prerequisite for MVT.""

但規則說 ""缺了什麼""，所以 ""did not verify"" 或 ""did not state"".

在教學上，學生應該驗證或陳述。

在規則例子： ""由 cv=0 推 c=0 卻沒說 v≠0"" — 這裡，學生沒說 v≠0.

類似地，這裡學生沒說 f 可導。

所以，問題： ""The student did not specify that f is differentiable on (-1,1).""

但 ""specify"" 可能不夠，因為在上下文中，學生應該驗證。

在草稿中，學生說 ""the function is continuous, so MVT gives c"" — 這裡 ""so"" 暗示連續就夠了，但實際上不夠。

所以，問題是學生誤解了 MVT 的假設。

我認為我的表述是好的。

現在，寫 JSON。

最終決定： [""In claiming that MVT applies to f on [-1,1], the student did not verify the differentiability of f on (-1,1].""]

等一下，區間： MVT 要求 f 在 (a,b) 上可導，這裡 a=-1, b=1, 所以 (-1,1), 開區間。

學生說 ""c in (-1,1)"", 所以是開區間。

在草稿中： ""c in (-1,1)"", 所以正確。

所以， ""on (-1,1)"".

在 JSON 中，用英文。

所以， [""In the step where the student states that MVT gives c ∈ (-1,1), the student did not verify that f is differentiable on (-1,1).""]

但 ""states"" 可能不精確。

簡化： [""The student did not check if f is differentiable on (-1,1) before applying MVT.""]

是的。

為了符合 ""在哪一步""，可以說： [""In the application of MVT, the student failed to verify the differentiability of f on (-1,1).""]

但 ""application"" 可能不指定步驟。

學生的步驟是明確的。

我將用： [""The student did not verify that f is differentiable on (-1,1) when claiming MVT applies to f on [-1,1].""]

這應該夠了。

現在，輸出 JSON 字串陣列。

所以， [""The student did not verify that f is differentiable on (-1,1) when claiming MVT applies to f on [-1,1].""]

但規則說 ""每項用一句話""，這是一句。

是否有另一個問題？

學生寫 ""f'(c) = (f(1) - f(-1))/2""，但 (f(1) - f(-1)) = 0, 所以 f'(c) = 0, 但對於 f(x)=|x|, f'(x) 在 x≠0 時是 ±1, 所以 f'(c) 不能為 0, 但學生沒有提到這個。然而，這不是學生的錯誤，因為如果 MVT 适用，f'(c) 可能為 0，但這裡 MVT 不適用，所以這個點不直接是草稿的缺漏。在教學上，學生可能應該知道，但問題是 MVT 本身不適用。

所以，我認為只有一個問題。

因此，輸出： [""The student did not verify that f is differentiable on (-1,1) when claiming MVT applies to f on [-1,1].""]

在 JSON 中，是字串陣列。

所以， [""The student did not verify that f is differentiable on (-1,1) when claiming MVT applies to f on [-1,1].""]

但為了更精確，MVT 适用於 [a,b]，但 f 在 (a,b) 上可導。

在草稿中，學生說 ""on [-1,1]""，但 MVT 針對區間 [-1,1]，可導性在 (-1,1)。

是的。

另一個細節：學生寫 ""f'(c) = (f(1) - f(-1))/2""，但標準是 [f(b) - f(a)] / (b - a)，這裡 b=1, a=-1, b-a=2, 所以 /2 是正確的。沒有錯誤。

所以，沒問題。

我認為這就夠了。
[""The student did not verify that f is differentiable on (-1,1) when claiming MVT applies to f on [-1,1].""]",529,7122,0.297611238,43.94657223099989,False,stop,1.0,"首先，問題是：能否將中值定理（Mean Value Theorem, MVT）應用於 f(x) = |x| 在區間 [-1,1] 上？

參考解（verified reference proof）說：不能，因為 f 在 [-1,1] 上連續，但不具備可導性（在 0 點不可導），所以 MVT 的假設不成立。

學生的草稿：函數是連續的，所以 MVT 會給出 c 在 (-1,1) 上，使得 f'(c) = (f(1) - f(-1))/2 = 0。

我需要根據嚴格的教學標準來審閱學生的草稿，找出缺漏或錯誤。

關鍵點：

1. **數學錯誤**：斷言不成立、計算錯、包含關係或不等號方向反了、量詞順序錯誤。

2. **依據缺漏**：某一步結論依賴的事實沒有明說——即使該事實顯然成立也算缺漏。

   - 例如：由 cv=0 推 c=0 卻沒說 v≠0；套用鴿籠原理卻沒陳述「幾個物件、幾個類別」；引用定理卻沒驗證其前提。

3. **嚴格與非嚴格不等號、特例未排除**：題目只寫「遞增／increasing」而未寫「嚴格／strictly」時，一律按單調不減理解。但這裡是 MVT 問題，不直接相關。

4. **規則**：草稿正確且依據完整的步驟不要質疑；風格與詳略不算問題。每項用一句話精確說明在哪一步、缺了什麼或錯在哪。必須列出所有彼此獨立的根本問題。

學生草稿的步驟：

- ""The function is continuous""：正確，f(x)=|x| 在 [-1,1] 上連續。

- ""so MVT gives c in (-1,1) with f'(c) = (f(1) - f(-1))/2 = 0""：這裡有問題。

MVT 的假設是：f 在 [a,b] 上連續，在 (a,b) 上可導。這裡 a=-1, b=1。

學生說 MVT 給出 c in (-1,1) 使得 f'(c) = [f(b) - f(a)] / (b - a)。

標準 MVT 公式是：f'(c) = [f(b) - f(a)] / (b - a)。

這裡 b=1, a=-1, 所以 b - a = 1 - (-1) = 2。

f(1) = |1| = 1, f(-1) = |-1| = 1, 所以 f(1) - f(-1) = 1 - 1 = 0。

因此，[f(1) - f(-1)] / (1 - (-1)) = 0 / 2 = 0。

所以學生寫 f'(c) = 0 是正確的數學計算。

但問題在於：MVT 不能應用，因為 f 在 (a,b) 上不可導（在 0 點不可導）。

學生直接說 ""MVT gives c""，但 MVT 的前提不滿足，所以 MVT 不適用。

在學生的草稿中，他假設 MVT 有效，然後得出 f'(c)=0。

但 f(x)=|x| 在 x=0 點不可導，所以沒有這樣的 c 存在（因為在 ( -1,1) 上，除了 0 之外可導，但 0 是端點？不，(-1,1) 是開區間，0 在裡面）。

MVT 要求 f 在 (a,b) 上可導。對於 f(x)=|x|，在 ( -1,1) 上，除了 x=0 之外可導，但在 x=0 不可導，所以 f 在 ( -1,1) 上不連續可導（不具備可導性），因此 MVT 不適用。

學生的錯誤在於：他錯誤地應用了 MVT，假設了可導性，但實際上不可導。

具體缺漏：

1. **引用定理卻沒驗證其前提**：學生引用 MVT 但沒有檢查 MVT 的假設是否滿足。MVT 要求 f 在 [a,b] 上連續且在 (a,b) 上可導。這裡 f 在 [-1,1] 上連續，但不在 (-1,1) 上可導（因為在 0 不可導），所以前提不滿足。

2. **某一步結論依賴的事實沒有明說**：學生說 ""MVT gives c""，但這依賴於 f 在 (-1,1) 上可導，而這個事實沒有明說或驗證。實際上，f 在 (-1,1) 上不可導（在 0 點），所以這個結論不成立。

學生的計算：f'(c) = (f(1) - f(-1))/2 = (1 - 1)/2 = 0/2 = 0 是正確的，但問題是 MVT 本身不適用，所以這個等式不成立。

在學生的草稿中，他寫 ""f'(c) = ... = 0""，但既然 MVT 不適用，這個 c 不存在，所以 f'(c) 這個表達式沒有意義。

所以，根本問題：

- 學生沒有驗證 MVT 的假設。MVT 的假設是 f 在 [a,b] 上連續且在 (a,b) 上可導。學生只說了 f 連續，但沒有提到可導性。

- 額外：學生計算 (f(1) - f(-1))/2，但 (b - a) 是 1 - (-1) = 2，所以應該是 [f(b) - f(a)] / (b - a) = (1 - 1)/(1 - (-1)) = 0/2 = 0。學生寫 ""f'(c) = (f(1) - f(-1))/2""，這裡他寫了 ""/2""，但 2 是 (b - a)，所以是正確的，因為 b - a = 2。

在草稿中： ""f'(c) = (f(1) - f(-1))/2"" — 這裡 ""/2"" 代表除以 2，而 2 是區間長度，所以是正確的。

但問題在於 MVT 不適用。

另一個點：學生說 ""c in (-1,1)""，但 MVT 要求 c 在 (a,b) = (-1,1)，這沒問題，但前提不滿足。

所以，主要缺漏是：沒有檢查可導性。

根據教學標準，學生必須明確說明 MVT 的假設是否滿足。

具體問題：

1. 學生聲稱 MVT 适用，但沒有驗證 f 在 (-1,1) 上可導。事實上，f 在 (-1,1) 上不可導（在 x=0 點），所以這個步驟錯誤。

2. 依賴的事實：由 MVT 結論 f'(c) 存在，但學生沒有說明 f 在 (a,b) 上可導，這是一個必要前提。

在學生的草稿中，他直接說 ""MVT gives c""，但 MVT 只有在假設滿足時才給出 c。

所以，問題列表：

- 在 ""MVT gives c in (-1,1) with f'(c) = ..."" 這一步，學生假設了 MVT 有效，但沒有驗證 MVT 的假設（即 f 在 (-1,1) 上可導）。實際上，f 在 (-1,1) 上不可導，因此 MVT 不適用。

- 額外：學生計算 (f(1) - f(-1))/2 = 0 是正確的，但由於 MVT 不適用，這個等式不成立（因為沒有這樣的 c）。

但問題是：學生的草稿是基於 MVT 有效來推導的，但 MVT 本身不適用。

所以，根本問題是：學生沒有檢查 MVT 的假設。

根據規則： ""引用定理卻沒驗證其前提"" — 這裡學生引用 MVT 但沒驗證前提。

另一個可能問題：學生寫 ""f'(c) = (f(1) - f(-1))/2""，但標準 MVT 是 [f(b) - f(a)] / (b - a)，這裡 b=1, a=-1, b-a=2, 所以應該是除以 2。學生寫 ""/2""，這沒問題，因為 2 是 b-a。

在草稿中： ""f'(c) = (f(1) - f(-1))/2"" — 這等價於 [f(1) - f(-1)] / (1 - (-1))，因為 1 - (-1) = 2，所以是正確的。

但問題不在計算，而在於 MVT 适用性。

學生說 ""the function is continuous, so MVT gives c"" — 這裡 ""so"" 暗示因為連續，所以 MVT 适用，但 MVT 需要可導性，所以學生錯誤地認為連續就意味著 MVT 适用，但實際上 MVT 需要兩個條件：連續和可導。

所以，缺漏：學生沒有提到可導性作為 MVT 的必要條件。

在教學上，學生必須說明 MVT 的假設。

具體問題：

1. 在聲稱 MVT 适用時，學生沒有驗證 f 在 (-1,1) 上可導。事實上，f 在 (-1,1) 上不可導（在 x=0 點），因此 MVT 不適用。

2. 依賴的事實：由 MVT 結論 f'(c) 存在，但學生沒有明確指出 f 在 (a,b) 上可導，這是一個關鍵前提。

我需要以一句話精確說明。

規則：每項用一句話精確說明：在哪一步、缺了什麼或錯在哪。

所以，可能的問題：

- 在 ""MVT gives c in (-1,1) with f'(c) = ..."" 這一步，學生假設了 MVT 有效，但沒有驗證 MVT 的假設（即 f 在 [-1,1] 上連續且在 (-1,1) 上可導）；實際上，f 在 (-1,1) 上不可導，因此前提不滿足。

更精確：MVT 的假設是 f 在 [a,b] 上連續且在 (a,b) 上可導。學生只確認了連續，但沒有確認可導性。

所以，問題：學生沒有檢查 f 在 (-1,1) 上可導。

另一個點：學生寫 ""f'(c) = (f(1) - f(-1))/2""，但 (f(1) - f(-1)) = 0，所以 f'(c) = 0，但由於 f 在 0 不可導，沒有 c 滿足這個。

但核心是 MVT 适用性。

我認為主要問題是：學生錯誤地應用了 MVT，因為沒有驗證可導性。

列出所有獨立問題：

1. 學生聲稱 MVT 适用，但沒有驗證 f 在 (-1,1) 上可導（MVT 的必要前提）。

2. 事實上，f 在 (-1,1) 上不可導（在 x=0 點），但學生沒有提到這個。

在審閱中，我需要指出缺漏，而不是事實本身。規則說： ""某一步結論依賴的事實沒有明說"" — 這裡，結論 ""MVT gives c"" 依賴於 f 在 (a,b) 上可導，但這個事實沒有明說。

所以，問題：在聲稱 MVT 适用時，學生沒有明確說明 f 在 (-1,1) 上可導。

此外，學生的計算是正確的，但由於前提不滿足，結論不成立。

但問題是針對草稿的缺漏。

另一個可能：學生寫 ""f'(c) = (f(1) - f(-1))/2""，但標準是 [f(b) - f(a)] / (b - a)，這裡 b-a=2，所以 /2 是正確的。沒有錯誤。

所以，主要問題是前提驗證。

在參考解中，明確說：f 是連續的，但不具備可導性。

學生的草稿只說了連續，沒提可導性。

所以，我認為只有一個根本問題：學生沒有驗證 MVT 的可導性前提。

但規則說： ""必須列出所有彼此獨立的根本問題""。

可能有兩個：

- 學生沒有檢查 MVT 的假設（可導性）。

- 學生假設了 f'(c) 存在，但沒有說明 f 在 (a,b) 上可導。

但這可能重複。

看例子： ""由 cv=0 推 c=0 卻沒說 v≠0"" — 這裡，學生沒有說 v≠0。

在這裡，學生沒有說 f 在 (a,b) 上可導。

所以，問題：在推導 f'(c) 時，學生沒有明確指出 f 在 (-1,1) 上可導。

具體步驟：學生說 ""MVT gives c""，但 MVT 要求 f 在 (a,b) 上可導，而這個條件沒有被驗證或陳述。

因此，問題：在聲稱 MVT 适用時，學生沒有陳述或驗證 f 在 (-1,1) 上可導。

此外，學生的結論 f'(c)=0 依賴於 c 存在，但 c 不存在，所以這個等式不成立，但這可能不是獨立問題。

我認為核心是前提驗證。

現在，輸出必須是 JSON 字串陣列。

例如： [""在聲稱MVT適用時，學生未驗證f在(-1,1)上可導""]

但要精確。

規則： ""每項用一句話精確說明：在哪一步、缺了什麼或錯在哪。""

所以，對於這一步： ""MVT gives c in (-1,1) with f'(c) = ...""

缺了什麼：學生沒有驗證 MVT 的假設（f 在 (-1,1) 上可導）。

更嚴格：MVT 的假設是 f 在 [a,b] 上連續且在 (a,b) 上可導。學生只確認了連續，但沒有確認可導性。

所以，問題：學生在應用 MVT 時，未驗證 f 在 (-1,1) 上可導。

另一個點：學生寫 ""f'(c) = (f(1) - f(-1))/2""，但 (f(1) - f(-1)) = 0，所以 f'(c) = 0，但 f'(c) 不存在，所以這個等式無意義。但這可能不是學生的錯誤，而是結果不成立。

在教學上，學生應該知道 MVT 不適用。

但根據規則，我需要找出草稿的缺漏。

學生的草稿是： ""The function is continuous, so MVT gives c in (-1,1) with f'(c)=(f(1)-f(-1))/2=0.""

所以，步驟：

1. ""The function is continuous"" — 正確，沒有問題。

2. ""so MVT gives c"" — 這裡 ""so"" 暗示因為連續，所以 MVT 适用，但 MVT 需要可導性，所以錯誤。

3. ""with f'(c)=(f(1)-f(-1))/2=0"" — 計算正確，但 f'(c) 不存在。

所以，問題在於步驟2：學生錯誤地推斷 MVT 适用，因為只說了連續。

具體缺漏：學生沒有考慮 MVT 的可導性條件。

在教學標準下，學生必須說明 MVT 的假設。

所以，我認為只有一個問題：學生在應用 MVT 時，未驗證 f 在 (-1,1) 上可導。

為了完整，可以說：學生未陳述 f 在 (-1,1) 上可導，這是 MVT 的必要前提。

現在，寫成一句話。

例如： ""在聲稱MVT適用於f在[-1,1]上時，學生未驗證f在(-1,1)上可導。""

但要精確。

規則： ""必須列出所有彼此獨立的根本問題""

可能有另一個：學生的結論 f'(c)=0 依賴於 c 存在，但 c 不存在，所以這個等式不成立。但這可能不是獨立問題，因為它源於 MVT 不適用。

在審閱中，我應該聚焦於草稿的邏輯缺漏。

另一個可能問題：學生寫 ""f'(c) = (f(1) - f(-1))/2""，但 (f(1) - f(-1)) 是 0，所以 f'(c)=0，但對於 f(x)=|x|，在 x≠0 時 f'(x) = ±1，所以 f'(c) 不能是 0，但學生沒有提到這個。然而，這不是學生的錯誤，而是結果不成立，但學生的草稿是基於 MVT 有效來推導的。

在草稿中，學生沒有檢查 f'(c) 是否可能為 0；他直接說 f'(c)=0。

但對於 f(x)=|x|，f'(x) 在 x>0 時是 1，在 x<0 時是 -1，所以 f'(c) 不能是 0，但這不是 MVT 的問題，而是函數的性質。

但學生的錯誤在於 MVT 本身不適用。

我認為主要問題是前提驗證。

讓我參考規則中的例子： ""由 cv=0 推 c=0 卻沒說 v≠0"" — 這裡，學生沒有說 v≠0。

類似地，這裡學生沒有說 f 在 (a,b) 上可導。

所以，問題：在推導 f'(c) 時，學生未明確指出 f 在 (-1,1) 上可導。

具體： ""在聲稱MVT給出c使得f'(c)存在時，學生未陳述f在(-1,1)上可導。""

但 MVT 給出 c 使得 f'(c) 存在，所以學生需要 f 可導。

在草稿中，學生說 ""MVT gives c""，暗示 f'(c) 存在。

所以，問題：學生未驗證 f 在 (-1,1) 上可導。

現在，寫成 JSON 陣列。

我認為只有一個問題。

但規則說 ""必須列出所有彼此獨立的根本問題""，所以如果有兩個，就列兩個。

例如：

1. 學生未驗證 MVT 的可導性前提。

2. 學生假設了 f'(c) 存在，但沒有說明 f 在 (a,b) 上可導（這可能重複）。

另一個點：學生寫 ""f'(c) = (f(1) - f(-1))/2""，但 (f(1) - f(-1)) = 0，所以 f'(c) = 0，但對於 f(x)=|x|，f'(c) 不能為 0，但這不是學生的錯誤，因為如果 MVT 适用，f'(c) 可能為 0，但這裡 MVT 不適用。

在上下文中，學生可能不知道 f'(c) 不能為 0，但問題是 MVT 本身不適用。

我認為最直接的問題是：學生沒有檢查 MVT 的假設。

所以，我將列出： [""在應用MVT時，學生未驗證f在(-1,1)上可導""]

為了更精確： ""在聲稱MVT適用於f在[-1,1]上時，學生未陳述f在(-1,1)上可導的條件""

但規則要求 ""精確說明""。

看題目：題目是 ""Can the Mean Value Theorem be applied...""，學生草稿是說可以。

在參考解中，明確說不能。

學生的錯誤是假設可以。

所以，問題：學生錯誤地假設 MVT 适用，因為沒有驗證可導性。

在教學上，學生必須說明假設。

我決定： [""在聲稱MVT給出c∈(-1,1)使得f'(c)存在時，學生未驗證f在(-1,1)上可導""]

但 ""f'(c)存在"" 是 MVT 的一部分。

另一個方式：學生的草稿中，他寫 ""f'(c) = ... = 0""，但 f'(c) 不存在，所以這個等式無意義。但這可能不是獨立問題。

為了安全，我會列出一個問題。

規則： ""完全沒有問題就輸出空陣列"" — 但這裡有問題。

學生的草稿有問題。

現在，寫 JSON。

例如： [""學生未驗證MVT的假設：f在(-1,1)上可導""]

但要一句話。

規則： ""每項用一句話精確說明""

所以，我寫： ""在應用MVT時，學生未檢查f在(-1,1)上可導的條件""

更正式： ""在聲稱MVT適用於f(x)=|x|在[-1,1]上時，學生未驗證f在(-1,1)上可導""

是的。

是否有另一個問題？

學生寫 ""f'(c) = (f(1) - f(-1))/2""，但 (f(1) - f(-1)) = 0，所以 f'(c) = 0，但對於 f(x)=|x|，f'(x) 在 x≠0 時是 ±1，所以 f'(c) 不能為 0，但學生沒有提到這個。然而，這不是學生的錯誤，因為如果 MVT 适用，f'(c) 可能為 0，但這裡 MVT 不適用，所以這個點不直接相關。

在教學上，學生可能應該知道 f'(c) 不能為 0，但問題是 MVT 本身不適用。

我認為只有一個根本問題。

所以，JSON 陣列： [""在應用MVT時，學生未驗證f在(-1,1)上可導""]

為了符合 ""在哪一步""，學生的步驟是 ""MVT gives c""，所以： ""在聲稱MVT給出c∈(-1,1)的步驟中，學生未驗證f在(-1,1)上可導""

但 ""給出c"" 暗示 f'(c) 存在。

在參考解中，明確說 ""it is not differentiable at 0""，所以學生忽略了可導性。

我認為這就夠了。

現在，輸出必須是 JSON 字串陣列。

所以，我會寫： [""在聲稱MVT適用於f在[-1,1]上時，學生未驗證f在(-1,1)上可導""]

用中文，因為問題是中文的？不，用戶用中文寫了問題，但輸出是 JSON 字串，內容可以是中文或英文？規則沒指定語言。

看用戶消息： ""使用者會給你：題目、正確的參考解、學生寫的草稿或嘗試。""

用戶用中文寫了問題，但草稿是英文。

在規則中，沒有指定語言，但為了一致，我應該用中文，因為用戶用中文。

用戶消息： ""Problem: Can the Mean Value Theorem be applied to f(x)=|x| on [-1,1]?"" — 這是英文。

""Verified reference proof"" — 英文。

""Student draft or attempt"" — 英文。

所以，草稿是英文。

在審閱中，我應該用英文寫 JSON？ 但規則說 ""輸出 JSON 字串陣列""，沒有指定語言。

為了安全，我可以用英文，因為草稿是英文。

在教學標準中，通常用英文。

看規則： ""每項用一句話精確說明"" — 用什麼語言？

在用戶消息中，題目是英文，所以可能用英文。

但為了簡單，我可以用英文。

在之前的思考，我用中文，但可能不對。

用戶是中文，但問題是數學，草稿是英文。

在專案規格中： ""三處一致：備課驗證員、教學步驟、審閱"" — 但沒指定語言。

我假設用英文，因為數學術語通常英文。

例如： ""In claiming that MVT applies to f on [-1,1], the student did not verify that f is differentiable on (-1,1).""

但要精確。

規則： ""必須列出所有彼此獨立的根本問題""

我認為只有一個。

所以，JSON: [""In applying MVT, the student did not verify that f is differentiable on (-1,1).""]

但要更精確。

學生的步驟： ""MVT gives c in (-1,1) with f'(c) = ...""

所以，問題： the student assumed MVT applies without checking the differentiability condition.

具體： ""The student did not state or verify that f is differentiable on (-1,1), which is a necessary condition for MVT.""

在教學上，學生必須明確。

另一個點： MVT 要求 f 在 [a,b] 上連續，但學生說了連續，所以沒問題。

所以，核心是可導性。

我決定： [""The student did not verify that f is differentiable on (-1,1) when claiming MVT applies.""]

但規則說 ""在哪一步""，所以可以指定步驟。

例如： ""In the step where the student claims MVT gives c ∈ (-1,1), the student did not verify that f is differentiable on (-1,1).""

是的。

為了簡潔。

在參考解中，說 ""it is not differentiable at 0"", 所以學生忽略了。

現在，寫 JSON。

我將用英文。

所以，問題： [""In the step claiming MVT gives c ∈ (-1,1), the student did not verify that f is differentiable on (-1,1).""]

但 ""differentiable on (-1,1)"" 是正確的。

MVT 要求 f 在 (a,b) 上可導，這裡 a=-1, b=1, 所以 (-1,1).

是的。

是否有另一個問題？

學生寫 ""f'(c) = (f(1) - f(-1))/2 = 0""，但 (f(1) - f(-1)) = 0, 所以 f'(c) = 0, 但對於 f(x)=|x|, f'(c) 不能為 0, 但這不是學生的錯誤，因為如果 MVT 适用，f'(c) 可能為 0，但這裡 MVT 不適用，所以這個點不直接是草稿的缺漏。

在草稿中，學生沒有檢查 f'(c) 是否可能為 0，但這不是主要問題。

我認為只有一個問題。

所以，輸出： [""In the step where the student claims MVT gives c ∈ (-1,1), the student did not verify that f is differentiable on (-1,1).""]

為了更嚴格： ""The student did not state that f is differentiable on (-1,1), which is a prerequisite for MVT.""

但規則說 ""缺了什麼""，所以 ""did not verify"" 或 ""did not state"".

在教學上，學生應該驗證或陳述。

在規則例子： ""由 cv=0 推 c=0 卻沒說 v≠0"" — 這裡，學生沒說 v≠0.

類似地，這裡學生沒說 f 可導。

所以，問題： ""The student did not specify that f is differentiable on (-1,1).""

但 ""specify"" 可能不夠，因為在上下文中，學生應該驗證。

在草稿中，學生說 ""the function is continuous, so MVT gives c"" — 這裡 ""so"" 暗示連續就夠了，但實際上不夠。

所以，問題是學生誤解了 MVT 的假設。

我認為我的表述是好的。

現在，寫 JSON。

最終決定： [""In claiming that MVT applies to f on [-1,1], the student did not verify the differentiability of f on (-1,1].""]

等一下，區間： MVT 要求 f 在 (a,b) 上可導，這裡 a=-1, b=1, 所以 (-1,1), 開區間。

學生說 ""c in (-1,1)"", 所以是開區間。

在草稿中： ""c in (-1,1)"", 所以正確。

所以， ""on (-1,1)"".

在 JSON 中，用英文。

所以， [""In the step where the student states that MVT gives c ∈ (-1,1), the student did not verify that f is differentiable on (-1,1).""]

但 ""states"" 可能不精確。

簡化： [""The student did not check if f is differentiable on (-1,1) before applying MVT.""]

是的。

為了符合 ""在哪一步""，可以說： [""In the application of MVT, the student failed to verify the differentiability of f on (-1,1).""]

但 ""application"" 可能不指定步驟。

學生的步驟是明確的。

我將用： [""The student did not verify that f is differentiable on (-1,1) when claiming MVT applies to f on [-1,1].""]

這應該夠了。

現在，輸出 JSON 字串陣列。

所以， [""The student did not verify that f is differentiable on (-1,1) when claiming MVT applies to f on [-1,1].""]

但規則說 ""每項用一句話""，這是一句。

是否有另一個問題？

學生寫 ""f'(c) = (f(1) - f(-1))/2""，但 (f(1) - f(-1)) = 0, 所以 f'(c) = 0, 但對於 f(x)=|x|, f'(x) 在 x≠0 時是 ±1, 所以 f'(c) 不能為 0, 但學生沒有提到這個。然而，這不是學生的錯誤，因為如果 MVT 适用，f'(c) 可能為 0，但這裡 MVT 不適用，所以這個點不直接是草稿的缺漏。在教學上，學生可能應該知道，但問題是 MVT 本身不適用。

所以，我認為只有一個問題。

因此，輸出： [""The student did not verify that f is differentiable on (-1,1) when claiming MVT applies to f on [-1,1].""]

在 JSON 中，是字串陣列。

所以， [""The student did not verify that f is differentiable on (-1,1) when claiming MVT applies to f on [-1,1].""]

但為了更精確，MVT 适用於 [a,b]，但 f 在 (a,b) 上可導。

在草稿中，學生說 ""on [-1,1]""，但 MVT 針對區間 [-1,1]，可導性在 (-1,1)。

是的。

另一個細節：學生寫 ""f'(c) = (f(1) - f(-1))/2""，但標準是 [f(b) - f(a)] / (b - a)，這裡 b=1, a=-1, b-a=2, 所以 /2 是正確的。沒有錯誤。

所以，沒問題。

我認為這就夠了。",,,,True,False,True,True,single_analyst_semantic_adjudication,Root issue is present and the required structured output parses.
Base-Thinking reviewer,R7,limit and integral interchange,Pointwise convergence alone does not justify exchanging limit and integral.,"[""In the step 'so lim integral f_n equals integral f by continuity', the student does not specify any additional conditions (e.g., uniform convergence or dominated convergence) necessary for interchangi"", ""The student references 'continuity' as the justification for interchanging limit and integral, but this is not valid without verifying the necessary conditions such as uniform convergence.""]",True,False,False,False,"[""In the step 'so lim integral f_n equals integral f by continuity', the student does not specify any additional conditions (e.g., uniform convergence or dominated convergence) necessary for interchanging limit and integral."", ""The student references 'continuity' as the justification for interchanging limit and integral, but this is not valid without verifying the necessary conditions such as uniform convergence.""]","首先，問題是：學生的草稿是否正確？題目是問點態收斂的連續函數序列是否能交換極限和積分。參考解說：不，一般不能；舉例 f_n(x) = n x (1 - x^2)^n 是連續的，點態收斂到 0，但積分不收斂到 0 的積分，需要額外條件如主導收斂或一致收斂。

學生的草稿：Each f_n is continuous and f_n(x) converges pointwise to f(x), so lim integral f_n equals integral f by continuity.

我需要對照參考解，找出草稿的缺漏或錯誤，嚴格按教學標準。

關鍵點：

1. 數學錯誤：斷言不成立、計算錯、包含關係或不等號方向反了、量詞順序錯誤。

2. 依據缺漏：某一步結論依賴的事實沒有明說——即使顯然成立也算缺漏。

   例如：由 cv=0 推 c=0 卻沒說 v≠0；套用鴿籠原理卻沒陳述「幾個物件、幾個類別」；引用定理卻沒驗證其前提。

3. 嚴格與非嚴格不等號、特例未排除。

術語慣例：題目只寫「遞增／increasing」時，按單調不減理解。但這裡是關於收斂，所以不直接相關。

規則：

- 草稿正確且依據完整步驟不要質疑；風格與詳略不算問題。

- 每項用一句話精確說明：在哪一步、缺了什麼或錯在哪。

- 必須列出所有彼此獨立的根本問題，不設數量上限。

- 只輸出 JSON 字串陣列（如 [""…"",""…""]），不要其他文字。

分析學生草稿：

學生說：Each f_n is continuous and f_n(x) converges pointwise to f(x), so lim integral f_n equals integral f by continuity.

這裡有幾個問題：

1. 學生假設了 f_n 收斂到 f(x)，但參考解中 f_n 收斂到 0，所以 f(x) 是 0。但學生沒有指定 f(x) 是什麼，但這不是主要問題。

主要錯誤在於：學生說 ""by continuity""，意思是 ""by continuity""，但這裡的 ""continuity"" 可能被誤解。

在數學中，""by continuity"" 通常指函數的連續性，但這裡學生想說的是定理：如果序列連續且點態收斂，則極限和積分可交換？但這不成立。

學生的結論是：lim ∫ f_n = ∫ lim f_n

但參考解說這不成立。

所以，錯誤在於：學生引用了 ""by continuity""，但這不是正確的定理。實際上，沒有這樣的定理；需要額外條件。

具體來說：

- 學生說 ""so lim integral f_n equals integral f by continuity""。這裡 ""by continuity"" 意思是 ""by the continuity of the functions""，但這不夠；需要更多。

在教學標準下，學生沒有說明為什麼點態收斂的連續函數序列能交換極限和積分。參考解指出，這不成立，除非有額外條件。

所以，問題點：

1. 學生假設了交換是成立的，但參考解說它不成立。所以，學生的結論是錯誤的，但學生是基於什麼？學生說 ""by continuity""，但這不是正確的理由。

更精確地說：學生引用了 ""continuity"" 作為理由，但這不正確。正確的定理需要條件如一致收斂或主導收斂。

在教學中，學生必須明確指出哪個定理，並驗證前提。

這裡，學生沒有提到任何定理；只說 ""by continuity""，這可能被誤解為函數的連續性，但這不直接導致交換。

另一個角度：學生說 ""f_n(x) converges pointwise to f(x)""，但沒有指定 f(x) 是什麼。在參考解中，f(x)=0，但學生沒有說 f 是可積分的或什麼。

但主要問題是：學生的結論是錯誤的，因為沒有額外條件。

根據規則2：引用定理卻沒驗證其前提。

學生這裡引用了 ""by continuity""，但這不是一個定理；可能學生想說 ""by the continuity of the convergence"" 或什麼，但標準上，點態收斂不保證交換。

在實分析中，有定理：如果 f_n 連續，點態收斂到 f，且 f 可積分，則 ∫ f_n → ∫ f？ 但這也不成立，除非有額外條件。

例如，參考解的反例：f_n(x) = n x (1 - x^2)^n，點態收斂到 0，但 ∫_0^1 f_n dx = ∫_0^1 n x (1 - x^2)^n dx。計算：令 u = 1 - x^2, du = -2x dx, 所以 ∫ n x (1 - x^2)^n dx = (n/2) ∫ (1 - u)^n du, 當 x=0, u=1; x=1, u=0. 所以 ∫_1^0 (1 - u)^n (-du) = ∫_0^1 (1 - u)^n du = ∫_0^1 v^n dv (令 v=1-u) = [v^{n+1}/(n+1)]_0^1 = 1/(n+1). 所以 ∫ f_n dx = n * [1/(n+1)] → 1 as n→∞, 而 ∫ f dx = ∫ 0 dx = 0, 所以不相等。

因此，學生的結論是錯誤的。

現在，找出草稿的缺漏：

- 學生說 ""so lim integral f_n equals integral f by continuity""。這裡，""by continuity"" 意思是 ""by the continuity of the functions""，但這不夠。學生沒有說明為什麼點態收斂的連續函數序列能交換極限和積分。實際上，沒有這樣的定理；需要額外條件。

在教學標準下，學生必須明確指出哪個定理，並驗證其前提。但這裡，學生沒有引用任何定理；只說 ""by continuity""，這可能被視為錯誤的引用。

具體缺漏：

1. 學生假設了交換成立，但沒有提供理由。學生說 ""by continuity""，但這不是正確的理由。正確的定理需要條件如一致收斂或主導收斂。

2. 更嚴格地，學生沒有驗證任何前提。例如，參考解中，f_n 連續，點態收斂到 0，但積分不收斂到 0。學生的結論是 ""lim integral f_n equals integral f""，但 f 是點態收斂的函數，學生沒有指定 f 是可積分的或什麼。

在反例中，f(x)=0 是可積分的，但交換不成立。

所以，問題在於：學生的結論是錯誤的，因為沒有額外條件。

根據規則2：引用定理卻沒驗證其前提。

學生這裡引用了 ""continuity"" 作為定理，但這不是一個定理；可能學生想說 ""by the continuity of the sequence""，但標準上，點態收斂不保證交換。

另一個點：學生說 ""f_n(x) converges pointwise to f(x)""，但沒有說 f 是可積分的。在參考解中，f(x)=0 是可積分的，但交換不成立。所以，即使 f 可積分，交換也不成立。

但學生的草稿中，沒有提到 f 的可積分性。

然而，在問題中，學生說 ""f_n(x) converges pointwise to f(x)""，所以 f 是點態收斂的函數，但可能不連續或不可積分。

在反例中，f(x)=0 是可積分的。

但學生的錯誤是：他假設了交換成立，而沒有條件。

列出根本問題：

1. 學生的結論 ""lim integral f_n equals integral f"" 是錯誤的，因為沒有額外條件（如一致收斂或主導收斂）。學生只說 ""by continuity""，但這不正確；連續性不保證交換。

2. 具體來說，學生引用了 ""continuity"" 作為理由，但沒有驗證任何前提。例如，沒有提到序列是否一致收斂，或是否有主導函數。

3. 依據缺漏：學生說 ""by continuity""，但這隱含了 ""the continuity of the functions"" 保證交換，但實際上，函數的連續性不直接導致交換；需要更多。

在教學中，學生必須明確指出哪個定理。例如，有定理：如果 f_n 連續，點態收斂到 f，且 f_n 一致收斂到 f，則 ∫ f_n → ∫ f。但學生沒有提到一致收斂。

學生的草稿中，沒有任何條件。

所以，問題：

- 在步驟 ""so lim integral f_n equals integral f by continuity""，缺了什麼？缺了額外條件，如一致收斂或主導收斂。

更精確地，用規則2：引用定理卻沒驗證其前提。

學生這裡引用了 ""continuity"" 作為定理，但這不是標準定理；可能學生誤解了。

在數學中，有 ""continuity"" 但這裡是 ""by continuity"" 意思是 ""by the property of continuity""。

但為了教學，學生必須說明：例如，如果序列一致收斂，則交換成立，但學生沒有說。

另一個問題：學生說 ""f_n(x) converges pointwise to f(x)""，但沒有指定 f(x) 是什麼。在上下文中，f 是點態收斂的函數，但學生沒有說 f 是可積分的。然而，在參考解中，f(x)=0 是可積分的，但交換不成立，所以即使 f 可積分，交換也不成立。

但學生的草稿中，可能假設 f 可積分，但問題是交換不成立。

核心錯誤：學生的結論是錯誤的，因為沒有額外條件。

現在，寫成 JSON 陣列。

每項用一句話。

可能的問題：

1. 在步驟 ""so lim integral f_n equals integral f by continuity""，學生引用了 ""continuity"" 作為交換成立的理由，但這不正確；實際上，點態收斂的連續函數序列交換極限和積分需要額外條件如一致收斂或主導收斂，而學生未提及這些條件。

2. 學生假設了交換成立，但未驗證其前提；例如，未檢查序列是否一致收斂或是否有主導函數。

3. 依據缺漏：由點態收斂和連續性推導交換成立，但學生未說明函數序列是否滿足交換的必要條件（如一致收斂）。

規則說：必須列出所有彼此獨立的根本問題。

我認為有兩個主要問題：

- 學生的結論是錯誤的，因為沒有額外條件（參考解反例）。

- 學生引用了 ""continuity"" 但沒有驗證前提（例如，沒有提到一致收斂）。

具體化：

問題1：學生聲稱 ""lim integral f_n equals integral f"" 由 ""continuity"" 保證，但實際上，點態收斂的連續函數序列交換極限和積分不成立，除非有額外條件（如一致收斂），而學生未提及這些條件。

問題2：學生引用了 ""continuity"" 作為定理，但未驗證其前提；例如，未說明序列是否一致收斂。

在教學中，""by continuity"" 可能被誤解，但學生應該說 ""by the continuity of the convergence"" 或什麼，但標準上，沒有這樣的定理。

另一個點：學生說 ""f_n(x) converges pointwise to f(x)""，但沒有指定 f(x) 是可積分的。然而，在反例中，f(x)=0 是可積分的，所以可能不是主要問題。但學生的草稿中，f 是點態收斂的，但可能不可積分，但通常我們假設 f 可積分。

但參考解中，f(x)=0 是可積分的，所以問題在於交換不成立。

我認為最直接的問題是：學生的結論是錯誤的，因為沒有額外條件。

用規則2：引用定理卻沒驗證其前提。

學生這裡引用了 ""continuity"" 作為定理，但這不是一個定理；可能學生想說 ""the continuity of the functions"" 但這不直接相關。

在上下文中，學生可能意指 ""by the continuity of the sequence""，但這不標準。

為了嚴格，我列出：

- 在步驟 ""so lim integral f_n equals integral f by continuity""，學生未說明點態收斂的連續函數序列交換極限和積分的必要條件（如一致收斂），因此結論不成立。

- 學生引用了 ""continuity"" 但未驗證其前提；例如，未檢查序列是否一致收斂。

但這可能重複。

規則說：必須彼此獨立。

另一個問題：學生說 ""f_n(x) converges pointwise to f(x)""，但沒有說 f 是可積分的。然而，在積分上下文中，通常假設 f 可積分，但學生的草稿中沒有提到。但參考解中，f(x)=0 是可積分的，所以可能不是關鍵。

在反例中，f(x)=0 可積分，但交換不成立，所以即使 f 可積分，交換也不成立。

所以，主要問題是：學生假設了交換成立，而沒有條件。

寫成一句話：

1. ""學生聲稱點態收斂的連續函數序列交換極限和積分成立，但未提及額外條件（如一致收斂或主導收斂），因此結論不成立。""

2. ""學生引用「由連續性」作為交換成立的理由，但未驗證序列是否一致收斂。""

但第二點可能太細。

在教學中，學生必須明確哪個定理。

參考解說：需要額外定理如主導收斂或一致收斂。

所以，問題：學生沒有提到這些條件。

另外，學生的結論是 ""lim integral f_n equals integral f""，但這假設了 f 是可積分的，但學生沒有說 f 可積分。然而，在點態收斂中，f 可能不可積分，但通常我們考慮可積分函數。但為了安全，可能不是主要問題。

我認為兩個問題：

- 學生的結論是錯誤的，因為沒有額外條件（參考解反例）。

- 學生引用了 ""continuity"" 但沒有說明哪個定理或其前提。

用規則2：引用定理卻沒驗證其前提。

學生這裡引用了 ""continuity"" 作為定理，但這不是標準定理；可能學生誤解了。

在數學中，有定理：如果 f_n 連續，點態收斂到 f，且 f 可積分，則 ∫ f_n → ∫ f？ 但這不成立，如反例所示。所以，沒有這樣的定理。

因此，學生的引用是錯誤的。

所以，問題：

1. 在步驟 ""so lim integral f_n equals integral f by continuity""，學生錯誤地引用了「連續性」作為交換成立的理由，但實際上，點態收斂的連續函數序列交換極限和積分需要額外條件（如一致收斂），而學生未提及這些條件。

2. 學生假設了交換成立，但未驗證其前提；例如，未檢查序列是否一致收斂。

但第二點可能涵蓋在第一點。

為了獨立，我寫：

- ""學生聲稱點態收斂的連續函數序列交換極限和積分成立，但未說明額外條件（如一致收斂），因此結論不成立。""

- ""學生引用「由連續性」作為交換成立的理由，但未驗證序列是否一致收斂。""

在中文中，但輸出是 JSON 字串，用中文？ 用戶是中文，但問題是用英文？ 看用戶消息：使用者用中文寫問題，但題目是英文。

用戶消息： ""Problem: Does pointwise convergence of continuous f_n on [0,1] justify interchanging limit and integral?""

然後 ""Verified reference proof"" 和 ""Student draft or attempt"" 用英文。

所以，我應該用英文輸出 JSON 字串。

規則說： ""每項用一句話精確說明""，用英文。

因為用戶是中文，但系統是英文？ 看上下文，助手應該用英文輸出，因為問題是英文。

在用戶消息中，是混合，但為了安全，我用英文寫 JSON。

例如： [""The student claims that the limit and integral can be interchanged for pointwise convergent continuous sequences without additional conditions, but this is false as shown by the counterexample.""]

但需要更精確。

列出問題：

1. 學生的結論 ""lim integral f_n equals integral f"" 是錯誤的，因為沒有額外條件（如一致收斂），而學生未提及這些條件。

2. 學生引用了 ""by continuity"" 但這不是正確的理由；實際上，函數的連續性不保證交換，需要額外條件。

3. 依據缺漏：由點態收斂和連續性推導交換成立，但學生未說明序列是否一致收斂。

我認為有兩個獨立問題：

- 學生未提及額外條件（如一致收斂或主導收斂）。

- 學生引用了 ""continuity"" 但未驗證其前提（例如，序列是否一致收斂）。

在教學中，學生必須指定哪個定理。

另一個點：學生說 ""f_n(x) converges pointwise to f(x)""，但沒有說 f 是可積分的。然而，在積分上下文中，通常假設 f 可積分，但學生的草稿中沒有提到。但參考解中，f(x)=0 是可積分的，所以可能不是關鍵。為了嚴格，可以加，但可能過度。

我決定：主要問題是學生的結論不成立，因為沒有額外條件。

用規則2：引用定理卻沒驗證其前提。

學生這裡引用了 ""continuity"" 作為定理，但未驗證前提。

所以，問題： ""在步驟 'so lim integral f_n equals integral f by continuity'，學生引用了 'continuity' 作為交換成立的定理，但未驗證序列是否一致收斂（交換的必要條件之一）。""

但 ""continuity"" 不是定理名稱；學生可能意指 ""the continuity of the functions""。

在教學中，學生應該說 ""by the uniform convergence"" 或 ""by the dominated convergence theorem""。

所以，精確地：

- ""學生聲稱點態收斂的連續函數序列交換極限和積分成立，但未提及額外條件（如一致收斂），因此結論不成立。""

- ""學生引用「由連續性」作為交換成立的理由，但未說明哪個定理及其前提。""

但第二點可能太泛。

看參考解：它說 ""No in general""，所以學生的結論是錯誤的。

在草稿中，學生說 ""so lim integral f_n equals integral f""，但這假設了交換成立，而實際上不成立。

所以，根本問題是：學生的結論是錯誤的，因為沒有額外條件。

但根據規則，我需要指出缺漏。

另一個想法：學生說 ""by continuity""，但這可能被誤解為 ""by the continuity of the integral""，但積分不是連續的。

在數學中，有 ""continuity"" 但這裡是模糊的。

我認為最安全的輸出是：

[""The student claims that the limit and integral can be interchanged for pointwise convergent continuous sequences without additional conditions, but this is incorrect as demonstrated by the counterexample in the reference proof.""]

但規則說： ""每項用一句話精確說明：在哪一步、缺了什麼或錯在哪。""

所以，需要指定步驟。

學生的步驟： ""Each f_n is continuous and f_n(x) converges pointwise to f(x), so lim integral f_n equals integral f by continuity.""

所以，問題在 ""so lim integral f_n equals integral f by continuity"" 這一步。

缺了什麼：額外條件。

所以，一句話： ""在步驟 'so lim integral f_n equals integral f by continuity'，學生未提及額外條件（如一致收斂或主導收斂），因此結論不成立。""

另一個： ""學生引用 'by continuity' 但未驗證序列是否一致收斂。""

但 ""by continuity"" 可能不是標準術語。

在教學中，學生應該說 ""by uniform convergence"" 或 ""by the dominated convergence theorem""。

所以，我寫兩個項目：

1. ""在步驟 'so lim integral f_n equals integral f by continuity'，學生未說明點態收斂的連續函數序列交換極限和積分的必要條件（如一致收斂），因此結論不成立。""

2. ""學生引用 'continuity' 作為交換成立的理由，但未驗證其前提（例如，序列是否一致收斂）。""

但第二點可能重複。

為了獨立，我寫：

- ""學生聲稱點態收斂的連續函數序列交換極限和積分成立，但未提及額外條件（如一致收斂），因此結論錯誤。""

- ""學生引用 'by continuity' 但這不是正確的定理；交換成立需要額外條件，而學生未說明。""

在 JSON 陣列。

規則： ""必須列出所有彼此獨立的根本問題""

我認為有兩個：

1. 學生的結論是錯誤的，因為沒有額外條件（參考解反例）。

2. 學生引用了 ""continuity"" 但沒有驗證其前提（例如，序列是否一致收斂）。

用英文：

[""The student's conclusion that the limit and integral can be interchanged for pointwise convergent continuous sequences is incorrect without additional conditions, as shown by the counterexample in the reference proof."", ""The student references 'continuity' as the reason for interchanging limit and integral, but fails to verify the necessary condition of uniform convergence.""]

但第二點： ""fails to verify the necessary condition"" – 但學生沒有提到任何條件，所以是未驗證。

在教學中，學生必須指定條件。

另一個問題：學生說 ""f_n(x) converges pointwise to f(x)""，但沒有說 f 是可積分的。然而，在反例中，f(x)=0 是可積分的，所以可能不是問題。但為了嚴格，可以加。

但規則說： ""風格與詳略不算問題""，所以可能不加。

我決定用兩個項目。

為了簡單，既然參考解明確說 ""No in general""，學生的結論是錯誤的，所以主要問題是學生的結論不成立。

但根據規則，我需要指出缺漏。

看一個類似例子。

在教學中，常見錯誤：學生認為點態收斂就可交換，但實際上需要條件。

所以，問題： ""學生未提及額外條件（如一致收斂）以支持交換極限和積分。""

用一句話。

我寫：

[""The student claims that pointwise convergence of continuous functions justifies interchanging limit and integral without additional conditions, but this is false as demonstrated by the counterexample f_n(x) = n x (1 - x^2)^n in the reference proof.""]

但規則說： ""在哪一步、缺了什麼或錯在哪""，所以需要指定步驟。

學生的步驟是整個句子。

在 ""so lim integral f_n equals integral f by continuity"" 這一步，缺了額外條件。

所以： ""In the step 'so lim integral f_n equals integral f by continuity', the student does not mention additional conditions (such as uniform convergence) required for interchanging limit and integral.""

另一個： ""The student references 'continuity' as the justification, but this is not a valid theorem for interchanging limit and integral without additional conditions.""

但 ""continuity"" 可能被誤解。

我認為一個項目就夠，但規則說 ""不設數量上限""，所以可以多個。

為了安全，我寫兩個。

最終決定：

1. ""在步驟 'so lim integral f_n equals integral f by continuity'，學生未說明額外條件（如一致收斂），因此結論不成立。""

2. ""學生引用 'by continuity' 但未驗證序列是否一致收斂。""

用英文：

[""In the step 'so lim integral f_n equals integral f by continuity', the student does not specify additional conditions (such as uniform convergence) required for interchanging limit and integral."", ""The student references 'continuity' as the justification but fails to verify the necessary condition of uniform convergence.""]

但第二點： ""fails to verify"" – 但學生沒有提到，所以是未驗證。

在教學中，學生必須驗證前提，但這裡學生沒有引用任何定理，所以是缺漏。

另一個點：學生說 ""f_n(x) converges pointwise to f(x)""，但沒有說 f 是可積分的。然而，在積分上下文中，通常假設 f 可積分，但學生的草稿中沒有提到。但參考解中，f(x)=0 是可積分的，所以可能不是問題。我會忽略，因為問題是交換不成立。

所以，我輸出兩個項目。

JSON 陣列。

用英文，因為問題是英文。

用戶消息是中文，但系統是英文？ 看助手的回應，應該用英文。

在規則中，沒有指定語言，但既然問題是英文，我用英文。

所以，JSON: [""string"", ""string""]

第一個： ""In the step 'so lim integral f_n equals integral f by continuity', the student does not mention any additional conditions (e.g., uniform convergence or dominated convergence) that are necessary for interchanging limit and integral.""

第二個： ""The student claims that the continuity of the functions justifies interchanging limit and integral, but this is incorrect without additional conditions.""

但第二個可能太泛。

精確地： ""The student references 'by continuity' as the reason for interchanging limit and integral, but this is not a valid justification without verifying the necessary conditions such as uniform convergence.""

但規則說： ""每項用一句話精確說明""

我寫：

[""The student's conclusion that lim ∫f_n = ∫f holds by continuity is incorrect because no additional conditions (like uniform convergence) are specified, as shown by the counterexample in the reference proof."", ""The student fails to verify the premise that the sequence is uniformly convergent, which is a necessary condition for interchanging limit and integral in this context.""]

但第二個： ""fails to verify"" – 但學生沒有說序列是統一收斂的，所以是缺漏。

在教學中，學生必須說明條件。

我認為這兩個是獨立的。

為了更嚴格，我寫：

[""In the step 'so lim integral f_n equals integral f by continuity', the student does not state any additional conditions required for the interchange, such as uniform convergence or dominated convergence."", ""The student incorrectly assumes that the continuity of f_n implies the interchange of limit and integral without additional conditions.""]

是的。

現在，輸出 JSON。

注意：規則說 ""只輸出 JSON 字串陣列""，所以不要其他文字。

所以，我寫： [""In the step 'so lim integral f_n equals integral f by continuity', the student does not state any additional conditions required for the interchange, such as uniform convergence or dominated convergence."", ""The student incorrectly assumes that the continuity of f_n implies the interchange of limit and integral without additional conditions.""]

但第二個句子： ""the student incorrectly assumes"" – 但學生是聲稱，所以是錯誤的假設。

在教學中，學生應該知道點態收斂不夠。

另一個可能：學生說 ""by continuity""，但這可能被誤解為 ""by the continuity of the convergence""，但標準上，沒有。

我認為這兩個是好的。

為了更精確，用 ""pointwise convergence"" 但學生說 ""pointwise""。

在草稿中，學生說 ""f_n(x) converges pointwise""，所以是點態收斂。

在問題中，題目是 ""pointwise convergence""。

所以，我保持。

最終 JSON: [""In the step 'so lim integral f_n equals integral f by continuity', the student does not specify any additional conditions (e.g., uniform convergence) necessary for interchanging limit and integral."", ""The student references 'continuity' as the justification for interchanging limit and integral, but this is not valid without verifying the necessary conditions such as uniform convergence.""]

是的。

現在，寫成 JSON 陣列。

注意：JSON 字串，所以用雙引號。

在 Python 中，但輸出是 JSON。

所以，輸出： [""In the step 'so lim integral f_n equals integral f by continuity', the student does not specify any additional conditions (e.g., uniform convergence) necessary for interchanging limit and integral."", ""The student references 'continuity' as the justification for interchanging limit and integral, but this is not valid without verifying the necessary conditions such as uniform convergence.""]

但規則說： ""嚴格與非嚴格不等號、特例未排除"" – 這裡沒有不等號，所以ok。

學生的草稿中，沒有特例問題。

我認為這兩個問題是獨立的。

第一個：學生沒有指定額外條件。

第二個：學生引用了 ""continuity"" 但這不正確，需要驗證條件。

在教學中，學生必須驗證前提，但這裡學生沒有引用任何定理，所以是缺漏。

所以，我這樣輸出。
[""In the step 'so lim integral f_n equals integral f by continuity', the student does not specify any additional conditions (e.g., uniform convergence or dominated convergence) necessary for interchanging limit and integral."", ""The student references 'continuity' as the justification for interchanging limit and integral, but this is not valid without verifying the necessary conditions such as uniform convergence.""]",545,6957,0.308415174,43.607449104000125,False,stop,1.0,"首先，問題是：學生的草稿是否正確？題目是問點態收斂的連續函數序列是否能交換極限和積分。參考解說：不，一般不能；舉例 f_n(x) = n x (1 - x^2)^n 是連續的，點態收斂到 0，但積分不收斂到 0 的積分，需要額外條件如主導收斂或一致收斂。

學生的草稿：Each f_n is continuous and f_n(x) converges pointwise to f(x), so lim integral f_n equals integral f by continuity.

我需要對照參考解，找出草稿的缺漏或錯誤，嚴格按教學標準。

關鍵點：

1. 數學錯誤：斷言不成立、計算錯、包含關係或不等號方向反了、量詞順序錯誤。

2. 依據缺漏：某一步結論依賴的事實沒有明說——即使顯然成立也算缺漏。

   例如：由 cv=0 推 c=0 卻沒說 v≠0；套用鴿籠原理卻沒陳述「幾個物件、幾個類別」；引用定理卻沒驗證其前提。

3. 嚴格與非嚴格不等號、特例未排除。

術語慣例：題目只寫「遞增／increasing」時，按單調不減理解。但這裡是關於收斂，所以不直接相關。

規則：

- 草稿正確且依據完整步驟不要質疑；風格與詳略不算問題。

- 每項用一句話精確說明：在哪一步、缺了什麼或錯在哪。

- 必須列出所有彼此獨立的根本問題，不設數量上限。

- 只輸出 JSON 字串陣列（如 [""…"",""…""]），不要其他文字。

分析學生草稿：

學生說：Each f_n is continuous and f_n(x) converges pointwise to f(x), so lim integral f_n equals integral f by continuity.

這裡有幾個問題：

1. 學生假設了 f_n 收斂到 f(x)，但參考解中 f_n 收斂到 0，所以 f(x) 是 0。但學生沒有指定 f(x) 是什麼，但這不是主要問題。

主要錯誤在於：學生說 ""by continuity""，意思是 ""by continuity""，但這裡的 ""continuity"" 可能被誤解。

在數學中，""by continuity"" 通常指函數的連續性，但這裡學生想說的是定理：如果序列連續且點態收斂，則極限和積分可交換？但這不成立。

學生的結論是：lim ∫ f_n = ∫ lim f_n

但參考解說這不成立。

所以，錯誤在於：學生引用了 ""by continuity""，但這不是正確的定理。實際上，沒有這樣的定理；需要額外條件。

具體來說：

- 學生說 ""so lim integral f_n equals integral f by continuity""。這裡 ""by continuity"" 意思是 ""by the continuity of the functions""，但這不夠；需要更多。

在教學標準下，學生沒有說明為什麼點態收斂的連續函數序列能交換極限和積分。參考解指出，這不成立，除非有額外條件。

所以，問題點：

1. 學生假設了交換是成立的，但參考解說它不成立。所以，學生的結論是錯誤的，但學生是基於什麼？學生說 ""by continuity""，但這不是正確的理由。

更精確地說：學生引用了 ""continuity"" 作為理由，但這不正確。正確的定理需要條件如一致收斂或主導收斂。

在教學中，學生必須明確指出哪個定理，並驗證前提。

這裡，學生沒有提到任何定理；只說 ""by continuity""，這可能被誤解為函數的連續性，但這不直接導致交換。

另一個角度：學生說 ""f_n(x) converges pointwise to f(x)""，但沒有指定 f(x) 是什麼。在參考解中，f(x)=0，但學生沒有說 f 是可積分的或什麼。

但主要問題是：學生的結論是錯誤的，因為沒有額外條件。

根據規則2：引用定理卻沒驗證其前提。

學生這裡引用了 ""by continuity""，但這不是一個定理；可能學生想說 ""by the continuity of the convergence"" 或什麼，但標準上，點態收斂不保證交換。

在實分析中，有定理：如果 f_n 連續，點態收斂到 f，且 f 可積分，則 ∫ f_n → ∫ f？ 但這也不成立，除非有額外條件。

例如，參考解的反例：f_n(x) = n x (1 - x^2)^n，點態收斂到 0，但 ∫_0^1 f_n dx = ∫_0^1 n x (1 - x^2)^n dx。計算：令 u = 1 - x^2, du = -2x dx, 所以 ∫ n x (1 - x^2)^n dx = (n/2) ∫ (1 - u)^n du, 當 x=0, u=1; x=1, u=0. 所以 ∫_1^0 (1 - u)^n (-du) = ∫_0^1 (1 - u)^n du = ∫_0^1 v^n dv (令 v=1-u) = [v^{n+1}/(n+1)]_0^1 = 1/(n+1). 所以 ∫ f_n dx = n * [1/(n+1)] → 1 as n→∞, 而 ∫ f dx = ∫ 0 dx = 0, 所以不相等。

因此，學生的結論是錯誤的。

現在，找出草稿的缺漏：

- 學生說 ""so lim integral f_n equals integral f by continuity""。這裡，""by continuity"" 意思是 ""by the continuity of the functions""，但這不夠。學生沒有說明為什麼點態收斂的連續函數序列能交換極限和積分。實際上，沒有這樣的定理；需要額外條件。

在教學標準下，學生必須明確指出哪個定理，並驗證其前提。但這裡，學生沒有引用任何定理；只說 ""by continuity""，這可能被視為錯誤的引用。

具體缺漏：

1. 學生假設了交換成立，但沒有提供理由。學生說 ""by continuity""，但這不是正確的理由。正確的定理需要條件如一致收斂或主導收斂。

2. 更嚴格地，學生沒有驗證任何前提。例如，參考解中，f_n 連續，點態收斂到 0，但積分不收斂到 0。學生的結論是 ""lim integral f_n equals integral f""，但 f 是點態收斂的函數，學生沒有指定 f 是可積分的或什麼。

在反例中，f(x)=0 是可積分的，但交換不成立。

所以，問題在於：學生的結論是錯誤的，因為沒有額外條件。

根據規則2：引用定理卻沒驗證其前提。

學生這裡引用了 ""continuity"" 作為定理，但這不是一個定理；可能學生想說 ""by the continuity of the sequence""，但標準上，點態收斂不保證交換。

另一個點：學生說 ""f_n(x) converges pointwise to f(x)""，但沒有說 f 是可積分的。在參考解中，f(x)=0 是可積分的，但交換不成立。所以，即使 f 可積分，交換也不成立。

但學生的草稿中，沒有提到 f 的可積分性。

然而，在問題中，學生說 ""f_n(x) converges pointwise to f(x)""，所以 f 是點態收斂的函數，但可能不連續或不可積分。

在反例中，f(x)=0 是可積分的。

但學生的錯誤是：他假設了交換成立，而沒有條件。

列出根本問題：

1. 學生的結論 ""lim integral f_n equals integral f"" 是錯誤的，因為沒有額外條件（如一致收斂或主導收斂）。學生只說 ""by continuity""，但這不正確；連續性不保證交換。

2. 具體來說，學生引用了 ""continuity"" 作為理由，但沒有驗證任何前提。例如，沒有提到序列是否一致收斂，或是否有主導函數。

3. 依據缺漏：學生說 ""by continuity""，但這隱含了 ""the continuity of the functions"" 保證交換，但實際上，函數的連續性不直接導致交換；需要更多。

在教學中，學生必須明確指出哪個定理。例如，有定理：如果 f_n 連續，點態收斂到 f，且 f_n 一致收斂到 f，則 ∫ f_n → ∫ f。但學生沒有提到一致收斂。

學生的草稿中，沒有任何條件。

所以，問題：

- 在步驟 ""so lim integral f_n equals integral f by continuity""，缺了什麼？缺了額外條件，如一致收斂或主導收斂。

更精確地，用規則2：引用定理卻沒驗證其前提。

學生這裡引用了 ""continuity"" 作為定理，但這不是標準定理；可能學生誤解了。

在數學中，有 ""continuity"" 但這裡是 ""by continuity"" 意思是 ""by the property of continuity""。

但為了教學，學生必須說明：例如，如果序列一致收斂，則交換成立，但學生沒有說。

另一個問題：學生說 ""f_n(x) converges pointwise to f(x)""，但沒有指定 f(x) 是什麼。在上下文中，f 是點態收斂的函數，但學生沒有說 f 是可積分的。然而，在參考解中，f(x)=0 是可積分的，但交換不成立，所以即使 f 可積分，交換也不成立。

但學生的草稿中，可能假設 f 可積分，但問題是交換不成立。

核心錯誤：學生的結論是錯誤的，因為沒有額外條件。

現在，寫成 JSON 陣列。

每項用一句話。

可能的問題：

1. 在步驟 ""so lim integral f_n equals integral f by continuity""，學生引用了 ""continuity"" 作為交換成立的理由，但這不正確；實際上，點態收斂的連續函數序列交換極限和積分需要額外條件如一致收斂或主導收斂，而學生未提及這些條件。

2. 學生假設了交換成立，但未驗證其前提；例如，未檢查序列是否一致收斂或是否有主導函數。

3. 依據缺漏：由點態收斂和連續性推導交換成立，但學生未說明函數序列是否滿足交換的必要條件（如一致收斂）。

規則說：必須列出所有彼此獨立的根本問題。

我認為有兩個主要問題：

- 學生的結論是錯誤的，因為沒有額外條件（參考解反例）。

- 學生引用了 ""continuity"" 但沒有驗證前提（例如，沒有提到一致收斂）。

具體化：

問題1：學生聲稱 ""lim integral f_n equals integral f"" 由 ""continuity"" 保證，但實際上，點態收斂的連續函數序列交換極限和積分不成立，除非有額外條件（如一致收斂），而學生未提及這些條件。

問題2：學生引用了 ""continuity"" 作為定理，但未驗證其前提；例如，未說明序列是否一致收斂。

在教學中，""by continuity"" 可能被誤解，但學生應該說 ""by the continuity of the convergence"" 或什麼，但標準上，沒有這樣的定理。

另一個點：學生說 ""f_n(x) converges pointwise to f(x)""，但沒有指定 f(x) 是可積分的。然而，在反例中，f(x)=0 是可積分的，所以可能不是主要問題。但學生的草稿中，f 是點態收斂的，但可能不可積分，但通常我們假設 f 可積分。

但參考解中，f(x)=0 是可積分的，所以問題在於交換不成立。

我認為最直接的問題是：學生的結論是錯誤的，因為沒有額外條件。

用規則2：引用定理卻沒驗證其前提。

學生這裡引用了 ""continuity"" 作為定理，但這不是一個定理；可能學生想說 ""the continuity of the functions"" 但這不直接相關。

在上下文中，學生可能意指 ""by the continuity of the sequence""，但這不標準。

為了嚴格，我列出：

- 在步驟 ""so lim integral f_n equals integral f by continuity""，學生未說明點態收斂的連續函數序列交換極限和積分的必要條件（如一致收斂），因此結論不成立。

- 學生引用了 ""continuity"" 但未驗證其前提；例如，未檢查序列是否一致收斂。

但這可能重複。

規則說：必須彼此獨立。

另一個問題：學生說 ""f_n(x) converges pointwise to f(x)""，但沒有說 f 是可積分的。然而，在積分上下文中，通常假設 f 可積分，但學生的草稿中沒有提到。但參考解中，f(x)=0 是可積分的，所以可能不是關鍵。

在反例中，f(x)=0 可積分，但交換不成立，所以即使 f 可積分，交換也不成立。

所以，主要問題是：學生假設了交換成立，而沒有條件。

寫成一句話：

1. ""學生聲稱點態收斂的連續函數序列交換極限和積分成立，但未提及額外條件（如一致收斂或主導收斂），因此結論不成立。""

2. ""學生引用「由連續性」作為交換成立的理由，但未驗證序列是否一致收斂。""

但第二點可能太細。

在教學中，學生必須明確哪個定理。

參考解說：需要額外定理如主導收斂或一致收斂。

所以，問題：學生沒有提到這些條件。

另外，學生的結論是 ""lim integral f_n equals integral f""，但這假設了 f 是可積分的，但學生沒有說 f 可積分。然而，在點態收斂中，f 可能不可積分，但通常我們考慮可積分函數。但為了安全，可能不是主要問題。

我認為兩個問題：

- 學生的結論是錯誤的，因為沒有額外條件（參考解反例）。

- 學生引用了 ""continuity"" 但沒有說明哪個定理或其前提。

用規則2：引用定理卻沒驗證其前提。

學生這裡引用了 ""continuity"" 作為定理，但這不是標準定理；可能學生誤解了。

在數學中，有定理：如果 f_n 連續，點態收斂到 f，且 f 可積分，則 ∫ f_n → ∫ f？ 但這不成立，如反例所示。所以，沒有這樣的定理。

因此，學生的引用是錯誤的。

所以，問題：

1. 在步驟 ""so lim integral f_n equals integral f by continuity""，學生錯誤地引用了「連續性」作為交換成立的理由，但實際上，點態收斂的連續函數序列交換極限和積分需要額外條件（如一致收斂），而學生未提及這些條件。

2. 學生假設了交換成立，但未驗證其前提；例如，未檢查序列是否一致收斂。

但第二點可能涵蓋在第一點。

為了獨立，我寫：

- ""學生聲稱點態收斂的連續函數序列交換極限和積分成立，但未說明額外條件（如一致收斂），因此結論不成立。""

- ""學生引用「由連續性」作為交換成立的理由，但未驗證序列是否一致收斂。""

在中文中，但輸出是 JSON 字串，用中文？ 用戶是中文，但問題是用英文？ 看用戶消息：使用者用中文寫問題，但題目是英文。

用戶消息： ""Problem: Does pointwise convergence of continuous f_n on [0,1] justify interchanging limit and integral?""

然後 ""Verified reference proof"" 和 ""Student draft or attempt"" 用英文。

所以，我應該用英文輸出 JSON 字串。

規則說： ""每項用一句話精確說明""，用英文。

因為用戶是中文，但系統是英文？ 看上下文，助手應該用英文輸出，因為問題是英文。

在用戶消息中，是混合，但為了安全，我用英文寫 JSON。

例如： [""The student claims that the limit and integral can be interchanged for pointwise convergent continuous sequences without additional conditions, but this is false as shown by the counterexample.""]

但需要更精確。

列出問題：

1. 學生的結論 ""lim integral f_n equals integral f"" 是錯誤的，因為沒有額外條件（如一致收斂），而學生未提及這些條件。

2. 學生引用了 ""by continuity"" 但這不是正確的理由；實際上，函數的連續性不保證交換，需要額外條件。

3. 依據缺漏：由點態收斂和連續性推導交換成立，但學生未說明序列是否一致收斂。

我認為有兩個獨立問題：

- 學生未提及額外條件（如一致收斂或主導收斂）。

- 學生引用了 ""continuity"" 但未驗證其前提（例如，序列是否一致收斂）。

在教學中，學生必須指定哪個定理。

另一個點：學生說 ""f_n(x) converges pointwise to f(x)""，但沒有說 f 是可積分的。然而，在積分上下文中，通常假設 f 可積分，但學生的草稿中沒有提到。但參考解中，f(x)=0 是可積分的，所以可能不是關鍵。為了嚴格，可以加，但可能過度。

我決定：主要問題是學生的結論不成立，因為沒有額外條件。

用規則2：引用定理卻沒驗證其前提。

學生這裡引用了 ""continuity"" 作為定理，但未驗證前提。

所以，問題： ""在步驟 'so lim integral f_n equals integral f by continuity'，學生引用了 'continuity' 作為交換成立的定理，但未驗證序列是否一致收斂（交換的必要條件之一）。""

但 ""continuity"" 不是定理名稱；學生可能意指 ""the continuity of the functions""。

在教學中，學生應該說 ""by the uniform convergence"" 或 ""by the dominated convergence theorem""。

所以，精確地：

- ""學生聲稱點態收斂的連續函數序列交換極限和積分成立，但未提及額外條件（如一致收斂），因此結論不成立。""

- ""學生引用「由連續性」作為交換成立的理由，但未說明哪個定理及其前提。""

但第二點可能太泛。

看參考解：它說 ""No in general""，所以學生的結論是錯誤的。

在草稿中，學生說 ""so lim integral f_n equals integral f""，但這假設了交換成立，而實際上不成立。

所以，根本問題是：學生的結論是錯誤的，因為沒有額外條件。

但根據規則，我需要指出缺漏。

另一個想法：學生說 ""by continuity""，但這可能被誤解為 ""by the continuity of the integral""，但積分不是連續的。

在數學中，有 ""continuity"" 但這裡是模糊的。

我認為最安全的輸出是：

[""The student claims that the limit and integral can be interchanged for pointwise convergent continuous sequences without additional conditions, but this is incorrect as demonstrated by the counterexample in the reference proof.""]

但規則說： ""每項用一句話精確說明：在哪一步、缺了什麼或錯在哪。""

所以，需要指定步驟。

學生的步驟： ""Each f_n is continuous and f_n(x) converges pointwise to f(x), so lim integral f_n equals integral f by continuity.""

所以，問題在 ""so lim integral f_n equals integral f by continuity"" 這一步。

缺了什麼：額外條件。

所以，一句話： ""在步驟 'so lim integral f_n equals integral f by continuity'，學生未提及額外條件（如一致收斂或主導收斂），因此結論不成立。""

另一個： ""學生引用 'by continuity' 但未驗證序列是否一致收斂。""

但 ""by continuity"" 可能不是標準術語。

在教學中，學生應該說 ""by uniform convergence"" 或 ""by the dominated convergence theorem""。

所以，我寫兩個項目：

1. ""在步驟 'so lim integral f_n equals integral f by continuity'，學生未說明點態收斂的連續函數序列交換極限和積分的必要條件（如一致收斂），因此結論不成立。""

2. ""學生引用 'continuity' 作為交換成立的理由，但未驗證其前提（例如，序列是否一致收斂）。""

但第二點可能重複。

為了獨立，我寫：

- ""學生聲稱點態收斂的連續函數序列交換極限和積分成立，但未提及額外條件（如一致收斂），因此結論錯誤。""

- ""學生引用 'by continuity' 但這不是正確的定理；交換成立需要額外條件，而學生未說明。""

在 JSON 陣列。

規則： ""必須列出所有彼此獨立的根本問題""

我認為有兩個：

1. 學生的結論是錯誤的，因為沒有額外條件（參考解反例）。

2. 學生引用了 ""continuity"" 但沒有驗證其前提（例如，序列是否一致收斂）。

用英文：

[""The student's conclusion that the limit and integral can be interchanged for pointwise convergent continuous sequences is incorrect without additional conditions, as shown by the counterexample in the reference proof."", ""The student references 'continuity' as the reason for interchanging limit and integral, but fails to verify the necessary condition of uniform convergence.""]

但第二點： ""fails to verify the necessary condition"" – 但學生沒有提到任何條件，所以是未驗證。

在教學中，學生必須指定條件。

另一個問題：學生說 ""f_n(x) converges pointwise to f(x)""，但沒有說 f 是可積分的。然而，在反例中，f(x)=0 是可積分的，所以可能不是問題。但為了嚴格，可以加。

但規則說： ""風格與詳略不算問題""，所以可能不加。

我決定用兩個項目。

為了簡單，既然參考解明確說 ""No in general""，學生的結論是錯誤的，所以主要問題是學生的結論不成立。

但根據規則，我需要指出缺漏。

看一個類似例子。

在教學中，常見錯誤：學生認為點態收斂就可交換，但實際上需要條件。

所以，問題： ""學生未提及額外條件（如一致收斂）以支持交換極限和積分。""

用一句話。

我寫：

[""The student claims that pointwise convergence of continuous functions justifies interchanging limit and integral without additional conditions, but this is false as demonstrated by the counterexample f_n(x) = n x (1 - x^2)^n in the reference proof.""]

但規則說： ""在哪一步、缺了什麼或錯在哪""，所以需要指定步驟。

學生的步驟是整個句子。

在 ""so lim integral f_n equals integral f by continuity"" 這一步，缺了額外條件。

所以： ""In the step 'so lim integral f_n equals integral f by continuity', the student does not mention additional conditions (such as uniform convergence) required for interchanging limit and integral.""

另一個： ""The student references 'continuity' as the justification, but this is not a valid theorem for interchanging limit and integral without additional conditions.""

但 ""continuity"" 可能被誤解。

我認為一個項目就夠，但規則說 ""不設數量上限""，所以可以多個。

為了安全，我寫兩個。

最終決定：

1. ""在步驟 'so lim integral f_n equals integral f by continuity'，學生未說明額外條件（如一致收斂），因此結論不成立。""

2. ""學生引用 'by continuity' 但未驗證序列是否一致收斂。""

用英文：

[""In the step 'so lim integral f_n equals integral f by continuity', the student does not specify additional conditions (such as uniform convergence) required for interchanging limit and integral."", ""The student references 'continuity' as the justification but fails to verify the necessary condition of uniform convergence.""]

但第二點： ""fails to verify"" – 但學生沒有提到，所以是未驗證。

在教學中，學生必須驗證前提，但這裡學生沒有引用任何定理，所以是缺漏。

另一個點：學生說 ""f_n(x) converges pointwise to f(x)""，但沒有說 f 是可積分的。然而，在積分上下文中，通常假設 f 可積分，但學生的草稿中沒有提到。但參考解中，f(x)=0 是可積分的，所以可能不是問題。我會忽略，因為問題是交換不成立。

所以，我輸出兩個項目。

JSON 陣列。

用英文，因為問題是英文。

用戶消息是中文，但系統是英文？ 看助手的回應，應該用英文。

在規則中，沒有指定語言，但既然問題是英文，我用英文。

所以，JSON: [""string"", ""string""]

第一個： ""In the step 'so lim integral f_n equals integral f by continuity', the student does not mention any additional conditions (e.g., uniform convergence or dominated convergence) that are necessary for interchanging limit and integral.""

第二個： ""The student claims that the continuity of the functions justifies interchanging limit and integral, but this is incorrect without additional conditions.""

但第二個可能太泛。

精確地： ""The student references 'by continuity' as the reason for interchanging limit and integral, but this is not a valid justification without verifying the necessary conditions such as uniform convergence.""

但規則說： ""每項用一句話精確說明""

我寫：

[""The student's conclusion that lim ∫f_n = ∫f holds by continuity is incorrect because no additional conditions (like uniform convergence) are specified, as shown by the counterexample in the reference proof."", ""The student fails to verify the premise that the sequence is uniformly convergent, which is a necessary condition for interchanging limit and integral in this context.""]

但第二個： ""fails to verify"" – 但學生沒有說序列是統一收斂的，所以是缺漏。

在教學中，學生必須說明條件。

我認為這兩個是獨立的。

為了更嚴格，我寫：

[""In the step 'so lim integral f_n equals integral f by continuity', the student does not state any additional conditions required for the interchange, such as uniform convergence or dominated convergence."", ""The student incorrectly assumes that the continuity of f_n implies the interchange of limit and integral without additional conditions.""]

是的。

現在，輸出 JSON。

注意：規則說 ""只輸出 JSON 字串陣列""，所以不要其他文字。

所以，我寫： [""In the step 'so lim integral f_n equals integral f by continuity', the student does not state any additional conditions required for the interchange, such as uniform convergence or dominated convergence."", ""The student incorrectly assumes that the continuity of f_n implies the interchange of limit and integral without additional conditions.""]

但第二個句子： ""the student incorrectly assumes"" – 但學生是聲稱，所以是錯誤的假設。

在教學中，學生應該知道點態收斂不夠。

另一個可能：學生說 ""by continuity""，但這可能被誤解為 ""by the continuity of the convergence""，但標準上，沒有。

我認為這兩個是好的。

為了更精確，用 ""pointwise convergence"" 但學生說 ""pointwise""。

在草稿中，學生說 ""f_n(x) converges pointwise""，所以是點態收斂。

在問題中，題目是 ""pointwise convergence""。

所以，我保持。

最終 JSON: [""In the step 'so lim integral f_n equals integral f by continuity', the student does not specify any additional conditions (e.g., uniform convergence) necessary for interchanging limit and integral."", ""The student references 'continuity' as the justification for interchanging limit and integral, but this is not valid without verifying the necessary conditions such as uniform convergence.""]

是的。

現在，寫成 JSON 陣列。

注意：JSON 字串，所以用雙引號。

在 Python 中，但輸出是 JSON。

所以，輸出： [""In the step 'so lim integral f_n equals integral f by continuity', the student does not specify any additional conditions (e.g., uniform convergence) necessary for interchanging limit and integral."", ""The student references 'continuity' as the justification for interchanging limit and integral, but this is not valid without verifying the necessary conditions such as uniform convergence.""]

但規則說： ""嚴格與非嚴格不等號、特例未排除"" – 這裡沒有不等號，所以ok。

學生的草稿中，沒有特例問題。

我認為這兩個問題是獨立的。

第一個：學生沒有指定額外條件。

第二個：學生引用了 ""continuity"" 但這不正確，需要驗證條件。

在教學中，學生必須驗證前提，但這裡學生沒有引用任何定理，所以是缺漏。

所以，我這樣輸出。",,,,True,False,True,True,single_analyst_semantic_adjudication,Root issue is present and the required structured output parses.
Base-Thinking reviewer,R8,series convergence,Termwise convergence to zero is necessary but not sufficient for convergence of a series.,"[""In the step 'the tails become arbitrarily small', the student does not specify what 'tails' refers to."", 'The student incorrectly assumes that a_n → 0 implies the tail sums tend to zero, but this is not true for the harmonic series.']",True,False,False,False,"[""In the step 'the tails become arbitrarily small', the student does not specify what 'tails' refers to."", ""The student incorrectly assumes that a_n → 0 implies the tail sums tend to zero, but this is not true for the harmonic series.""]","首先，問題是：如果序列 \( a_n \) 趨於零，是否必須使級數 \( \sum a_n \) 收斂？參考解說：不，例如調和級數 \( a_n = \frac{1}{n} \) 趨於零但級數發散。

學生的草稿：是的。因為 \( a_n \) 趨於零，尾部變得任意小，所以部分和形成 Cauchy 鏈。

我需要以嚴格的教學標準審閱學生的草稿，找出缺漏或錯誤。

關鍵點：
- 題目說 ""遞增／increasing"" 但這裡是關於序列趨於零和級數收斂，所以不直接相關。題目是 ""If a_n tends to zero, must the series sum a_n converge?""，所以是序列趨於零是否導致級數收斂。
- 學生說 ""Yes""，但參考解說 ""No""，所以學生的結論是錯誤的。
- 學生的論點：因為 \( a_n \) 趨於零，尾部變得任意小，所以部分和形成 Cauchy 鏈。

在分析中，我需要檢查學生的步驟是否有錯誤或缺漏。

首先，學生說 ""a_n tends to zero""，這正確，但參考解給出反例，所以學生的結論是錯的。

學生的推理：尾部變得任意小 → 部分和形成 Cauchy 鏈。

在數學中，序列 \( a_n \) 趨於零意味著對於任意 \( \epsilon > 0 \)，存在 \( N \) 使得當 \( n > N \) 時，\( |a_n| < \epsilon \)。但這不意味著部分和形成 Cauchy 鏈。

部分和 \( s_n = \sum_{k=1}^n a_k \) 形成 Cauchy 鏈的條件是：對於任意 \( \epsilon > 0 \)，存在 \( N \) 使得當 \( m > n > N \) 時，\( |s_m - s_n| = |\sum_{k=n+1}^m a_k| < \epsilon \)。

學生說 ""尾部變得任意小""，但尾部指的是 \( \sum_{k=n+1}^\infty a_k \)？不，學生說 ""the tails become arbitrarily small""，在級數上下文中，""tails"" 通常指部分和的差，即 \( s_m - s_n \) for large m,n.

但學生說 ""the tails become arbitrarily small""，這可能被誤解。

在級數中，如果級數收斂，則尾部 \( \sum_{k=n}^\infty a_k \) 趨於零。但這裡學生說 ""a_n tends to zero""，這不等於尾部趨於零。

關鍵錯誤：學生混淆了序列趨於零和級數尾部趨於零。

具體來說：
- \( a_n \to 0 \) 意味著序列項趨於零。
- 但級數 \( \sum a_n \) 收斂的必要條件是 \( a_n \to 0 \)，但不是充分條件。學生錯誤地認為 \( a_n \to 0 \) 足以保證級數收斂。

在學生的草稿中，他說 ""the tails become arbitrarily small""。在級數中，""tails"" 通常指 \( \sum_{k=n}^\infty a_k \)，但學生說 ""a_n tends to zero""，所以 ""tails"" 可能被誤用。

學生的陳述：""the tails become arbitrarily small"" – 這可能意指對於固定 n，當 n 大時，尾部和小，但這不正確。

在嚴格數學中，序列 \( a_n \to 0 \) 意味著對於任意 \( \epsilon > 0 \)，存在 N 使得 |a_n| < \epsilon for n > N。但這不意味著部分和的差小。

例如，調和級數：a_n = 1/n → 0，但部分和 s_n = H_n ~ ln n → ∞，所以 s_m - s_n = H_m - H_n ~ ln m - ln n，當 m,n 大時，這不趨於零；事實上，對於固定 n，當 m→∞，s_m - s_n → ∞。

所以，學生的錯誤在於：他假設 a_n → 0 意味著部分和形成 Cauchy 鏈，但這不成立。

現在，根據規則，我需要找出缺漏或錯誤。

1. 數學錯誤：斷言不成立、計算錯等。

這裡，學生斷言 ""the tails become arbitrarily small""，但這不成立。在級數中，如果級數收斂，則尾部和趨於零，但這裡 a_n → 0 不保證尾部和趨於零。

學生說 ""so the partial sums form a Cauchy sequence""。但部分和形成 Cauchy 鏈是級數收斂的必要條件（在實數中），但不是充分條件？不，在實數中，級數收斂當且僅當部分和形成 Cauchy 鏈。

在實數中，級數 \( \sum a_n \) 收斂當且僅當部分和序列 \( s_n \) 是 Cauchy 鏈。

但學生的錯誤是：他從 a_n → 0 推出 s_n 是 Cauchy 鏈，但 a_n → 0 不是 s_n 是 Cauchy 鏈的充分條件。

例如，調和級數中 a_n → 0，但 s_n 不是 Cauchy 鏈。

所以，學生的推理有誤。

具體缺漏：

- 學生說 ""the tails become arbitrarily small""，但這不是由 a_n → 0 直接推出的。a_n → 0 意味著項趨於零，但尾部和（sum from n+1 to infinity）不一定趨於零。事實上，a_n → 0 是級數收斂的必要條件，但不是充分條件。

在學生的草稿中，他沒有明確說明 ""tails"" 是什麼。在級數上下文中，""tails"" 通常指部分和的差，但學生可能誤解了。

另一個角度：學生說 ""the tails become arbitrarily small""，這可能被解釋為對於任意 ε>0，存在 N 使得當 n>N 時，|a_n| < ε，但這不是 ""tails""；""tails"" 應該指和。

在數學術語中，""tail"" of a series often means the sum from k=n to infinity.

但學生說 ""a_n tends to zero""，所以 ""tails"" 可能被誤用。

假設學生意指：因為 a_n → 0，所以對於任意 ε>0，存在 N 使得 |a_n| < ε for n>N，但這不意味著部分和的差小。

例如，對於調和級數，|a_n| = 1/n < ε for n > 1/ε，但 s_m - s_n = sum_{k=n+1}^m 1/k > ln(m/n) for m>n，當 m→∞，這可以很大。

所以，學生的錯誤是：他從 a_n → 0 推出部分和形成 Cauchy 鏈，但這不成立。

現在，根據規則，我需要找出哪一步缺了什麼。

學生的步驟：
1. ""Since a_n tends to zero"" – 這正確。
2. ""the tails become arbitrarily small"" – 這不正確，因為 a_n → 0 不保證尾部和趨於零。
3. ""so the partial sums form a Cauchy sequence"" – 這不成立，因為 a_n → 0 不是充分條件。

具體缺漏：
- 在步驟 2，學生說 ""the tails become arbitrarily small""，但這不是由 a_n → 0 直接推出的。實際上，a_n → 0 意味著項趨於零，但尾部和（sum from n to infinity）不一定趨於零。學生沒有說明 ""tails"" 是什麼，或者他假設了什麼。
- 甚至，學生可能混淆了 ""tails"" 和 ""terms""。在草稿中，他說 ""the tails""，但 a_n 是項，不是尾部。

在級數中，""tail"" 通常指部分和的後面部分。

但學生說 ""the tails become arbitrarily small""，這可能意指對於每個 n，當 n 大時，尾部和小，但這不正確。

另一個問題：學生結論是 ""Yes""，但參考解說 ""No""，所以錯誤。

我需要列出根本問題。

根據規則：
- 數學錯誤：斷言不成立。這裡，學生斷言 ""the tails become arbitrarily small"" 但這不成立（在 a_n → 0 的情況下）。
- 依據缺漏：某一步結論依賴的事實沒有明說。

例如：
- 從 a_n → 0 推出部分和形成 Cauchy 鏈，但這需要額外條件，如級數收斂的條件。學生沒有提到任何條件。
- 具體地，學生沒有說明 ""tails"" 的定義。在數學中，""tail"" 需要明確。

在教學標準中，學生應該明確 ""tails"" 指什麼。

例如，學生可能意指：對於任意 ε>0，存在 N 使得 |a_n| < ε for n>N，但這不是 ""tails""；""tails"" 應該是和。

所以，一個缺漏是：學生沒有明確 ""tails"" 是序列的項還是級數的尾部和。

在上下文中，既然題目是級數收斂，""tails"" 很可能指級數的尾部和。

但學生說 ""the tails become arbitrarily small""，這在 a_n → 0 時不一定成立。

例如，調和級數中，尾部和 \( \sum_{k=n}^\infty \frac{1}{k} \) 趨於無窮大，不趨於零。

所以，學生的斷言 ""the tails become arbitrarily small"" 是錯誤的，因為它不成立。

因此，問題在於：學生錯誤地認為 a_n → 0 意味著尾部和趨於零，但這不正確。

在嚴格審閱中，我需要說出在哪一步缺了什麼。

可能的問題：
1. 在 ""the tails become arbitrarily small"" 這句，學生沒有明確 ""tails"" 的定義。在級數中，""tail"" 通常指從某點開始的和，但學生可能誤解為項本身。
2. 甚至，學生沒有證明尾部和趨於零；a_n → 0 不保證尾部和趨於零。

但學生說 ""the tails become arbitrarily small""，這是一個斷言，但這個斷言不成立，所以是錯誤的。

根據規則，我需要找出缺漏或錯誤。

另一個點：學生說 ""so the partial sums form a Cauchy sequence""。但部分和形成 Cauchy 鏈是級數收斂的必要條件，但學生從 a_n → 0 推出這個，而 a_n → 0 不是充分條件。

所以，缺漏是：學生沒有說明為什麼 a_n → 0 會導致部分和形成 Cauchy 鏈。實際上，a_n → 0 是級數收斂的必要條件，但不是充分條件；學生錯誤地認為它是充分條件。

在教學中，學生應該知道 a_n → 0 是必要但不充分條件。

所以，根本問題：
- 學生錯誤地假設 a_n → 0 意味著級數收斂（或部分和形成 Cauchy 鏈），但這不成立，因為有反例（如調和級數）。

具體到步驟：
- 步驟： ""the tails become arbitrarily small"" – 這斷言不成立，因為 a_n → 0 不保證尾部和趨於零。
- 甚至，學生沒有定義 ""tails""。在數學中，必須明確。

規則說： ""某一步結論依賴的事實沒有明說""。

例如，從 a_n → 0 推出部分和形成 Cauchy 鏈，但這需要額外條件，如級數收斂的條件。學生沒有提到任何條件。

但學生的結論是 ""Yes""，而正確是 ""No""，所以錯誤。

我需要輸出 JSON 陣列。

可能的問題：
1. 學生斷言 ""the tails become arbitrarily small"" 但這不成立；在 a_n → 0 的情況下，尾部和（級數的尾部和）不一定趨於零。例如，調和級數中，尾部和趨於無窮大。
2. 學生沒有明確 ""tails"" 的定義。在級數上下文中，""tail"" 應指從某點開始的和，但學生可能意指序列的項。
3. 從 a_n → 0 推出部分和形成 Cauchy 鏈，但這不成立，因為 a_n → 0 不是部分和形成 Cauchy 鏈的充分條件。

但規則要求 ""精確說明：在哪一步、缺了什麼或錯在哪""。

讓我寫成一句話。

例如：
- ""在 'the tails become arbitrarily small' 這一步，學生錯誤地假設 a_n 趨於零意味著級數的尾部和趨於零，但這不成立，因為調和級數是反例。""

但規則說 ""不要輸出任何其他文字""，只輸出 JSON 陣列。

每個項目是 ""一句話""。

另外，規則： ""必須列出所有彼此獨立的根本問題""。

這裡，可能有幾個問題。

首先，學生的結論是 ""Yes""，但正確是 ""No""，所以錯誤。

但問題在於推理。

關鍵錯誤：學生混淆了序列項趨於零和級數尾部和趨於零。

在教學中，學生應該知道：序列項趨於零是級數收斂的必要條件，但不是充分條件。

所以，問題：
1. 學生沒有區分序列項和級數尾部和。學生說 ""the tails""，但 a_n 是項，不是尾部和。
2. 學生錯誤地認為 a_n → 0 意味著級數尾部和趨於零，但這不成立。

具體地：
- 在步驟 ""the tails become arbitrarily small""，學生沒有明確 ""tails"" 指什麼。在數學中，""tail"" 需要定義。
- 甚至，學生的斷言 ""the tails become arbitrarily small"" 不正確，因為 a_n → 0 不保證尾部和趨於零。

另一個點：學生說 ""so the partial sums form a Cauchy sequence""。但部分和形成 Cauchy 鏈是級數收斂的條件，但學生從 a_n → 0 推出這個，而 a_n → 0 不是充分條件。所以，缺漏是：學生沒有說明 a_n → 0 如何導致部分和形成 Cauchy 鏈；實際上，這需要額外條件。

但學生的推理是直接的。

我認為主要問題是：學生錯誤地認為 a_n → 0 意味著級數收斂，但這不成立。

在審閱中，我需要指出具體缺漏。

參考規則的例： ""由 $cv=0$ 推 $c=0$ 卻沒說 $v\ne0$""

這裡，類似地，學生從 a_n → 0 推出級數收斂，但沒有說明 a_n → 0 是充分條件。

但學生沒有說 ""a_n → 0 is sufficient""，他說 ""since a_n tends to zero, the tails become arbitrarily small""，暗示 a_n → 0 保證尾部和小。

所以，問題：學生假設 a_n → 0 意味著級數尾部和趨於零，但這不成立。

在嚴格標準下，學生必須證明尾部和趨於零，但 a_n → 0 不足以證明這個。

所以，我列出：

1. ""在 'the tails become arbitrarily small' 這一步，學生錯誤地假設 a_n 趨於零意味著級數的尾部和趨於零，但這不成立，因為調和級數是反例。""

但規則說 ""精確說明""，且 ""不要輸出任何其他文字""，所以 JSON 陣列。

另外，規則： ""學生寫「單調不減／非減少／nondecreasing」是精確表述，**不是缺漏**""，但這裡不相關。

另一個問題：學生說 ""the tails become arbitrarily small""，但 ""arbitrarily small"" 通常指對於任意 ε>0，有某個 N 使得...，但學生沒有明確。

在教學中，學生應該明確。

但可能不是主要。

我認為最直接的問題是：學生的斷言 ""the tails become arbitrarily small"" 不正確，因為 a_n → 0 不保證尾部和趨於零。

所以，一個問題：學生錯誤地斷言 a_n 趨於零意味著級數的尾部和趨於零。

但學生說 ""the tails""，在上下文中，可能被理解為項，但題目是級數，所以應該是尾部和。

為了精確。

讓我寫成一句話。

例如：
- ""學生在 'the tails become arbitrarily small' 這一步，未證明尾部和趨於零，且 a_n 趨於零不保證尾部和趨於零。""

但規則要求 ""在哪一步、缺了什麼或錯在哪""。

步驟是 ""the tails become arbitrarily small""。

缺了什麼：學生沒有說明尾部和的定義，且錯誤地認為 a_n 趨於零意味著尾部和趨於零。

另一個獨立問題：學生結論 ""the partial sums form a Cauchy sequence"" 但這不成立，因為 a_n 趨於零不導致部分和形成 Cauchy 鏈。

但這可能是一個問題。

規則： ""每項用一句話精確說明""

所以，我列出：

1. ""在 'the tails become arbitrarily small' 這一步，學生錯誤地假設 a_n 趨於零意味著級數的尾部和趨於零，但這不成立（例如調和級數）。""

2. ""學生未明確 'tails' 的定義，導致混淆序列項和級數尾部和。""

3. ""從 a_n 趨於零推導部分和形成 Cauchy 鏈的步驟缺少必要條件，因為 a_n 趨於零不是部分和形成 Cauchy 鏈的充分條件。""

但規則說 ""彼此獨立的根本問題""，所以這些可能獨立。

在教學中，問題1和2可能重疊。

為了簡單，我取主要問題。

參考解說：調和級數是反例，所以學生的錯誤是忽略了反例。

在審閱中，我應該指出學生的推理有誤。

另一個點：學生說 ""the tails become arbitrarily small""，但對於級數，尾部和趨於零是收斂的必要條件，但學生說 ""the tails become arbitrarily small"" 作為 a_n → 0 的結果，這不正確。

具體地，a_n → 0 是必要條件，但不是充分條件。

所以，問題：學生將必要條件誤認為充分條件。

在教學標準下，學生必須區分必要和充分。

所以，我寫：

- ""學生錯誤地將序列項趨於零視為級數收斂的充分條件，但實際上它是必要但不充分條件。""

但這不是針對特定步驟。

規則要求 ""在哪一步""。

學生的步驟有三句：
1. ""Yes."" (結論)
2. ""Since a_n tends to zero,"" (前提)
3. ""the tails become arbitrarily small,"" (中間步驟)
4. ""so the partial sums form a Cauchy sequence."" (結論)

所以，問題在步驟3和4。

在步驟3: ""the tails become arbitrarily small"" – 這斷言不成立。

在步驟4: ""so the partial sums form a Cauchy sequence"" – 但這不成立，因為 a_n → 0 不導致這個。

但學生的推理鏈是：a_n → 0 → tails become arbitrarily small → partial sums Cauchy.

所以，問題在 ""tails become arbitrarily small"" 這步。

我認為最關鍵的是：學生沒有證明尾部和趨於零；a_n → 0 不足以保證這個。

所以，一句話： ""學生在 'the tails become arbitrarily small' 這一步，未說明 a_n 趨於零如何保證級數的尾部和趨於零，且此斷言不成立（例如調和級數）。""

但規則說 ""不要輸出任何其他文字""，只 JSON 陣列。

另外，規則： ""完全沒有問題就輸出空陣列""。

這裡有問題。

我決定列出一個問題。

為了嚴格，我寫：

[""學生在 'the tails become arbitrarily small' 這一步，錯誤地假設 a_n 趨於零意味著級數的尾部和趨於零，但這不成立""]

但需要更精確。

規則的例： ""由 $cv=0$ 推 $c=0$ 卻沒說 $v\ne0$""，所以這裡類似，學生沒有說明尾部和的定義或條件。

在學生的草稿中，他說 ""the tails""，但沒有定義。

所以，另一個問題：學生未明確 ""tails"" 的定義。

在數學中，必須明確。

所以，可能的問題：
1. 學生未明確 ""tails"" 指序列的項還是級數的尾部和。
2. 學生錯誤地斷言 a_n 趨於零意味著級數的尾部和趨於零，但這不成立。

我取兩個。

但規則說 ""彼此獨立""。

讓我寫成 JSON 陣列。

首先，問題1: ""在 'the tails become arbitrarily small' 這一步，學生未明確 'tails' 的定義，導致混淆序列項和級數尾部和。""

問題2: ""學生錯誤地假設 a_n 趨於零意味著級數的尾部和趨於零，但這不成立（例如調和級數）。""

在問題2中，我提到調和級數，但規則說 ""不要輸出任何其他文字""，但 JSON 陣列是文字，所以應該可以。

規則： ""每項用一句話精確說明""，所以可以有例子。

在教學中，反例是標準。

另一個點：學生說 ""the tails become arbitrarily small""，但 ""arbitrarily small"" 通常需要量化，但學生可能意指對於任意 ε>0，有 N 使得...，但沒有明確。

但可能不是主要。

我認為兩個問題是獨立的。

為了安全，我寫一個問題，因為學生的錯誤是核心。

在參考解中，調和級數是反例，所以學生的錯誤是忽略了反例。

但審閱是針對草稿的缺漏。

我決定： [""學生在 'the tails become arbitrarily small' 這一步，錯誤地斷言 a_n 趨於零意味著級數的尾部和趨於零，但這不成立""]

但規則要求 ""精確""。

另一個想法：在級數中，如果級數收斂，則尾部和趨於零，但 a_n → 0 不是充分條件。

學生的錯誤是：他從 a_n → 0 推出尾部和趨於零，但這不正確。

所以，問題：學生沒有證明尾部和趨於零；a_n → 0 不足以保證這個。

在教學中，學生應該知道 a_n → 0 是必要條件，但不是充分條件。

所以，我寫：

[""學生錯誤地將序列項趨於零視為級數尾部和趨於零的充分條件，但實際上 a_n 趨於零不保證尾部和趨於零""]

但這不是針對步驟。

規則說 ""在哪一步""，所以需要指定步驟。

學生的草稿： ""the tails become arbitrarily small"" 這句是步驟。

所以， [""在 'the tails become arbitrarily small' 這一步，學生錯誤地假設 a_n 趨於零意味著級數的尾部和趨於零""]

為了更完整，加 ""但這不成立""。

但規則說 ""嚴格的教學標準""，所以應該指出錯誤。

我認為這就夠了。

為了符合，我寫成一句。

最終決定： [""學生在 'the tails become arbitrarily small' 這一步，未說明 a_n 趨於零如何導致級數的尾部和趨於零，且此斷言不成立""]

但 ""未說明"" 可能不夠。

規則的例： ""套用鴿籠原理卻沒陳述「幾個物件、幾個類別」""，所以這裡，學生沒有陳述什麼。

在學生的草稿中，他沒有陳述 ""tails"" 是什麼。

所以，問題：學生未明確 ""tails"" 的定義。

另一個問題：學生沒有提到級數收斂的條件。

但我想我會用這個。

我輸出一個 JSON 陣列。

讓我寫：

[""在 'the tails become arbitrarily small' 這一步，學生未明確 'tails' 指序列的項還是級數的尾部和""]

和

[""學生錯誤地假設 a_n 趨於零意味著級數的尾部和趨於零，但這不成立""]

但可能太長。

規則： ""每項用一句話""，所以可以。

為了簡潔，我取一個。

既然學生的結論是 ""Yes""，但正確是 ""No""，問題在推理。

我選擇： [""學生在 'the tails become arbitrarily small' 這一步，錯誤地斷言 a_n 趦於零意味著級數的尾部和趨於零，但這不成立""]

在中文中，""趨於"" 是 ""tends to""。

題目是中文？不，用戶用中文寫，但問題是數學。

用戶消息是中文，但數學術語是英文。

在輸出中，我用中文？規則說 ""只輸出 JSON 字串陣列""，但內容是中文？用戶用中文寫，但數學是標準。

看用戶消息： ""Problem: If a_n tends to zero, must the series sum a_n converge?"" 用英文。

""Verified reference proof"" 用英文。

""Student draft or attempt"" 用英文。

所以，輸出應該用英文？規則沒指定，但既然是教學，可能用英文。

在規則中，有中文例子，但這裡是數學。

為了安全，我用英文輸出。

在規則中： ""例：由 $cv=0$ 推 $c=0$ 卻沒說 $v\ne0$""，所以用數學符號。

所以，我用英文。

例如： [""In the step 'the tails become arbitrarily small', the student incorrectly assumes that a_n tending to zero implies the series tail sum tends to zero, but this is not true (e.g., harmonic series).""]

但規則說 ""精確""，且 ""不要輸出任何其他文字""。

我寫成：

[""The student incorrectly assumes that a_n → 0 implies the tail sums tend to zero in the step 'the tails become arbitrarily small', but this is not true for series like the harmonic series.""]

但規則要求 ""在哪一步""，所以指定步驟。

在 JSON 陣列中。

我決定用這個。

為了更嚴格，另一個問題：學生說 ""so the partial sums form a Cauchy sequence""，但部分和形成 Cauchy 鏈是級數收斂的條件，但學生從 a_n → 0 推出這個，而 a_n → 0 不是充分條件。所以，問題：學生沒有說明 a_n → 0 如何導致部分和形成 Cauchy 鏈。

但可能重複。

我認為主要問題是 ""tails"" 的誤解。

所以，我輸出一個項目。

最終 JSON: [""In the step 'the tails become arbitrarily small', the student fails to specify what 'tails' refers to and incorrectly assumes that a_n → 0 implies the tail sums tend to zero, which is not true (e.g., harmonic series).""]

但規則說 ""精確""，且 ""不要輸出任何其他文字""，所以只 JSON 陣列。

另外，規則： ""學生寫「單調不減／非減少／nondecreasing」是精確表述，**不是缺漏**""，但這裡不相關。

我認為這就夠了。

為了符合，我寫成：

[""The student's claim that 'the tails become arbitrarily small' is incorrect because a_n → 0 does not imply that the tail sums tend to zero, as shown by the harmonic series example.""]

但需要指定步驟。

規則： ""在哪一步""，所以 ""in the step 'the tails become arbitrarily small'""

所以， [""In the step 'the tails become arbitrarily small', the student incorrectly assumes that a_n → 0 implies the tail sums tend to zero, but this is not true (e.g., harmonic series).""]

在 JSON 中。

我會用這個。

但規則說 ""必須列出所有彼此獨立的根本問題""，這裡可能有兩個：1. 未明確定義 2. 錯誤斷言。

但為了簡單，我取一個。

既然學生的草稿有 ""the tails""，而沒有定義，是缺漏。

所以， [""In the step 'the tails become arbitrarily small', the student does not specify what 'tails' means, leading to confusion between sequence terms and series tail sums.""]

和 [""The student incorrectly assumes that a_n → 0 implies the tail sums tend to zero, which is not true for the harmonic series.""]

但可能兩個。

我決定用兩個。

在教學中，這些是獨立的。

所以， JSON 陣列: [""In the step 'the tails become arbitrarily small', the student does not specify what 'tails' refers to."", ""The student incorrectly assumes that a_n → 0 implies the tail sums tend to zero, but this is not true (e.g., harmonic series).""]

但規則說 ""精確""，且 ""不要輸出任何其他文字""。

另外，規則： ""嚴格與非嚴格不等號、特例未排除""，這裡有特例。

在第二個，我提到 harmonic series 作為特例。

應該可以。

為了更嚴格，我寫成。

我認為這就夠了。

所以，輸出: [""In the step 'the tails become arbitrarily small', the student does not specify what 'tails' means."", ""The student incorrectly assumes that a_n → 0 implies the tail sums tend to zero, but this is not true for series like the harmonic series.""]

在 JSON 字串陣列。

在 Python 中，JSON 陣列。

但用戶要 JSON 字串。

在回應中，只輸出 JSON。

所以，我寫: [""In the step 'the tails become arbitrarily small', the student does not specify what 'tails' means."", ""The student incorrectly assumes that a_n → 0 implies the tail sums tend to zero, but this is not true for the harmonic series.""]

但規則說 ""不要輸出任何其他文字""，所以只這個。

另外，規則： ""題目只寫「遞增／increasing」而未寫「嚴格／strictly」時，一律按**單調不減**理解""，但這裡不相關。

我認為這是好的。

為了確認，學生的草稿是 ""Yes. Since a_n tends to zero, the tails become arbitrarily small, so the partial sums form a Cauchy sequence.""

所以，步驟是 ""the tails become arbitrarily small""。

問題：未明確 ""tails""，且錯誤斷言。

所以，兩個問題。

我會用這個。
[""In the step 'the tails become arbitrarily small', the student does not specify what 'tails' refers to."", ""The student incorrectly assumes that a_n → 0 implies the tail sums tend to zero, but this is not true for the harmonic series.""]",505,7349,0.307157056,46.16261571700011,False,stop,1.0,"首先，問題是：如果序列 \( a_n \) 趨於零，是否必須使級數 \( \sum a_n \) 收斂？參考解說：不，例如調和級數 \( a_n = \frac{1}{n} \) 趨於零但級數發散。

學生的草稿：是的。因為 \( a_n \) 趨於零，尾部變得任意小，所以部分和形成 Cauchy 鏈。

我需要以嚴格的教學標準審閱學生的草稿，找出缺漏或錯誤。

關鍵點：
- 題目說 ""遞增／increasing"" 但這裡是關於序列趨於零和級數收斂，所以不直接相關。題目是 ""If a_n tends to zero, must the series sum a_n converge?""，所以是序列趨於零是否導致級數收斂。
- 學生說 ""Yes""，但參考解說 ""No""，所以學生的結論是錯誤的。
- 學生的論點：因為 \( a_n \) 趨於零，尾部變得任意小，所以部分和形成 Cauchy 鏈。

在分析中，我需要檢查學生的步驟是否有錯誤或缺漏。

首先，學生說 ""a_n tends to zero""，這正確，但參考解給出反例，所以學生的結論是錯的。

學生的推理：尾部變得任意小 → 部分和形成 Cauchy 鏈。

在數學中，序列 \( a_n \) 趨於零意味著對於任意 \( \epsilon > 0 \)，存在 \( N \) 使得當 \( n > N \) 時，\( |a_n| < \epsilon \)。但這不意味著部分和形成 Cauchy 鏈。

部分和 \( s_n = \sum_{k=1}^n a_k \) 形成 Cauchy 鏈的條件是：對於任意 \( \epsilon > 0 \)，存在 \( N \) 使得當 \( m > n > N \) 時，\( |s_m - s_n| = |\sum_{k=n+1}^m a_k| < \epsilon \)。

學生說 ""尾部變得任意小""，但尾部指的是 \( \sum_{k=n+1}^\infty a_k \)？不，學生說 ""the tails become arbitrarily small""，在級數上下文中，""tails"" 通常指部分和的差，即 \( s_m - s_n \) for large m,n.

但學生說 ""the tails become arbitrarily small""，這可能被誤解。

在級數中，如果級數收斂，則尾部 \( \sum_{k=n}^\infty a_k \) 趨於零。但這裡學生說 ""a_n tends to zero""，這不等於尾部趨於零。

關鍵錯誤：學生混淆了序列趨於零和級數尾部趨於零。

具體來說：
- \( a_n \to 0 \) 意味著序列項趨於零。
- 但級數 \( \sum a_n \) 收斂的必要條件是 \( a_n \to 0 \)，但不是充分條件。學生錯誤地認為 \( a_n \to 0 \) 足以保證級數收斂。

在學生的草稿中，他說 ""the tails become arbitrarily small""。在級數中，""tails"" 通常指 \( \sum_{k=n}^\infty a_k \)，但學生說 ""a_n tends to zero""，所以 ""tails"" 可能被誤用。

學生的陳述：""the tails become arbitrarily small"" – 這可能意指對於固定 n，當 n 大時，尾部和小，但這不正確。

在嚴格數學中，序列 \( a_n \to 0 \) 意味著對於任意 \( \epsilon > 0 \)，存在 N 使得 |a_n| < \epsilon for n > N。但這不意味著部分和的差小。

例如，調和級數：a_n = 1/n → 0，但部分和 s_n = H_n ~ ln n → ∞，所以 s_m - s_n = H_m - H_n ~ ln m - ln n，當 m,n 大時，這不趨於零；事實上，對於固定 n，當 m→∞，s_m - s_n → ∞。

所以，學生的錯誤在於：他假設 a_n → 0 意味著部分和形成 Cauchy 鏈，但這不成立。

現在，根據規則，我需要找出缺漏或錯誤。

1. 數學錯誤：斷言不成立、計算錯等。

這裡，學生斷言 ""the tails become arbitrarily small""，但這不成立。在級數中，如果級數收斂，則尾部和趨於零，但這裡 a_n → 0 不保證尾部和趨於零。

學生說 ""so the partial sums form a Cauchy sequence""。但部分和形成 Cauchy 鏈是級數收斂的必要條件（在實數中），但不是充分條件？不，在實數中，級數收斂當且僅當部分和形成 Cauchy 鏈。

在實數中，級數 \( \sum a_n \) 收斂當且僅當部分和序列 \( s_n \) 是 Cauchy 鏈。

但學生的錯誤是：他從 a_n → 0 推出 s_n 是 Cauchy 鏈，但 a_n → 0 不是 s_n 是 Cauchy 鏈的充分條件。

例如，調和級數中 a_n → 0，但 s_n 不是 Cauchy 鏈。

所以，學生的推理有誤。

具體缺漏：

- 學生說 ""the tails become arbitrarily small""，但這不是由 a_n → 0 直接推出的。a_n → 0 意味著項趨於零，但尾部和（sum from n+1 to infinity）不一定趨於零。事實上，a_n → 0 是級數收斂的必要條件，但不是充分條件。

在學生的草稿中，他沒有明確說明 ""tails"" 是什麼。在級數上下文中，""tails"" 通常指部分和的差，但學生可能誤解了。

另一個角度：學生說 ""the tails become arbitrarily small""，這可能被解釋為對於任意 ε>0，存在 N 使得當 n>N 時，|a_n| < ε，但這不是 ""tails""；""tails"" 應該指和。

在數學術語中，""tail"" of a series often means the sum from k=n to infinity.

但學生說 ""a_n tends to zero""，所以 ""tails"" 可能被誤用。

假設學生意指：因為 a_n → 0，所以對於任意 ε>0，存在 N 使得 |a_n| < ε for n>N，但這不意味著部分和的差小。

例如，對於調和級數，|a_n| = 1/n < ε for n > 1/ε，但 s_m - s_n = sum_{k=n+1}^m 1/k > ln(m/n) for m>n，當 m→∞，這可以很大。

所以，學生的錯誤是：他從 a_n → 0 推出部分和形成 Cauchy 鏈，但這不成立。

現在，根據規則，我需要找出哪一步缺了什麼。

學生的步驟：
1. ""Since a_n tends to zero"" – 這正確。
2. ""the tails become arbitrarily small"" – 這不正確，因為 a_n → 0 不保證尾部和趨於零。
3. ""so the partial sums form a Cauchy sequence"" – 這不成立，因為 a_n → 0 不是充分條件。

具體缺漏：
- 在步驟 2，學生說 ""the tails become arbitrarily small""，但這不是由 a_n → 0 直接推出的。實際上，a_n → 0 意味著項趨於零，但尾部和（sum from n to infinity）不一定趨於零。學生沒有說明 ""tails"" 是什麼，或者他假設了什麼。
- 甚至，學生可能混淆了 ""tails"" 和 ""terms""。在草稿中，他說 ""the tails""，但 a_n 是項，不是尾部。

在級數中，""tail"" 通常指部分和的後面部分。

但學生說 ""the tails become arbitrarily small""，這可能意指對於每個 n，當 n 大時，尾部和小，但這不正確。

另一個問題：學生結論是 ""Yes""，但參考解說 ""No""，所以錯誤。

我需要列出根本問題。

根據規則：
- 數學錯誤：斷言不成立。這裡，學生斷言 ""the tails become arbitrarily small"" 但這不成立（在 a_n → 0 的情況下）。
- 依據缺漏：某一步結論依賴的事實沒有明說。

例如：
- 從 a_n → 0 推出部分和形成 Cauchy 鏈，但這需要額外條件，如級數收斂的條件。學生沒有提到任何條件。
- 具體地，學生沒有說明 ""tails"" 的定義。在數學中，""tail"" 需要明確。

在教學標準中，學生應該明確 ""tails"" 指什麼。

例如，學生可能意指：對於任意 ε>0，存在 N 使得 |a_n| < ε for n>N，但這不是 ""tails""；""tails"" 應該是和。

所以，一個缺漏是：學生沒有明確 ""tails"" 是序列的項還是級數的尾部和。

在上下文中，既然題目是級數收斂，""tails"" 很可能指級數的尾部和。

但學生說 ""the tails become arbitrarily small""，這在 a_n → 0 時不一定成立。

例如，調和級數中，尾部和 \( \sum_{k=n}^\infty \frac{1}{k} \) 趨於無窮大，不趨於零。

所以，學生的斷言 ""the tails become arbitrarily small"" 是錯誤的，因為它不成立。

因此，問題在於：學生錯誤地認為 a_n → 0 意味著尾部和趨於零，但這不正確。

在嚴格審閱中，我需要說出在哪一步缺了什麼。

可能的問題：
1. 在 ""the tails become arbitrarily small"" 這句，學生沒有明確 ""tails"" 的定義。在級數中，""tail"" 通常指從某點開始的和，但學生可能誤解為項本身。
2. 甚至，學生沒有證明尾部和趨於零；a_n → 0 不保證尾部和趨於零。

但學生說 ""the tails become arbitrarily small""，這是一個斷言，但這個斷言不成立，所以是錯誤的。

根據規則，我需要找出缺漏或錯誤。

另一個點：學生說 ""so the partial sums form a Cauchy sequence""。但部分和形成 Cauchy 鏈是級數收斂的必要條件，但學生從 a_n → 0 推出這個，而 a_n → 0 不是充分條件。

所以，缺漏是：學生沒有說明為什麼 a_n → 0 會導致部分和形成 Cauchy 鏈。實際上，a_n → 0 是級數收斂的必要條件，但不是充分條件；學生錯誤地認為它是充分條件。

在教學中，學生應該知道 a_n → 0 是必要但不充分條件。

所以，根本問題：
- 學生錯誤地假設 a_n → 0 意味著級數收斂（或部分和形成 Cauchy 鏈），但這不成立，因為有反例（如調和級數）。

具體到步驟：
- 步驟： ""the tails become arbitrarily small"" – 這斷言不成立，因為 a_n → 0 不保證尾部和趨於零。
- 甚至，學生沒有定義 ""tails""。在數學中，必須明確。

規則說： ""某一步結論依賴的事實沒有明說""。

例如，從 a_n → 0 推出部分和形成 Cauchy 鏈，但這需要額外條件，如級數收斂的條件。學生沒有提到任何條件。

但學生的結論是 ""Yes""，而正確是 ""No""，所以錯誤。

我需要輸出 JSON 陣列。

可能的問題：
1. 學生斷言 ""the tails become arbitrarily small"" 但這不成立；在 a_n → 0 的情況下，尾部和（級數的尾部和）不一定趨於零。例如，調和級數中，尾部和趨於無窮大。
2. 學生沒有明確 ""tails"" 的定義。在級數上下文中，""tail"" 應指從某點開始的和，但學生可能意指序列的項。
3. 從 a_n → 0 推出部分和形成 Cauchy 鏈，但這不成立，因為 a_n → 0 不是部分和形成 Cauchy 鏈的充分條件。

但規則要求 ""精確說明：在哪一步、缺了什麼或錯在哪""。

讓我寫成一句話。

例如：
- ""在 'the tails become arbitrarily small' 這一步，學生錯誤地假設 a_n 趨於零意味著級數的尾部和趨於零，但這不成立，因為調和級數是反例。""

但規則說 ""不要輸出任何其他文字""，只輸出 JSON 陣列。

每個項目是 ""一句話""。

另外，規則： ""必須列出所有彼此獨立的根本問題""。

這裡，可能有幾個問題。

首先，學生的結論是 ""Yes""，但正確是 ""No""，所以錯誤。

但問題在於推理。

關鍵錯誤：學生混淆了序列項趨於零和級數尾部和趨於零。

在教學中，學生應該知道：序列項趨於零是級數收斂的必要條件，但不是充分條件。

所以，問題：
1. 學生沒有區分序列項和級數尾部和。學生說 ""the tails""，但 a_n 是項，不是尾部和。
2. 學生錯誤地認為 a_n → 0 意味著級數尾部和趨於零，但這不成立。

具體地：
- 在步驟 ""the tails become arbitrarily small""，學生沒有明確 ""tails"" 指什麼。在數學中，""tail"" 需要定義。
- 甚至，學生的斷言 ""the tails become arbitrarily small"" 不正確，因為 a_n → 0 不保證尾部和趨於零。

另一個點：學生說 ""so the partial sums form a Cauchy sequence""。但部分和形成 Cauchy 鏈是級數收斂的條件，但學生從 a_n → 0 推出這個，而 a_n → 0 不是充分條件。所以，缺漏是：學生沒有說明 a_n → 0 如何導致部分和形成 Cauchy 鏈；實際上，這需要額外條件。

但學生的推理是直接的。

我認為主要問題是：學生錯誤地認為 a_n → 0 意味著級數收斂，但這不成立。

在審閱中，我需要指出具體缺漏。

參考規則的例： ""由 $cv=0$ 推 $c=0$ 卻沒說 $v\ne0$""

這裡，類似地，學生從 a_n → 0 推出級數收斂，但沒有說明 a_n → 0 是充分條件。

但學生沒有說 ""a_n → 0 is sufficient""，他說 ""since a_n tends to zero, the tails become arbitrarily small""，暗示 a_n → 0 保證尾部和小。

所以，問題：學生假設 a_n → 0 意味著級數尾部和趨於零，但這不成立。

在嚴格標準下，學生必須證明尾部和趨於零，但 a_n → 0 不足以證明這個。

所以，我列出：

1. ""在 'the tails become arbitrarily small' 這一步，學生錯誤地假設 a_n 趨於零意味著級數的尾部和趨於零，但這不成立，因為調和級數是反例。""

但規則說 ""精確說明""，且 ""不要輸出任何其他文字""，所以 JSON 陣列。

另外，規則： ""學生寫「單調不減／非減少／nondecreasing」是精確表述，**不是缺漏**""，但這裡不相關。

另一個問題：學生說 ""the tails become arbitrarily small""，但 ""arbitrarily small"" 通常指對於任意 ε>0，有某個 N 使得...，但學生沒有明確。

在教學中，學生應該明確。

但可能不是主要。

我認為最直接的問題是：學生的斷言 ""the tails become arbitrarily small"" 不正確，因為 a_n → 0 不保證尾部和趨於零。

所以，一個問題：學生錯誤地斷言 a_n 趨於零意味著級數的尾部和趨於零。

但學生說 ""the tails""，在上下文中，可能被理解為項，但題目是級數，所以應該是尾部和。

為了精確。

讓我寫成一句話。

例如：
- ""學生在 'the tails become arbitrarily small' 這一步，未證明尾部和趨於零，且 a_n 趨於零不保證尾部和趨於零。""

但規則要求 ""在哪一步、缺了什麼或錯在哪""。

步驟是 ""the tails become arbitrarily small""。

缺了什麼：學生沒有說明尾部和的定義，且錯誤地認為 a_n 趨於零意味著尾部和趨於零。

另一個獨立問題：學生結論 ""the partial sums form a Cauchy sequence"" 但這不成立，因為 a_n 趨於零不導致部分和形成 Cauchy 鏈。

但這可能是一個問題。

規則： ""每項用一句話精確說明""

所以，我列出：

1. ""在 'the tails become arbitrarily small' 這一步，學生錯誤地假設 a_n 趨於零意味著級數的尾部和趨於零，但這不成立（例如調和級數）。""

2. ""學生未明確 'tails' 的定義，導致混淆序列項和級數尾部和。""

3. ""從 a_n 趨於零推導部分和形成 Cauchy 鏈的步驟缺少必要條件，因為 a_n 趨於零不是部分和形成 Cauchy 鏈的充分條件。""

但規則說 ""彼此獨立的根本問題""，所以這些可能獨立。

在教學中，問題1和2可能重疊。

為了簡單，我取主要問題。

參考解說：調和級數是反例，所以學生的錯誤是忽略了反例。

在審閱中，我應該指出學生的推理有誤。

另一個點：學生說 ""the tails become arbitrarily small""，但對於級數，尾部和趨於零是收斂的必要條件，但學生說 ""the tails become arbitrarily small"" 作為 a_n → 0 的結果，這不正確。

具體地，a_n → 0 是必要條件，但不是充分條件。

所以，問題：學生將必要條件誤認為充分條件。

在教學標準下，學生必須區分必要和充分。

所以，我寫：

- ""學生錯誤地將序列項趨於零視為級數收斂的充分條件，但實際上它是必要但不充分條件。""

但這不是針對特定步驟。

規則要求 ""在哪一步""。

學生的步驟有三句：
1. ""Yes."" (結論)
2. ""Since a_n tends to zero,"" (前提)
3. ""the tails become arbitrarily small,"" (中間步驟)
4. ""so the partial sums form a Cauchy sequence."" (結論)

所以，問題在步驟3和4。

在步驟3: ""the tails become arbitrarily small"" – 這斷言不成立。

在步驟4: ""so the partial sums form a Cauchy sequence"" – 但這不成立，因為 a_n → 0 不導致這個。

但學生的推理鏈是：a_n → 0 → tails become arbitrarily small → partial sums Cauchy.

所以，問題在 ""tails become arbitrarily small"" 這步。

我認為最關鍵的是：學生沒有證明尾部和趨於零；a_n → 0 不足以保證這個。

所以，一句話： ""學生在 'the tails become arbitrarily small' 這一步，未說明 a_n 趨於零如何保證級數的尾部和趨於零，且此斷言不成立（例如調和級數）。""

但規則說 ""不要輸出任何其他文字""，只 JSON 陣列。

另外，規則： ""完全沒有問題就輸出空陣列""。

這裡有問題。

我決定列出一個問題。

為了嚴格，我寫：

[""學生在 'the tails become arbitrarily small' 這一步，錯誤地假設 a_n 趨於零意味著級數的尾部和趨於零，但這不成立""]

但需要更精確。

規則的例： ""由 $cv=0$ 推 $c=0$ 卻沒說 $v\ne0$""，所以這裡類似，學生沒有說明尾部和的定義或條件。

在學生的草稿中，他說 ""the tails""，但沒有定義。

所以，另一個問題：學生未明確 ""tails"" 的定義。

在數學中，必須明確。

所以，可能的問題：
1. 學生未明確 ""tails"" 指序列的項還是級數的尾部和。
2. 學生錯誤地斷言 a_n 趨於零意味著級數的尾部和趨於零，但這不成立。

我取兩個。

但規則說 ""彼此獨立""。

讓我寫成 JSON 陣列。

首先，問題1: ""在 'the tails become arbitrarily small' 這一步，學生未明確 'tails' 的定義，導致混淆序列項和級數尾部和。""

問題2: ""學生錯誤地假設 a_n 趨於零意味著級數的尾部和趨於零，但這不成立（例如調和級數）。""

在問題2中，我提到調和級數，但規則說 ""不要輸出任何其他文字""，但 JSON 陣列是文字，所以應該可以。

規則： ""每項用一句話精確說明""，所以可以有例子。

在教學中，反例是標準。

另一個點：學生說 ""the tails become arbitrarily small""，但 ""arbitrarily small"" 通常需要量化，但學生可能意指對於任意 ε>0，有 N 使得...，但沒有明確。

但可能不是主要。

我認為兩個問題是獨立的。

為了安全，我寫一個問題，因為學生的錯誤是核心。

在參考解中，調和級數是反例，所以學生的錯誤是忽略了反例。

但審閱是針對草稿的缺漏。

我決定： [""學生在 'the tails become arbitrarily small' 這一步，錯誤地斷言 a_n 趨於零意味著級數的尾部和趨於零，但這不成立""]

但規則要求 ""精確""。

另一個想法：在級數中，如果級數收斂，則尾部和趨於零，但 a_n → 0 不是充分條件。

學生的錯誤是：他從 a_n → 0 推出尾部和趨於零，但這不正確。

所以，問題：學生沒有證明尾部和趨於零；a_n → 0 不足以保證這個。

在教學中，學生應該知道 a_n → 0 是必要條件，但不是充分條件。

所以，我寫：

[""學生錯誤地將序列項趨於零視為級數尾部和趨於零的充分條件，但實際上 a_n 趨於零不保證尾部和趨於零""]

但這不是針對步驟。

規則說 ""在哪一步""，所以需要指定步驟。

學生的草稿： ""the tails become arbitrarily small"" 這句是步驟。

所以， [""在 'the tails become arbitrarily small' 這一步，學生錯誤地假設 a_n 趨於零意味著級數的尾部和趨於零""]

為了更完整，加 ""但這不成立""。

但規則說 ""嚴格的教學標準""，所以應該指出錯誤。

我認為這就夠了。

為了符合，我寫成一句。

最終決定： [""學生在 'the tails become arbitrarily small' 這一步，未說明 a_n 趨於零如何導致級數的尾部和趨於零，且此斷言不成立""]

但 ""未說明"" 可能不夠。

規則的例： ""套用鴿籠原理卻沒陳述「幾個物件、幾個類別」""，所以這裡，學生沒有陳述什麼。

在學生的草稿中，他沒有陳述 ""tails"" 是什麼。

所以，問題：學生未明確 ""tails"" 的定義。

另一個問題：學生沒有提到級數收斂的條件。

但我想我會用這個。

我輸出一個 JSON 陣列。

讓我寫：

[""在 'the tails become arbitrarily small' 這一步，學生未明確 'tails' 指序列的項還是級數的尾部和""]

和

[""學生錯誤地假設 a_n 趨於零意味著級數的尾部和趨於零，但這不成立""]

但可能太長。

規則： ""每項用一句話""，所以可以。

為了簡潔，我取一個。

既然學生的結論是 ""Yes""，但正確是 ""No""，問題在推理。

我選擇： [""學生在 'the tails become arbitrarily small' 這一步，錯誤地斷言 a_n 趦於零意味著級數的尾部和趨於零，但這不成立""]

在中文中，""趨於"" 是 ""tends to""。

題目是中文？不，用戶用中文寫，但問題是數學。

用戶消息是中文，但數學術語是英文。

在輸出中，我用中文？規則說 ""只輸出 JSON 字串陣列""，但內容是中文？用戶用中文寫，但數學是標準。

看用戶消息： ""Problem: If a_n tends to zero, must the series sum a_n converge?"" 用英文。

""Verified reference proof"" 用英文。

""Student draft or attempt"" 用英文。

所以，輸出應該用英文？規則沒指定，但既然是教學，可能用英文。

在規則中，有中文例子，但這裡是數學。

為了安全，我用英文輸出。

在規則中： ""例：由 $cv=0$ 推 $c=0$ 卻沒說 $v\ne0$""，所以用數學符號。

所以，我用英文。

例如： [""In the step 'the tails become arbitrarily small', the student incorrectly assumes that a_n tending to zero implies the series tail sum tends to zero, but this is not true (e.g., harmonic series).""]

但規則說 ""精確""，且 ""不要輸出任何其他文字""。

我寫成：

[""The student incorrectly assumes that a_n → 0 implies the tail sums tend to zero in the step 'the tails become arbitrarily small', but this is not true for series like the harmonic series.""]

但規則要求 ""在哪一步""，所以指定步驟。

在 JSON 陣列中。

我決定用這個。

為了更嚴格，另一個問題：學生說 ""so the partial sums form a Cauchy sequence""，但部分和形成 Cauchy 鏈是級數收斂的條件，但學生從 a_n → 0 推出這個，而 a_n → 0 不是充分條件。所以，問題：學生沒有說明 a_n → 0 如何導致部分和形成 Cauchy 鏈。

但可能重複。

我認為主要問題是 ""tails"" 的誤解。

所以，我輸出一個項目。

最終 JSON: [""In the step 'the tails become arbitrarily small', the student fails to specify what 'tails' refers to and incorrectly assumes that a_n → 0 implies the tail sums tend to zero, which is not true (e.g., harmonic series).""]

但規則說 ""精確""，且 ""不要輸出任何其他文字""，所以只 JSON 陣列。

另外，規則： ""學生寫「單調不減／非減少／nondecreasing」是精確表述，**不是缺漏**""，但這裡不相關。

我認為這就夠了。

為了符合，我寫成：

[""The student's claim that 'the tails become arbitrarily small' is incorrect because a_n → 0 does not imply that the tail sums tend to zero, as shown by the harmonic series example.""]

但需要指定步驟。

規則： ""在哪一步""，所以 ""in the step 'the tails become arbitrarily small'""

所以， [""In the step 'the tails become arbitrarily small', the student incorrectly assumes that a_n → 0 implies the tail sums tend to zero, but this is not true (e.g., harmonic series).""]

在 JSON 中。

我會用這個。

但規則說 ""必須列出所有彼此獨立的根本問題""，這裡可能有兩個：1. 未明確定義 2. 錯誤斷言。

但為了簡單，我取一個。

既然學生的草稿有 ""the tails""，而沒有定義，是缺漏。

所以， [""In the step 'the tails become arbitrarily small', the student does not specify what 'tails' means, leading to confusion between sequence terms and series tail sums.""]

和 [""The student incorrectly assumes that a_n → 0 implies the tail sums tend to zero, which is not true for the harmonic series.""]

但可能兩個。

我決定用兩個。

在教學中，這些是獨立的。

所以， JSON 陣列: [""In the step 'the tails become arbitrarily small', the student does not specify what 'tails' refers to."", ""The student incorrectly assumes that a_n → 0 implies the tail sums tend to zero, but this is not true (e.g., harmonic series).""]

但規則說 ""精確""，且 ""不要輸出任何其他文字""。

另外，規則： ""嚴格與非嚴格不等號、特例未排除""，這裡有特例。

在第二個，我提到 harmonic series 作為特例。

應該可以。

為了更嚴格，我寫成。

我認為這就夠了。

所以，輸出: [""In the step 'the tails become arbitrarily small', the student does not specify what 'tails' means."", ""The student incorrectly assumes that a_n → 0 implies the tail sums tend to zero, but this is not true for series like the harmonic series.""]

在 JSON 字串陣列。

在 Python 中，JSON 陣列。

但用戶要 JSON 字串。

在回應中，只輸出 JSON。

所以，我寫: [""In the step 'the tails become arbitrarily small', the student does not specify what 'tails' means."", ""The student incorrectly assumes that a_n → 0 implies the tail sums tend to zero, but this is not true for the harmonic series.""]

但規則說 ""不要輸出任何其他文字""，所以只這個。

另外，規則： ""題目只寫「遞增／increasing」而未寫「嚴格／strictly」時，一律按**單調不減**理解""，但這裡不相關。

我認為這是好的。

為了確認，學生的草稿是 ""Yes. Since a_n tends to zero, the tails become arbitrarily small, so the partial sums form a Cauchy sequence.""

所以，步驟是 ""the tails become arbitrarily small""。

問題：未明確 ""tails""，且錯誤斷言。

所以，兩個問題。

我會用這個。",,,,True,False,True,True,single_analyst_semantic_adjudication,Root issue is present and the required structured output parses.
Base-Thinking reviewer,R9,IVT existence versus uniqueness,"IVT gives existence, not uniqueness.","['The student incorrectly claims that IVT guarantees exactly one zero, but IVT only guarantees at least one zero; uniqueness requires additional conditions such as strict monotonicity.']",True,True,True,True,"[""The student incorrectly claims that IVT guarantees exactly one zero, but IVT only guarantees at least one zero; uniqueness requires additional conditions such as strict monotonicity.""]","首先，問題是：如果一個連續函數 f 滿足 f(0) < 0 < f(1)，IVT（中值定理）保證什麼？參考解說：IVT 保證在 (0,1) 中至少有一個零；唯一性需要額外條件，例如嚴格單調性。

學生的草稿：IVT 保證在 (0,1) 中恰好一個 c 滿足 f(c)=0，因為端點的符號相反。

我需要以嚴格的教學標準審閱學生的草稿，找出缺漏或錯誤。

關鍵點：
- 題目說 ""遞增／increasing"" 但沒有指定 ""嚴格""，所以按單調不減理解。但這裡學生說 ""exactly one""，這暗示了唯一性。
- 參考解明確指出，IVT 只保證至少一個零，不保證唯一性；唯一性需要嚴格單調性。
- 學生的草稿說 ""exactly one""，但 IVT 本身不保證唯一性；它只保證存在性（至少一個）。

所以，主要問題是：學生錯誤地聲稱 IVT 保證 ""exactly one"" 零，但 IVT 只保證 ""at least one""。IVT 的定理是：如果 f 連續，且 f(a) < 0 < f(b)，則存在 c 在 (a,b) 使得 f(c)=0。它不保證唯一性。

在學生的草稿中，他說 ""IVT guarantees exactly one c""，但 IVT 本身不提供唯一性；唯一性需要額外條件。

根據規則：
- 數學錯誤：斷言不成立。這裡，IVT 不保證唯一性，所以斷言 ""exactly one"" 是錯誤的。
- 依據缺漏：學生沒有提到唯一性需要額外條件。參考解說明確指出唯一性需要嚴格單調性。

具體步驟：
- 學生說： ""IVT guarantees exactly one c in (0,1) with f(c)=0 because the endpoint signs are opposite.""
- 這裡，""because the endpoint signs are opposite"" 是正確的，因為 f(0)<0<f(1) 意味著端點符號相反，但這只保證存在性，不保證唯一性。

所以，缺漏是：學生沒有說明唯一性需要額外條件（如嚴格單調性）。

另外，題目中說 ""遞增／increasing"" 但沒有指定嚴格，所以函數可能不是嚴格單調的。例如，f 可能有平台（flat）區間，導致多個零點。

例如，考慮 f(x) = x(x-1)(x-2) 在 [0,1] 上，但 f(0)=0, f(1)=0，但題目是 f(0)<0<f(1)，所以需要調整。更好的例子：f(x) = sin(πx) 在 [0,1]，f(0)=0, f(1)=0，但題目要求 f(0)<0<f(1)，所以 f(0) 要負，f(1) 正。例如，f(x) = x - 0.5 在 [0,1]，f(0)=-0.5<0, f(1)=0.5>0，但這只有一個零點。但 IVT 不保證唯一性；例如，f(x) = sin(2πx) 在 [0,1]，f(0)=0, f(1)=0，但我們需要 f(0)<0<f(1)。設 f(x) = sin(πx) - 0.5，但可能複雜。

簡單例子：f(x) = x^2 - 0.25 在 [0,1]。f(0) = -0.25 < 0, f(1) = 0.75 > 0。IVT 保證至少一個零點在 (0,1)。但 f(x) = 0.5 有兩個零點？f(x) = x^2 - 0.25 = 0 => x = ±0.5，所以在 [0,1]，x=0.5 是一個零點。但為了有兩個零點，需要函數在 (0,1) 有兩個點。例如，f(x) = (x-0.25)^2 - 0.0625，但可能不連續？不，連續。

標準例子：f(x) = sin(πx) 在 [0,1]，但 f(0)=0, f(1)=0。要 f(0)<0<f(1)，設 g(x) = sin(πx) - 0.5，但 g(0) = -0.5 < 0, g(1) = -0.5 < 0? 不對。

更好：f(x) = x(1-x) 在 [0,1]，f(0)=0, f(1)=0，但題目要求 f(0)<0<f(1)，所以 f(0) 要負。設 f(x) = x - 0.5，但只有一個零點。

實際上，IVT 可以保證多個零點。例如，f(x) = sin(2πx) 在 [0,1]，f(0)=0, f(1)=0。但我們需要 f(0)<0<f(1)。設 f(x) = sin(2πx) - 0.5，但 f(0) = -0.5 < 0, f(1) = -0.5 < 0，不滿足 f(1)>0。

設 f(x) = sin(πx) for x in [0,2]，但限制在 [0,1]。f(0)=0, f(1)=0。要 f(0)<0，設 f(x) = sin(πx) - 0.1，但 f(0) = -0.1 < 0, f(1) = -0.1 < 0，不對。

簡單例子：f(x) = x^2 - 0.25 在 [0,1]，f(0) = -0.25 < 0, f(1) = 0.75 > 0。零點在 x=0.5。但如果有平台，例如 f(x) = (x-0.5)^2 - 0.25，但 f(0) = 0.25 - 0.25 = 0? 計算：f(0) = (0-0.5)^2 - 0.25 = 0.25 - 0.25 = 0, f(1) = (1-0.5)^2 - 0.25 = 0.25 - 0.25 = 0。不理想。

標準反例：f(x) = 0 for x in [0,0.5], f(x) = 2x - 1 for x in [0.5,1]。但 f(0) = 0, 題目要求 f(0)<0，所以調整。設 f(x) = -1 for x in [0,0.5], f(x) = 2x - 1 for x in [0.5,1]。則 f(0) = -1 < 0, f(1) = 1 > 0。IVT 保證至少一個零點在 (0.5,1)。但 f(x) = 0 只有在 x=0.5 時？f(x) = 2x - 1 = 0 at x=0.5。但 [0,0.5] 是 -1，所以 f(x) < 0 for x in [0,0.5), f(0.5)=0, f(x)>0 for x>0.5。所以只有一個零點。

要兩個零點，需要函數在 (0,1) 有兩個點 f(c)=0。例如，f(x) = sin(2πx) 在 [0,1]，但 f(0)=0, f(1)=0。設 f(x) = sin(2πx) - 0.5，但 f(0) = -0.5 < 0, f(1) = -0.5 < 0，不滿足 f(1)>0。

設 f(x) = sin(πx) for x in [0,1]，f(0)=0, f(1)=0。但題目要求 f(0)<0<f(1)，所以我們可以取 f(x) = sin(πx) - 0.1，但 f(0) = -0.1 < 0, f(1) = -0.1 < 0，不對。

更好的：考慮 f(x) = x(x-1) 在 [0,1]，但 f(0)=0, f(1)=0。要 f(0)<0，設 g(x) = x(x-1) - 0.1，則 g(0) = -0.1 < 0, g(1) = -0.1 < 0，不對。

我找到一個：f(x) = sin(2πx) 在 [0,1]，f(0)=0, f(1)=0。但我們可以取區間 [0,1.5] 但題目是 (0,1)。

簡單反例：假設 f 連續，f(0) = -1, f(1) = 1，但 f 有平台。例如，f(x) = -1 for x in [0,0.5], f(x) = 2x - 1 for x in [0.5,1]。但如前，只有一個零點。

要兩個零點，需要 f 有兩個點。例如，f(x) = (x-0.25)(x-0.75) 在 [0,1]。f(0) = (0-0.25)(0-0.75) = (0.25)(0.75) = 0.1875 > 0，但題目要求 f(0)<0。所以設 f(x) = - (x-0.25)(x-0.75)。則 f(0) = - (0.25)(0.75) = -0.1875 < 0, f(1) = - (0.75)(0.25) = -0.1875 < 0，不對。

f(x) = (x-0.25)(x-0.75) - 0.1，但可能複雜。

實際上，IVT 保證至少一個零點，但不保證唯一性。例如，f(x) = sin(πx) 在 [0,2]，但限制在 [0,1]。f(0)=0, f(1)=0。但題目要求 f(0)<0<f(1)，所以我們可以取 f(x) = sin(πx) for x in [0,1]，但 f(0)=0, f(1)=0。為了有 f(0)<0，設 f(x) = sin(πx) - 0.5，但 f(0) = -0.5 < 0, f(1) = -0.5 < 0，不滿足 f(1)>0。

設 f(x) = sin(2πx) - 0.5。f(0) = -0.5 < 0, f(0.5) = sin(π) - 0.5 = -0.5, f(1) = sin(2π) - 0.5 = -0.5。不對。

我 recall 一個標準反例：f(x) = x^2 - 0.25 for x in [0,1], but as before, only one zero.

Another example: f(x) = 0 for x in [0,0.5], f(x) = 2x - 1 for x in [0.5,1]. But f(0)=0, not less than 0.

To have f(0)<0, let f(x) = -1 for x in [0,0.5], f(x) = 2x - 1 for x in [0.5,1]. Then f(0) = -1 < 0, f(1) = 1 > 0. Zero at x=0.5. Only one zero.

To have two zeros, consider f(x) = sin(2πx) on [0,1], but f(0)=0, f(1)=0. If we shift, but it's messy.

I think for the purpose of this problem, it's well-known that IVT does not guarantee uniqueness; for example, f(x) = x^2 - 0.25 has only one zero in [0,1], but if we take f(x) = (x-0.25)^2 - 0.0625, then f(0) = 0.0625 - 0.0625 = 0, not less than 0.

Let's define f(x) = x(x-1) for x in [0,1], f(0)=0, f(1)=0. But we need f(0)<0, so let g(x) = -x(x-1) = x - x^2. Then g(0) = 0, not less than 0.

Set h(x) = x - x^2 - 0.1. Then h(0) = -0.1 < 0, h(1) = 1 - 1 - 0.1 = -0.1 < 0, not good.

h(x) = x - x^2 for x in [0,1], h(0)=0, h(1)=0. To have h(0)<0, we can take k(x) = x - x^2 - 0.01. Then k(0) = -0.01 < 0, k(1) = 1 - 1 - 0.01 = -0.01 < 0, still not.

I found a simple one: let f(x) = sin(πx) for x in [0,1]. f(0) = 0, f(1) = 0. But if we consider the interval (0,1), and we want f(0)<0<f(1), we can't directly.

Perhaps for this problem, it's sufficient to know that IVT does not imply uniqueness without additional conditions.

In the student's draft, he says ""exactly one"", but IVT only guarantees existence, not uniqueness.

So the error is that he claims uniqueness without justification.

According to the rules, I need to find where the gap is.

Specifically: the student says ""IVT guarantees exactly one c"" but IVT does not guarantee uniqueness; it only guarantees existence. So the statement ""exactly one"" is incorrect for IVT alone.

The gap is that he didn't mention that uniqueness requires additional conditions.

Also, the problem says ""what does IVT guarantee?"" and reference says ""at least one zero"", not ""exactly one"".

So in the student's draft, he incorrectly states that IVT guarantees exactly one, whereas it guarantees at least one.

Now, for the output: I need to list all independent fundamental problems.

Here, the main problem is: the student claims that IVT guarantees exactly one zero, but IVT only guarantees at least one zero; uniqueness is not guaranteed by IVT alone.

In terms of the gap: he didn't state that uniqueness requires additional conditions.

The rule says: ""依據缺漏：某一步結論依賴的事實沒有明說——即使該事實顯然成立也算缺漏.""

Here, the conclusion ""exactly one"" depends on the fact that there is only one zero, but IVT doesn't ensure that; it requires additional conditions.

So, the missing fact is that uniqueness requires an additional condition (e.g., strict monotonicity).

Also, the problem says ""題目只寫「遞增／increasing」而未寫「嚴格／strictly」時，一律按**單調不減**理解."" But in this case, the student is claiming uniqueness, which implies strict monotonicity, but IVT doesn't require that.

In the student's draft, he says ""because the endpoint signs are opposite"" — that part is correct for existence, but he adds ""exactly one"" which is wrong.

So, the error is in the ""exactly one"" part.

I think the only fundamental problem is that he claims uniqueness without justification.

Let me see if there are others.

The reference proof says: ""IVT guarantees at least one zero in (0,1); uniqueness requires an additional condition such as strict monotonicity.""

Student says: ""IVT guarantees exactly one c in (0,1) with f(c)=0 because the endpoint signs are opposite.""

So, the ""because"" part is correct for existence, but he says ""exactly one"", which is not supported.

The gap is that he didn't mention that uniqueness is not guaranteed by IVT alone.

Specifically, the step where he concludes ""exactly one"" is incorrect because IVT does not imply uniqueness.

So, in one sentence: ""The claim that IVT guarantees exactly one zero is incorrect because IVT only guarantees existence, not uniqueness; uniqueness requires additional conditions such as strict monotonicity.""

But I need to phrase it as per the rule: ""在哪一步、缺了什麼或錯在哪。""

The step is: ""IVT guarantees exactly one c""

Missing: the fact that uniqueness is not guaranteed by IVT alone; it requires additional conditions.

Also, the problem says ""學生寫「單調不減／非減少／nondecreasing」是精確表述，**不是缺漏**"" but here student didn't mention monotonicity.

In this case, the student didn't say anything about monotonicity, so it's a problem.

Another thing: the problem says ""f(0)<0<f(1)"", which implies the signs are opposite, so that part is fine.

So, the only issue is the ""exactly one"" part.

Now, for the JSON output.

I need to output a list of strings.

The problem says: ""必須列出所有彼此獨立的根本問題""

Here, I think there's one fundamental problem.

But let me see if there are multiple.

For example, does he imply that the function is monotonic? No, he doesn't say that.

The reference says uniqueness requires strict monotonicity, but he didn't state that.

So, the problem is that he assumed uniqueness without justification.

In teaching terms, this is a common mistake.

Also, the rule: ""數學錯誤：斷言不成立"" — here, the assertion ""IVT guarantees exactly one"" is not true, since IVT only guarantees at least one.

So, it's a mathematical error.

Another angle: the problem says ""題目只寫「遞增／increasing」"" but in this case, the student didn't mention increasing, so it's fine.

I think the main problem is clear.

So, I'll write: ""The student incorrectly claims that IVT guarantees exactly one zero, but IVT only guarantees at least one zero; uniqueness requires additional conditions such as strict monotonicity.""

But I need to be precise and concise.

The rule says: ""每項用一句話精確說明""

Also, ""只輸出 JSON 字串陣列""

So, for this, one item: ""IVT guarantees exactly one zero, but IVT only guarantees existence, not uniqueness; uniqueness requires additional conditions.""

To be more specific.

Let me phrase it as: ""The assertion that IVT guarantees exactly one zero is incorrect because IVT does not imply uniqueness; uniqueness requires an additional condition like strict monotonicity.""

But the problem says ""嚴格與非嚴格不等號、特例未排除"" — here, no inequality issue.

Also, ""特例未排除"" — but in this case, it's about the theorem.

I think this is fine.

Another thing: in the student's draft, he says ""in (0,1)"", which is correct for IVT (open interval).

Reference says (0,1), so fine.

So, only one problem.

But the rule says ""不設數量上限"", so if there are multiple, list them.

Here, I think one.

Let me see if there's another.

For example, does he imply that the function is continuous? But the problem states ""a continuous f"", so it's given.

The student says ""IVT guarantees"", implying that f is continuous, which is given.

So, no issue there.

The endpoint signs: he says ""because the endpoint signs are opposite"", which is correct.

So, the only problem is the ""exactly one"" part.

Therefore, the output should be a JSON array with one string.

I need to write it in Chinese? No, the problem says ""只輸出 JSON 字串陣列"", and the examples are in English? Looking back.

The user is in Chinese, but the output should be in English? The problem says: ""每項用一句話精確說明"", and the context is mathematical, so probably English is fine, as the reference and student are in English.

In the problem statement, it's in English.

The user wrote: ""Problem: If a continuous f satisfies f(0)<0<f(1), what does IVT guarantee?""

So, I think output in English.

To be safe, I'll use English.

So, one string: ""The student claims that IVT guarantees exactly one zero, but IVT only guarantees at least one zero; uniqueness requires additional conditions such as strict monotonicity.""

To make it more precise for the gap.

The rule: ""某一步結論依賴的事實沒有明說""

Here, the conclusion ""exactly one"" depends on the fact that there is only one zero, but IVT does not ensure that; it requires additional conditions.

So, the missing fact is that uniqueness is not guaranteed by IVT alone.

So, I can say: ""The step claiming IVT guarantees exactly one zero lacks the justification that uniqueness requires additional conditions like strict monotonicity.""

But the problem says ""缺了什麼"", so ""lacks the justification that uniqueness requires additional conditions""

In the context.

I think it's fine.

Let me write it concisely.

Final answer: [""IVT only guarantees existence of at least one zero, not uniqueness; the student's claim of exactly one is incorrect as uniqueness requires additional conditions such as strict monotonicity.""]

To be more direct.

Since the reference says ""uniqueness requires an additional condition"", I can quote that.

But I think it's okay.

Another point: the problem says ""題目只寫「遞增／increasing」而未寫「嚴格／strictly」"", but in this case, the student didn't mention monotonicity, so it's covered.

I think this is the only issue.

So, output: [""The student incorrectly states that IVT guarantees exactly one zero, but IVT only guarantees at least one zero; uniqueness requires additional conditions such as strict monotonicity.""]

To make it one sentence.

The rule says ""一句話"", so one sentence per item.

Yes.

Now, for the JSON.

It should be a JSON array of strings.

So, [""The student incorrectly states that IVT guarantees exactly one zero, but IVT only guarantees at least one zero; uniqueness requires additional conditions such as strict monotonicity.""]

I can shorten it.

But it should be precise.

To match the teaching standard.

I think this is good.

Is there any other problem?

For example, does he say ""in (0,1)""? Yes, reference says (0,1), so fine.

The problem says ""f(0)<0<f(1)"", which is given.

So, no.

Another thing: in some contexts, IVT might be misstated, but here it's clear.

So, I think one problem.

The problem says ""完全沒有問題就輸出空陣列"", but here there is a problem.

So, output non-empty array.

Now, write it.

I'll go with: ""The claim that IVT guarantees exactly one zero is incorrect because IVT only guarantees existence, not uniqueness; uniqueness requires additional conditions such as strict monotonicity.""

To be more specific to the gap.

The rule example: ""由 $cv=0$ 推 $c=0$ 卻沒說 $v\ne0$"" — so here, the missing is that uniqueness requires conditions.

So, for this, the missing fact is that uniqueness is not guaranteed by IVT alone.

So, I can say: ""The student's conclusion that there is exactly one zero depends on the fact that uniqueness is guaranteed, but IVT does not guarantee uniqueness; it requires additional conditions.""

But a bit wordy.

I think the first version is fine.

Let me make it concise.

Final: [""IVT guarantees at least one zero, not exactly one; the student's claim of uniqueness is incorrect as it requires additional conditions like strict monotonicity.""]

Yes.

To be precise.

In the student's draft, he says ""because the endpoint signs are opposite"", which is correct, so the error is in the ""exactly one"" part.

So, the problem is specifically with that claim.

I think it's clear.

So, output: [""IVT guarantees at least one zero, not exactly one; the student's claim of uniqueness requires additional conditions such as strict monotonicity.""]

To make it a sentence.

""IVT guarantees at least one zero, not exactly one; the student's claim of uniqueness requires additional conditions such as strict monotonicity.""

But ""the student's claim of uniqueness"" might be a bit off; he claims that IVT guarantees exactly one, which implies uniqueness.

Better: ""The student incorrectly claims that IVT guarantees exactly one zero, but IVT only guarantees at least one zero; uniqueness requires additional conditions.""

Yes.

I'll use that.

So, JSON: [""The student incorrectly claims that IVT guarantees exactly one zero, but IVT only guarantees at least one zero; uniqueness requires additional conditions such as strict monotonicity.""]

To save space, but it's fine.

Now, for the array.

In JSON, it should be a string array.

So, the output is: [""The student incorrectly claims that IVT guarantees exactly one zero, but IVT only guarantees at least one zero; uniqueness requires additional conditions such as strict monotonicity.""]

I think that's it.

But let me check if there's a more precise way.

Another thought: the problem says ""遞增／increasing"" but not strict, so if the function is non-decreasing, it might have at most one zero, but IVT doesn't require monotonicity.

For example, a non-decreasing function with f(0)<0<f(1) has exactly one zero if it's strictly increasing, but if it's non-decreasing and constant on an interval, it might have multiple zeros? No, for non-decreasing continuous function, if f(0)<0<f(1), it can have at most one zero? Let's see.

Suppose f is non-decreasing continuous, f(0)<0<f(1). Then since it's non-decreasing, it can cross zero at most once. For example, f(x) = x - 0.5 on [0,1], only one zero. If f has a flat part, but since it's non-decreasing, if it's constant on an interval, but if it's constant on [a,b] with f(a)=f(b)=0, then it has infinitely many zeros, but in this case, f(0)<0<f(1), so if it's non-decreasing, it must increase from negative to positive, so it can have at most one zero? No.

Counterexample: f(x) = 0 for x in [0,0.5], f(x) = 2x - 1 for x in [0.5,1]. But f(0)=0, not less than 0.

To have f(0)<0, let f(x) = -1 for x in [0,0.5], f(x) = 2x - 1 for x in [0.5,1]. Then f(0) = -1 < 0, f(1) = 1 > 0. Now, is it non-decreasing? From 0 to 0.5, f=-1; from 0.5 to 1, f increases from -1 to 1? At x=0.5, f(0.5) = 2*0.5 - 1 = 0. So for x<0.5, f(x) = -1 < 0, at x=0.5, f=0, for x>0.5, f>0. So only one zero at x=0.5.

To have multiple zeros, need a function that dips down and up, but for non-decreasing, it can't dip down.

If f is non-decreasing, then it can have at most one zero in an interval where it changes sign.

For example, if f is non-decreasing continuous, f(0)<0<f(1), then there is exactly one c in (0,1) with f(c)=0. Is that true?

Suppose f is constant on [a,b] with f(a)=f(b)=0, but if it's non-decreasing, and f(0)<0, f(1)>0, then it must cross zero once. For instance, if f is constant on [0.2,0.3] with f=0, but since it's non-decreasing, f(0) < f(0.2) = 0, and f(0.3) = 0 < f(1), so it crosses from negative to zero to positive, but the zero is at the interval, so there are infinitely many zeros? No, if it's constant on [a,b], then for all x in [a,b], f(x)=0, so infinitely many zeros.

But in this case, f(0) < 0, f(1) > 0, and if f is non-decreasing, it must be that f(0) < f(x) for x>0, but if it has a constant interval where f=0, then for x in [a,b], f(x)=0, so if a>0 and b<1, then there are infinitely many zeros.

For example, define f(x) = -1 for x in [0,0.5), f(x) = 0 for x in [0.5,0.6], f(x) = 1 for x in [0.6,1]. But this is not continuous at 0.5 and 0.6.

To make it continuous, let f(x) = -1 for x in [0,0.5], but then not continuous.

Standard example: f(x) = (x-0.5)^2 - 0.25 for x in [0,1], but as before, only one zero.

I think for non-decreasing continuous functions, if f(0)<0<f(1), then there is exactly one point where f(x)=0? No, because if it has a flat part, but for continuous non-decreasing, if it's constant on an interval, it can have multiple points with f(x)=0.

For example, define f(x) = 0 for x in [0.4,0.6], and f(x) = - (0.4 - x) for x in [0,0.4], f(x) = (x - 0.6) for x in [0.6,1]. Then f is continuous, non-decreasing? From [0,0.4]: f(x) = - (0.4 - x) = x - 0.4, which increases from -0.4 at x=0 to 0 at x=0.4. Then from [0.4,0.6]: f(x)=0. Then from [0.6,1]: f(x) = x - 0.6, increases from 0 to 0.4. So f(0) = -0.4 < 0, f(1) = 0.4 > 0. And f(x)=0 for all x in [0.4,0.6], so infinitely many zeros.

Ah, yes! So for a non-decreasing continuous function, it can have infinitely many zeros if it has a constant interval where f=0.

But in this case, f(0) = -0.4 < 0, f(1) = 0.4 > 0, and IVT guarantees at least one zero (in fact, infinitely many).

So, IVT does not guarantee uniqueness; it can have multiple zeros.

Therefore, the student's claim of ""exactly one"" is wrong.

In the problem, the function is continuous, but not necessarily monotonic, so it can have multiple zeros.

So, the error is clear.

In the student's draft, he says ""exactly one"", but it could be more.

So, the problem is as I said.

No other issues.

So, output: [""The student incorrectly claims that IVT guarantees exactly one zero, but IVT only guarantees at least one zero; uniqueness requires additional conditions such as strict monotonicity.""]

To make it fit the teaching standard.

I think this is good.

Now, for the JSON.

I'll write it as a string.

So, the array is: [""The student incorrectly claims that IVT guarantees exactly one zero, but IVT only guarantees at least one zero; uniqueness requires additional conditions such as strict monotonicity.""]

In JSON, it should be a string.

Yes.

I think that's the answer.
[""The student incorrectly claims that IVT guarantees exactly one zero, but IVT only guarantees at least one zero; uniqueness requires additional conditions such as strict monotonicity.""]",513,7432,0.333507792,46.33756707800012,False,stop,1.0,"首先，問題是：如果一個連續函數 f 滿足 f(0) < 0 < f(1)，IVT（中值定理）保證什麼？參考解說：IVT 保證在 (0,1) 中至少有一個零；唯一性需要額外條件，例如嚴格單調性。

學生的草稿：IVT 保證在 (0,1) 中恰好一個 c 滿足 f(c)=0，因為端點的符號相反。

我需要以嚴格的教學標準審閱學生的草稿，找出缺漏或錯誤。

關鍵點：
- 題目說 ""遞增／increasing"" 但沒有指定 ""嚴格""，所以按單調不減理解。但這裡學生說 ""exactly one""，這暗示了唯一性。
- 參考解明確指出，IVT 只保證至少一個零，不保證唯一性；唯一性需要嚴格單調性。
- 學生的草稿說 ""exactly one""，但 IVT 本身不保證唯一性；它只保證存在性（至少一個）。

所以，主要問題是：學生錯誤地聲稱 IVT 保證 ""exactly one"" 零，但 IVT 只保證 ""at least one""。IVT 的定理是：如果 f 連續，且 f(a) < 0 < f(b)，則存在 c 在 (a,b) 使得 f(c)=0。它不保證唯一性。

在學生的草稿中，他說 ""IVT guarantees exactly one c""，但 IVT 本身不提供唯一性；唯一性需要額外條件。

根據規則：
- 數學錯誤：斷言不成立。這裡，IVT 不保證唯一性，所以斷言 ""exactly one"" 是錯誤的。
- 依據缺漏：學生沒有提到唯一性需要額外條件。參考解說明確指出唯一性需要嚴格單調性。

具體步驟：
- 學生說： ""IVT guarantees exactly one c in (0,1) with f(c)=0 because the endpoint signs are opposite.""
- 這裡，""because the endpoint signs are opposite"" 是正確的，因為 f(0)<0<f(1) 意味著端點符號相反，但這只保證存在性，不保證唯一性。

所以，缺漏是：學生沒有說明唯一性需要額外條件（如嚴格單調性）。

另外，題目中說 ""遞增／increasing"" 但沒有指定嚴格，所以函數可能不是嚴格單調的。例如，f 可能有平台（flat）區間，導致多個零點。

例如，考慮 f(x) = x(x-1)(x-2) 在 [0,1] 上，但 f(0)=0, f(1)=0，但題目是 f(0)<0<f(1)，所以需要調整。更好的例子：f(x) = sin(πx) 在 [0,1]，f(0)=0, f(1)=0，但題目要求 f(0)<0<f(1)，所以 f(0) 要負，f(1) 正。例如，f(x) = x - 0.5 在 [0,1]，f(0)=-0.5<0, f(1)=0.5>0，但這只有一個零點。但 IVT 不保證唯一性；例如，f(x) = sin(2πx) 在 [0,1]，f(0)=0, f(1)=0，但我們需要 f(0)<0<f(1)。設 f(x) = sin(πx) - 0.5，但可能複雜。

簡單例子：f(x) = x^2 - 0.25 在 [0,1]。f(0) = -0.25 < 0, f(1) = 0.75 > 0。IVT 保證至少一個零點在 (0,1)。但 f(x) = 0.5 有兩個零點？f(x) = x^2 - 0.25 = 0 => x = ±0.5，所以在 [0,1]，x=0.5 是一個零點。但為了有兩個零點，需要函數在 (0,1) 有兩個點。例如，f(x) = (x-0.25)^2 - 0.0625，但可能不連續？不，連續。

標準例子：f(x) = sin(πx) 在 [0,1]，但 f(0)=0, f(1)=0。要 f(0)<0<f(1)，設 g(x) = sin(πx) - 0.5，但 g(0) = -0.5 < 0, g(1) = -0.5 < 0? 不對。

更好：f(x) = x(1-x) 在 [0,1]，f(0)=0, f(1)=0，但題目要求 f(0)<0<f(1)，所以 f(0) 要負。設 f(x) = x - 0.5，但只有一個零點。

實際上，IVT 可以保證多個零點。例如，f(x) = sin(2πx) 在 [0,1]，f(0)=0, f(1)=0。但我們需要 f(0)<0<f(1)。設 f(x) = sin(2πx) - 0.5，但 f(0) = -0.5 < 0, f(1) = -0.5 < 0，不滿足 f(1)>0。

設 f(x) = sin(πx) for x in [0,2]，但限制在 [0,1]。f(0)=0, f(1)=0。要 f(0)<0，設 f(x) = sin(πx) - 0.1，但 f(0) = -0.1 < 0, f(1) = -0.1 < 0，不對。

簡單例子：f(x) = x^2 - 0.25 在 [0,1]，f(0) = -0.25 < 0, f(1) = 0.75 > 0。零點在 x=0.5。但如果有平台，例如 f(x) = (x-0.5)^2 - 0.25，但 f(0) = 0.25 - 0.25 = 0? 計算：f(0) = (0-0.5)^2 - 0.25 = 0.25 - 0.25 = 0, f(1) = (1-0.5)^2 - 0.25 = 0.25 - 0.25 = 0。不理想。

標準反例：f(x) = 0 for x in [0,0.5], f(x) = 2x - 1 for x in [0.5,1]。但 f(0) = 0, 題目要求 f(0)<0，所以調整。設 f(x) = -1 for x in [0,0.5], f(x) = 2x - 1 for x in [0.5,1]。則 f(0) = -1 < 0, f(1) = 1 > 0。IVT 保證至少一個零點在 (0.5,1)。但 f(x) = 0 只有在 x=0.5 時？f(x) = 2x - 1 = 0 at x=0.5。但 [0,0.5] 是 -1，所以 f(x) < 0 for x in [0,0.5), f(0.5)=0, f(x)>0 for x>0.5。所以只有一個零點。

要兩個零點，需要函數在 (0,1) 有兩個點 f(c)=0。例如，f(x) = sin(2πx) 在 [0,1]，但 f(0)=0, f(1)=0。設 f(x) = sin(2πx) - 0.5，但 f(0) = -0.5 < 0, f(1) = -0.5 < 0，不滿足 f(1)>0。

設 f(x) = sin(πx) for x in [0,1]，f(0)=0, f(1)=0。但題目要求 f(0)<0<f(1)，所以我們可以取 f(x) = sin(πx) - 0.1，但 f(0) = -0.1 < 0, f(1) = -0.1 < 0，不對。

更好的：考慮 f(x) = x(x-1) 在 [0,1]，但 f(0)=0, f(1)=0。要 f(0)<0，設 g(x) = x(x-1) - 0.1，則 g(0) = -0.1 < 0, g(1) = -0.1 < 0，不對。

我找到一個：f(x) = sin(2πx) 在 [0,1]，f(0)=0, f(1)=0。但我們可以取區間 [0,1.5] 但題目是 (0,1)。

簡單反例：假設 f 連續，f(0) = -1, f(1) = 1，但 f 有平台。例如，f(x) = -1 for x in [0,0.5], f(x) = 2x - 1 for x in [0.5,1]。但如前，只有一個零點。

要兩個零點，需要 f 有兩個點。例如，f(x) = (x-0.25)(x-0.75) 在 [0,1]。f(0) = (0-0.25)(0-0.75) = (0.25)(0.75) = 0.1875 > 0，但題目要求 f(0)<0。所以設 f(x) = - (x-0.25)(x-0.75)。則 f(0) = - (0.25)(0.75) = -0.1875 < 0, f(1) = - (0.75)(0.25) = -0.1875 < 0，不對。

f(x) = (x-0.25)(x-0.75) - 0.1，但可能複雜。

實際上，IVT 保證至少一個零點，但不保證唯一性。例如，f(x) = sin(πx) 在 [0,2]，但限制在 [0,1]。f(0)=0, f(1)=0。但題目要求 f(0)<0<f(1)，所以我們可以取 f(x) = sin(πx) for x in [0,1]，但 f(0)=0, f(1)=0。為了有 f(0)<0，設 f(x) = sin(πx) - 0.5，但 f(0) = -0.5 < 0, f(1) = -0.5 < 0，不滿足 f(1)>0。

設 f(x) = sin(2πx) - 0.5。f(0) = -0.5 < 0, f(0.5) = sin(π) - 0.5 = -0.5, f(1) = sin(2π) - 0.5 = -0.5。不對。

我 recall 一個標準反例：f(x) = x^2 - 0.25 for x in [0,1], but as before, only one zero.

Another example: f(x) = 0 for x in [0,0.5], f(x) = 2x - 1 for x in [0.5,1]. But f(0)=0, not less than 0.

To have f(0)<0, let f(x) = -1 for x in [0,0.5], f(x) = 2x - 1 for x in [0.5,1]. Then f(0) = -1 < 0, f(1) = 1 > 0. Zero at x=0.5. Only one zero.

To have two zeros, consider f(x) = sin(2πx) on [0,1], but f(0)=0, f(1)=0. If we shift, but it's messy.

I think for the purpose of this problem, it's well-known that IVT does not guarantee uniqueness; for example, f(x) = x^2 - 0.25 has only one zero in [0,1], but if we take f(x) = (x-0.25)^2 - 0.0625, then f(0) = 0.0625 - 0.0625 = 0, not less than 0.

Let's define f(x) = x(x-1) for x in [0,1], f(0)=0, f(1)=0. But we need f(0)<0, so let g(x) = -x(x-1) = x - x^2. Then g(0) = 0, not less than 0.

Set h(x) = x - x^2 - 0.1. Then h(0) = -0.1 < 0, h(1) = 1 - 1 - 0.1 = -0.1 < 0, not good.

h(x) = x - x^2 for x in [0,1], h(0)=0, h(1)=0. To have h(0)<0, we can take k(x) = x - x^2 - 0.01. Then k(0) = -0.01 < 0, k(1) = 1 - 1 - 0.01 = -0.01 < 0, still not.

I found a simple one: let f(x) = sin(πx) for x in [0,1]. f(0) = 0, f(1) = 0. But if we consider the interval (0,1), and we want f(0)<0<f(1), we can't directly.

Perhaps for this problem, it's sufficient to know that IVT does not imply uniqueness without additional conditions.

In the student's draft, he says ""exactly one"", but IVT only guarantees existence, not uniqueness.

So the error is that he claims uniqueness without justification.

According to the rules, I need to find where the gap is.

Specifically: the student says ""IVT guarantees exactly one c"" but IVT does not guarantee uniqueness; it only guarantees existence. So the statement ""exactly one"" is incorrect for IVT alone.

The gap is that he didn't mention that uniqueness requires additional conditions.

Also, the problem says ""what does IVT guarantee?"" and reference says ""at least one zero"", not ""exactly one"".

So in the student's draft, he incorrectly states that IVT guarantees exactly one, whereas it guarantees at least one.

Now, for the output: I need to list all independent fundamental problems.

Here, the main problem is: the student claims that IVT guarantees exactly one zero, but IVT only guarantees at least one zero; uniqueness is not guaranteed by IVT alone.

In terms of the gap: he didn't state that uniqueness requires additional conditions.

The rule says: ""依據缺漏：某一步結論依賴的事實沒有明說——即使該事實顯然成立也算缺漏.""

Here, the conclusion ""exactly one"" depends on the fact that there is only one zero, but IVT doesn't ensure that; it requires additional conditions.

So, the missing fact is that uniqueness requires an additional condition (e.g., strict monotonicity).

Also, the problem says ""題目只寫「遞增／increasing」而未寫「嚴格／strictly」時，一律按**單調不減**理解."" But in this case, the student is claiming uniqueness, which implies strict monotonicity, but IVT doesn't require that.

In the student's draft, he says ""because the endpoint signs are opposite"" — that part is correct for existence, but he adds ""exactly one"" which is wrong.

So, the error is in the ""exactly one"" part.

I think the only fundamental problem is that he claims uniqueness without justification.

Let me see if there are others.

The reference proof says: ""IVT guarantees at least one zero in (0,1); uniqueness requires an additional condition such as strict monotonicity.""

Student says: ""IVT guarantees exactly one c in (0,1) with f(c)=0 because the endpoint signs are opposite.""

So, the ""because"" part is correct for existence, but he says ""exactly one"", which is not supported.

The gap is that he didn't mention that uniqueness is not guaranteed by IVT alone.

Specifically, the step where he concludes ""exactly one"" is incorrect because IVT does not imply uniqueness.

So, in one sentence: ""The claim that IVT guarantees exactly one zero is incorrect because IVT only guarantees existence, not uniqueness; uniqueness requires additional conditions such as strict monotonicity.""

But I need to phrase it as per the rule: ""在哪一步、缺了什麼或錯在哪。""

The step is: ""IVT guarantees exactly one c""

Missing: the fact that uniqueness is not guaranteed by IVT alone; it requires additional conditions.

Also, the problem says ""學生寫「單調不減／非減少／nondecreasing」是精確表述，**不是缺漏**"" but here student didn't mention monotonicity.

In this case, the student didn't say anything about monotonicity, so it's a problem.

Another thing: the problem says ""f(0)<0<f(1)"", which implies the signs are opposite, so that part is fine.

So, the only issue is the ""exactly one"" part.

Now, for the JSON output.

I need to output a list of strings.

The problem says: ""必須列出所有彼此獨立的根本問題""

Here, I think there's one fundamental problem.

But let me see if there are multiple.

For example, does he imply that the function is monotonic? No, he doesn't say that.

The reference says uniqueness requires strict monotonicity, but he didn't state that.

So, the problem is that he assumed uniqueness without justification.

In teaching terms, this is a common mistake.

Also, the rule: ""數學錯誤：斷言不成立"" — here, the assertion ""IVT guarantees exactly one"" is not true, since IVT only guarantees at least one.

So, it's a mathematical error.

Another angle: the problem says ""題目只寫「遞增／increasing」"" but in this case, the student didn't mention increasing, so it's fine.

I think the main problem is clear.

So, I'll write: ""The student incorrectly claims that IVT guarantees exactly one zero, but IVT only guarantees at least one zero; uniqueness requires additional conditions such as strict monotonicity.""

But I need to be precise and concise.

The rule says: ""每項用一句話精確說明""

Also, ""只輸出 JSON 字串陣列""

So, for this, one item: ""IVT guarantees exactly one zero, but IVT only guarantees existence, not uniqueness; uniqueness requires additional conditions.""

To be more specific.

Let me phrase it as: ""The assertion that IVT guarantees exactly one zero is incorrect because IVT does not imply uniqueness; uniqueness requires an additional condition like strict monotonicity.""

But the problem says ""嚴格與非嚴格不等號、特例未排除"" — here, no inequality issue.

Also, ""特例未排除"" — but in this case, it's about the theorem.

I think this is fine.

Another thing: in the student's draft, he says ""in (0,1)"", which is correct for IVT (open interval).

Reference says (0,1), so fine.

So, only one problem.

But the rule says ""不設數量上限"", so if there are multiple, list them.

Here, I think one.

Let me see if there's another.

For example, does he imply that the function is continuous? But the problem states ""a continuous f"", so it's given.

The student says ""IVT guarantees"", implying that f is continuous, which is given.

So, no issue there.

The endpoint signs: he says ""because the endpoint signs are opposite"", which is correct.

So, the only problem is the ""exactly one"" part.

Therefore, the output should be a JSON array with one string.

I need to write it in Chinese? No, the problem says ""只輸出 JSON 字串陣列"", and the examples are in English? Looking back.

The user is in Chinese, but the output should be in English? The problem says: ""每項用一句話精確說明"", and the context is mathematical, so probably English is fine, as the reference and student are in English.

In the problem statement, it's in English.

The user wrote: ""Problem: If a continuous f satisfies f(0)<0<f(1), what does IVT guarantee?""

So, I think output in English.

To be safe, I'll use English.

So, one string: ""The student claims that IVT guarantees exactly one zero, but IVT only guarantees at least one zero; uniqueness requires additional conditions such as strict monotonicity.""

To make it more precise for the gap.

The rule: ""某一步結論依賴的事實沒有明說""

Here, the conclusion ""exactly one"" depends on the fact that there is only one zero, but IVT does not ensure that; it requires additional conditions.

So, the missing fact is that uniqueness is not guaranteed by IVT alone.

So, I can say: ""The step claiming IVT guarantees exactly one zero lacks the justification that uniqueness requires additional conditions like strict monotonicity.""

But the problem says ""缺了什麼"", so ""lacks the justification that uniqueness requires additional conditions""

In the context.

I think it's fine.

Let me write it concisely.

Final answer: [""IVT only guarantees existence of at least one zero, not uniqueness; the student's claim of exactly one is incorrect as uniqueness requires additional conditions such as strict monotonicity.""]

To be more direct.

Since the reference says ""uniqueness requires an additional condition"", I can quote that.

But I think it's okay.

Another point: the problem says ""題目只寫「遞增／increasing」而未寫「嚴格／strictly」"", but in this case, the student didn't mention monotonicity, so it's covered.

I think this is the only issue.

So, output: [""The student incorrectly states that IVT guarantees exactly one zero, but IVT only guarantees at least one zero; uniqueness requires additional conditions such as strict monotonicity.""]

To make it one sentence.

The rule says ""一句話"", so one sentence per item.

Yes.

Now, for the JSON.

It should be a JSON array of strings.

So, [""The student incorrectly states that IVT guarantees exactly one zero, but IVT only guarantees at least one zero; uniqueness requires additional conditions such as strict monotonicity.""]

I can shorten it.

But it should be precise.

To match the teaching standard.

I think this is good.

Is there any other problem?

For example, does he say ""in (0,1)""? Yes, reference says (0,1), so fine.

The problem says ""f(0)<0<f(1)"", which is given.

So, no.

Another thing: in some contexts, IVT might be misstated, but here it's clear.

So, I think one problem.

The problem says ""完全沒有問題就輸出空陣列"", but here there is a problem.

So, output non-empty array.

Now, write it.

I'll go with: ""The claim that IVT guarantees exactly one zero is incorrect because IVT only guarantees existence, not uniqueness; uniqueness requires additional conditions such as strict monotonicity.""

To be more specific to the gap.

The rule example: ""由 $cv=0$ 推 $c=0$ 卻沒說 $v\ne0$"" — so here, the missing is that uniqueness requires conditions.

So, for this, the missing fact is that uniqueness is not guaranteed by IVT alone.

So, I can say: ""The student's conclusion that there is exactly one zero depends on the fact that uniqueness is guaranteed, but IVT does not guarantee uniqueness; it requires additional conditions.""

But a bit wordy.

I think the first version is fine.

Let me make it concise.

Final: [""IVT guarantees at least one zero, not exactly one; the student's claim of uniqueness is incorrect as it requires additional conditions like strict monotonicity.""]

Yes.

To be precise.

In the student's draft, he says ""because the endpoint signs are opposite"", which is correct, so the error is in the ""exactly one"" part.

So, the problem is specifically with that claim.

I think it's clear.

So, output: [""IVT guarantees at least one zero, not exactly one; the student's claim of uniqueness requires additional conditions such as strict monotonicity.""]

To make it a sentence.

""IVT guarantees at least one zero, not exactly one; the student's claim of uniqueness requires additional conditions such as strict monotonicity.""

But ""the student's claim of uniqueness"" might be a bit off; he claims that IVT guarantees exactly one, which implies uniqueness.

Better: ""The student incorrectly claims that IVT guarantees exactly one zero, but IVT only guarantees at least one zero; uniqueness requires additional conditions.""

Yes.

I'll use that.

So, JSON: [""The student incorrectly claims that IVT guarantees exactly one zero, but IVT only guarantees at least one zero; uniqueness requires additional conditions such as strict monotonicity.""]

To save space, but it's fine.

Now, for the array.

In JSON, it should be a string array.

So, the output is: [""The student incorrectly claims that IVT guarantees exactly one zero, but IVT only guarantees at least one zero; uniqueness requires additional conditions such as strict monotonicity.""]

I think that's it.

But let me check if there's a more precise way.

Another thought: the problem says ""遞增／increasing"" but not strict, so if the function is non-decreasing, it might have at most one zero, but IVT doesn't require monotonicity.

For example, a non-decreasing function with f(0)<0<f(1) has exactly one zero if it's strictly increasing, but if it's non-decreasing and constant on an interval, it might have multiple zeros? No, for non-decreasing continuous function, if f(0)<0<f(1), it can have at most one zero? Let's see.

Suppose f is non-decreasing continuous, f(0)<0<f(1). Then since it's non-decreasing, it can cross zero at most once. For example, f(x) = x - 0.5 on [0,1], only one zero. If f has a flat part, but since it's non-decreasing, if it's constant on an interval, but if it's constant on [a,b] with f(a)=f(b)=0, then it has infinitely many zeros, but in this case, f(0)<0<f(1), so if it's non-decreasing, it must increase from negative to positive, so it can have at most one zero? No.

Counterexample: f(x) = 0 for x in [0,0.5], f(x) = 2x - 1 for x in [0.5,1]. But f(0)=0, not less than 0.

To have f(0)<0, let f(x) = -1 for x in [0,0.5], f(x) = 2x - 1 for x in [0.5,1]. Then f(0) = -1 < 0, f(1) = 1 > 0. Now, is it non-decreasing? From 0 to 0.5, f=-1; from 0.5 to 1, f increases from -1 to 1? At x=0.5, f(0.5) = 2*0.5 - 1 = 0. So for x<0.5, f(x) = -1 < 0, at x=0.5, f=0, for x>0.5, f>0. So only one zero at x=0.5.

To have multiple zeros, need a function that dips down and up, but for non-decreasing, it can't dip down.

If f is non-decreasing, then it can have at most one zero in an interval where it changes sign.

For example, if f is non-decreasing continuous, f(0)<0<f(1), then there is exactly one c in (0,1) with f(c)=0. Is that true?

Suppose f is constant on [a,b] with f(a)=f(b)=0, but if it's non-decreasing, and f(0)<0, f(1)>0, then it must cross zero once. For instance, if f is constant on [0.2,0.3] with f=0, but since it's non-decreasing, f(0) < f(0.2) = 0, and f(0.3) = 0 < f(1), so it crosses from negative to zero to positive, but the zero is at the interval, so there are infinitely many zeros? No, if it's constant on [a,b], then for all x in [a,b], f(x)=0, so infinitely many zeros.

But in this case, f(0) < 0, f(1) > 0, and if f is non-decreasing, it must be that f(0) < f(x) for x>0, but if it has a constant interval where f=0, then for x in [a,b], f(x)=0, so if a>0 and b<1, then there are infinitely many zeros.

For example, define f(x) = -1 for x in [0,0.5), f(x) = 0 for x in [0.5,0.6], f(x) = 1 for x in [0.6,1]. But this is not continuous at 0.5 and 0.6.

To make it continuous, let f(x) = -1 for x in [0,0.5], but then not continuous.

Standard example: f(x) = (x-0.5)^2 - 0.25 for x in [0,1], but as before, only one zero.

I think for non-decreasing continuous functions, if f(0)<0<f(1), then there is exactly one point where f(x)=0? No, because if it has a flat part, but for continuous non-decreasing, if it's constant on an interval, it can have multiple points with f(x)=0.

For example, define f(x) = 0 for x in [0.4,0.6], and f(x) = - (0.4 - x) for x in [0,0.4], f(x) = (x - 0.6) for x in [0.6,1]. Then f is continuous, non-decreasing? From [0,0.4]: f(x) = - (0.4 - x) = x - 0.4, which increases from -0.4 at x=0 to 0 at x=0.4. Then from [0.4,0.6]: f(x)=0. Then from [0.6,1]: f(x) = x - 0.6, increases from 0 to 0.4. So f(0) = -0.4 < 0, f(1) = 0.4 > 0. And f(x)=0 for all x in [0.4,0.6], so infinitely many zeros.

Ah, yes! So for a non-decreasing continuous function, it can have infinitely many zeros if it has a constant interval where f=0.

But in this case, f(0) = -0.4 < 0, f(1) = 0.4 > 0, and IVT guarantees at least one zero (in fact, infinitely many).

So, IVT does not guarantee uniqueness; it can have multiple zeros.

Therefore, the student's claim of ""exactly one"" is wrong.

In the problem, the function is continuous, but not necessarily monotonic, so it can have multiple zeros.

So, the error is clear.

In the student's draft, he says ""exactly one"", but it could be more.

So, the problem is as I said.

No other issues.

So, output: [""The student incorrectly claims that IVT guarantees exactly one zero, but IVT only guarantees at least one zero; uniqueness requires additional conditions such as strict monotonicity.""]

To make it fit the teaching standard.

I think this is good.

Now, for the JSON.

I'll write it as a string.

So, the array is: [""The student incorrectly claims that IVT guarantees exactly one zero, but IVT only guarantees at least one zero; uniqueness requires additional conditions such as strict monotonicity.""]

In JSON, it should be a string.

Yes.

I think that's the answer.",,,,True,False,True,True,single_analyst_semantic_adjudication,Root issue is present and the required structured output parses.
